donor	dx_GSE211785_sc	dx_GSE211785_visium	dx_zenodo	diagnosis_concordant	age	sex	scRNA	snRNA	n_rna_cells	snATAC	visium	visium_HE_image	cosmx	xenium	gfr_band_zenodo	n_sources
HK1584	DKD			True	59.0	Female	1	0	3377	0	0	0	0	0		1
HK1585	Control			True	69.0	Female	1	0	2420	0	0	0	0	0		1
HK1588	Control			True	57.0	Female	1	0	4059	0	0	0	0	0		1
HK1593	HKD			True	56.0	Female	1	0	2074	0	0	0	0	0		1
HK1594	HKD			True	60.0	Male	1	0	2789	0	0	0	0	0		1
HK1597	HKD			True	88.0	Male	1	0	4666	0	0	0	0	0		1
HK1632	DKD			True	56.0	Female	1	0	5732	0	0	0	0	0		1
HK1634	DKD			True	67.0	Male	1	0	6216	0	0	0	0	0		1
HK1635	DKD			True	70.0	Male	1	0	4551	0	0	0	0	0		1
HK1650	HKD			True	77.0	Female	1	0	15972	0	0	0	0	0		1
HK1664	Control			True	53.0	Female	1	0	6835	0	0	0	0	0		1
HK1770	HKD			True	82.0	Male	1	0	12067	0	0	0	0	0		1
HK1997	Control			True	71.0	Male	1	0	10522	0	0	0	0	0		1
HK2431	Control			True	52.0	Male	0	0	0	1	0	0	0	0		1
HK2433	HKD			True	70.0	Male	0	0	0	1	0	0	0	0		1
HK2450	Control			True	85.0	Female	0	0	0	1	0	0	0	0		1
HK2451	Control			True	85.0	Female	0	0	0	1	0	0	0	0		1
HK2478	DKD			True	61.0	Male	0	0	0	1	0	0	0	0		1
HK2479	Control			True	74.0	Male	0	0	0	1	0	0	0	0		1
HK2480	Control			True	65.0	Female	0	0	0	1	0	0	0	0		1
HK2481	HKD			True	70.0	Male	0	0	0	1	0	0	0	0		1
HK2529		DKD		True			0	0	0	0	1	1	0	0		1
HK2558	HKD			True	77.0	Male	0	1	10699	0	0	0	0	0		1
HK2596	DKD			True	60.0	Male	0	1	8844	1	0	0	0	0		1
HK2662	Control			True	72.0	Female	1	0	1234	0	0	0	0	0		1
HK2663	Control			True	63.0	Female	0	1	6787	0	0	0	0	0		1
HK2671		Control		True			0	0	0	0	1	0	0	0		1
HK2695			DKD	True	79.0	Female	0	0	0	0	0	0	1	1	30-60	1
HK2711	HKD			True	69.0	Male	0	1	17266	0	0	0	0	0		1
HK2713	Control			True	33.0	Female	1	0	1704	0	0	0	0	0		1
HK2739	HKD			True	58.0	Male	0	1	13631	0	0	0	0	0		1
HK2753			Control	True	46.0	Male	0	0	0	0	0	0	1	1	>60	1
HK2770	HKD	HKD		True	68.0	Male	1	1	7868	0	1	1	0	0		2
HK2774	HKD			True	84.0	Male	1	1	19127	0	0	0	0	0		1
HK2833	Control			True	72.0	Male	1	1	7780	0	0	0	0	0		1
HK2841			DKD	True	61.0	Male	0	0	0	0	0	0	1	0		1
HK2844	DKD	DKD	DKD	True	62.0	Female	0	1	8195	1	1	1	1	0	<30	3
HK2852		Control		True			0	0	0	0	1	1	0	0		1
HK2862	DKD			True	48.0	Male	0	1	9419	1	0	0	0	0		1
HK2867	Control			True	44.0	Male	1	1	11072	1	0	0	0	0		1
HK2868	HKD			True	60.0	Male	0	1	7778	0	0	0	0	0		1
HK2871		HKD		True			0	0	0	0	1	1	0	0		1
HK2873		DKD	DKD	True	71.0	Female	0	0	0	0	1	1	1	0	30-60	2
HK2874		Control	CKD	False	45.0	Male	0	0	0	0	1	1	1	0	>60	2
HK2877		DKD		True			0	0	0	0	1	1	0	0		1
HK2891	HKD			True	74.0	Female	1	1	15600	0	0	0	0	0		1
HK2893	Control			True	37.0	Male	1	1	13521	1	0	0	0	0		1
HK2895	Control			True	66.0	Female	1	1	15250	0	0	0	0	0		1
HK2896	Control			True	60.0	Male	1	0	4094	0	0	0	0	0		1
HK2898	Control			True	65.0	Male	0	1	10395	0	0	0	0	0		1
HK2899	Control			True	39.0	Male	1	1	2997	0	0	0	0	0		1
HK2923	Control			True	64.0	Male	1	0	5102	0	0	0	0	0		1
HK2924	Control		Control	True	67.0	Male	1	0	2955	0	0	0	1	0	>60	2
HK2976	HKD			True	49.0	Male	0	1	12	0	0	0	0	0		1
HK2989			DM/HTN	True	65.0	Male	0	0	0	0	0	0	1	0	>60	1
HK2990			Control	True	52.0	Male	0	0	0	0	0	0	1	0	>60	1
HK3035		DKD	DKD	True	62.0	Male	0	0	0	0	1	1	1	0	30-60	2
HK3039			Control	True	24.0	Male	0	0	0	0	0	0	1	0	>60	1
HK3063			DM	True	53.0	Male	0	0	0	0	0	0	1	0	>60	1
HK3066			DKD	True	75.0	Male	0	0	0	0	0	0	1	0	30-60	1
HK3068			DM/HTN	True	56.0	Male	0	0	0	0	0	0	1	0	>60	1
HK3069			DKD	True	85.0	Male	0	0	0	0	0	0	1	0	30-60	1
HK3070			DKD	True	70.0	Male	0	0	0	0	0	0	1	0	30-60	1
HK3106			Control	True	41.0	Male	0	0	0	0	0	0	1	1	>60	1
HK3421			DKD	True	61.0	Male	0	0	0	0	0	0	1	0	30-60	1
HK3432		CKD		True			0	0	0	0	1	1	0	0		1
HK3437		DKD		True			0	0	0	0	1	1	0	0		1
HK3444		CKD		True			0	0	0	0	1	1	0	0		1
HK3469			Control	True	70.0	Female	0	0	0	0	0	0	1	0	>60	1
HK3474			DKD	True	70.0	Male	0	0	0	0	0	0	1	0	30-60	1
HK3513		CKD		True			0	0	0	0	1	1	0	0		1
HK3531			DM	True	62.0	Male	0	0	0	0	0	0	1	0	>60	1
HK3535			DKD	True	80.0	Male	0	0	0	0	0	0	1	0	30-60	1
HK3542			DM	True	52.0	Male	0	0	0	0	0	0	1	0	>60	1
HK3565			Control	True	8.0	Female	0	0	0	0	0	0	1	0		1
HK3588			Control	True	41.0	Male	0	0	0	0	0	0	1	0	>60	1
HK3591			Control	True	70.0	Male	0	0	0	0	0	0	1	0	>60	1
HK3594			DKD	True	56.0	Male	0	0	0	0	0	0	1	0	30-60	1
HK3606			DKD	True	77.0	Male	0	0	0	0	0	0	1	0	30-60	1
HK3612			DM	True	44.0	Male	0	0	0	0	0	0	1	0	>60	1
HK3614			DM/HTN	True	68.0	Female	0	0	0	0	0	0	1	0	>60	1
HK3616			DM/HTN	True	53.0	Female	0	0	0	0	0	0	1	0	>60	1
HK3623			HTN	True	63.0	Male	0	0	0	0	0	0	1	0	>60	1
HK3624			Control	True	50.0	Male	0	0	0	0	0	0	1	0	>60	1
HK3626			Control	True	46.0	Male	0	0	0	0	0	0	1	1	>60	1
HK3631			DKD	True	67.0	Male	0	0	0	0	0	0	1	0	30-60	1
HK3647			DM	True	76.0	Male	0	0	0	0	0	0	1	0	>60	1
