Sample ID	diagnosis	Disease	Age	Sex	Race	DM	HTN	GFR	Treatment: RAAS	Treatment: MRA	Treatment: SGLT2i	platform	donor	source
1001_Xenium	DKD	Yes	76	Male	Hispanic	yes	yes	30-60	1.0	0.0	0.0	Xenium	1001	Zenodo19868428
1003_Xenium	IgA	Yes	64	Male	White	yes	yes	<30	0.0	0.0	0.0	Xenium	1003	Zenodo19868428
1004_Xenium	AA amyloid	Yes	65	Female	White	yes	yes	<30	0.0	0.0	0.0	Xenium	1004	Zenodo19868428
1005_Xenium	MN	Yes	74	Male	Black	yes	yes	<30	1.0	1.0	0.0	Xenium	1005	Zenodo19868428
1006_Xenium	DKD	Yes	72	Male	White	yes	yes	<30	1.0	0.0	0.0	Xenium	1006	Zenodo19868428
1007_Xenium	C3GN	Yes	48	Male	White	yes	yes	30-60	1.0	0.0	0.0	Xenium	1007	Zenodo19868428
1008_Xenium	DKD	Yes	50	Male	White	yes	yes	<30	1.0	0.0	0.0	Xenium	1008	Zenodo19868428
1009_Xenium	AA amyloid	Yes	72	Female	White	yes	yes	<30	0.0	0.0	0.0	Xenium	1009	Zenodo19868428
1010_Xenium	DKD	Yes	67	Male	White	yes	yes	30-60	1.0	0.0	0.0	Xenium	1010	Zenodo19868428
1011_Xenium	DKD	Yes	48	Male	Black	yes	yes	<30	0.0	0.0	0.0	Xenium	1011	Zenodo19868428
1012_Xenium	DKD	Yes	68	Female	Black	yes	yes	<30	1.0	0.0	0.0	Xenium	1012	Zenodo19868428
1013_Xenium	DKD	Yes	47	Female	Black	yes	yes	<30	1.0	0.0	0.0	Xenium	1013	Zenodo19868428
1061_CosMx	FSGS	Yes	50	Male	White	yes	yes	>60	1.0	0.0	0.0	CosMx	1061	Zenodo19868428
1062_CosMx	DKD	Yes	40	Male	White	yes	yes	<30	0.0	0.0	0.0	CosMx	1062	Zenodo19868428
1063_CosMx	DKD	Yes	33	Female	Black	yes	yes	>60	0.0	0.0	0.0	CosMx	1063	Zenodo19868428
1064_CosMx	DKD	Yes	30	Female	Black	yes	yes	30-60	1.0	0.0	1.0	CosMx	1064	Zenodo19868428
1068_CosMx	TMA	Yes	62	Female	Black	yes	yes	<30	1.0	0.0	0.0	CosMx	1068	Zenodo19868428
1070_CosMx	DKD	Yes	48	Female	Black	yes	yes	<30	0.0	0.0	0.0	CosMx	1070	Zenodo19868428
1071_CosMx	DKD	Yes	39	Male	Black	yes	yes	<30	0.0	0.0	0.0	CosMx	1071	Zenodo19868428
1072_CosMx	DKD+FSGS	Yes	86	Male	White	yes	yes	<30	0.0	0.0	0.0	CosMx	1072	Zenodo19868428
HK2695_Xenium	DKD	Yes	79	Female	White	yes	yes	30-60				Xenium	HK2695	Zenodo19868428
HK2695_CosMx	DKD	Yes	79	Female	White	yes	yes	30-60				CosMx	HK2695	Zenodo19868428
HK2753_Xenium	Control	NO	46	Male	White	no	no	>60				Xenium	HK2753	Zenodo19868428
HK2753_CosMx	Control	NO	46	Male	White	no	no	>60				CosMx	HK2753	Zenodo19868428
HK2841_CosMx	DKD	YES	61	Male	White	yes	yes					CosMx	HK2841	Zenodo19868428
HK2844_CosMx	DKD	YES	62	Female	Black	yes	yes	<30				CosMx	HK2844	Zenodo19868428
HK2844_2_CosMx	DKD	YES	62	Female	Black	yes	yes	<30				CosMx	HK2844	Zenodo19868428
HK2873_CosMx	DKD	YES	71	Female	White	yes	yes	30-60				CosMx	HK2873	Zenodo19868428
HK2874_CosMx	CKD	Yes	45	Male	White	no	yes	>60				CosMx	HK2874	Zenodo19868428
HK2924_CosMx	Control	No	67	Male	Black			>60				CosMx	HK2924	Zenodo19868428
HK2989_CosMx	DM/HTN	Yes	65	Male	Black	yes	yes	>60				CosMx	HK2989	Zenodo19868428
HK2990_CosMx	Control	No	52	Male	White	no	no	>60				CosMx	HK2990	Zenodo19868428
HK3035_CosMx	DKD	YES	62	Male	White	yes	no	30-60				CosMx	HK3035	Zenodo19868428
HK3035_2_CosMx	DKD	YES	62	Male	White	yes	no	30-60				CosMx	HK3035	Zenodo19868428
HK3039_CosMx	Control	NO	24	Male	White	no	no	>60				CosMx	HK3039	Zenodo19868428
HK3063_CosMx	DM	Yes	53	Male	White	yes	yes	>60				CosMx	HK3063	Zenodo19868428
HK3066_CosMx	DKD	Yes	75	Male	White	yes	yes	30-60				CosMx	HK3066	Zenodo19868428
HK3068_CosMx	DM/HTN	Yes	56	Male	White	yes	yes	>60				CosMx	HK3068	Zenodo19868428
HK3069_CosMx	DKD	Yes	85	Male	White	yes	yes	30-60				CosMx	HK3069	Zenodo19868428
HK3070_CosMx	DKD	Yes	70	Male	White	yes	yes	30-60				CosMx	HK3070	Zenodo19868428
HK3106_Xenium	Control	NO	41	Male	White	no	no	>60				Xenium	HK3106	Zenodo19868428
HK3106_CosMx	Control	NO	41	Male	White	no	no	>60				CosMx	HK3106	Zenodo19868428
HK3421_CosMx	DKD	Yes	61	Male	White	yes	yes	30-60				CosMx	HK3421	Zenodo19868428
HK3469_CosMx	Control	No	70	Female	White	no	no	>60				CosMx	HK3469	Zenodo19868428
HK3474_CosMx	DKD	Yes	70	Male	White	yes	yes	30-60				CosMx	HK3474	Zenodo19868428
HK3531_CosMx	DM	Yes	62	Male	White	yes	yes	>60				CosMx	HK3531	Zenodo19868428
HK3531_2_CosMx	DM	Yes	62	Male	White	yes	yes	>60				CosMx	HK3531	Zenodo19868428
HK3535_CosMx	DKD	Yes	80	Male	White	yes	yes	30-60				CosMx	HK3535	Zenodo19868428
HK3542_CosMx	DM	Yes	52	Male	White	yes	yes	>60				CosMx	HK3542	Zenodo19868428
HK3565_CosMx	Control	No	8	Female	Black	no	no					CosMx	HK3565	Zenodo19868428
HK3588_CosMx	Control	No	41	Male	White	no	no	>60				CosMx	HK3588	Zenodo19868428
HK3591_CosMx	Control	No	70	Male	White	no	no	>60				CosMx	HK3591	Zenodo19868428
HK3594_CosMx	DKD	Yes	56	Male	White	yes	yes	30-60				CosMx	HK3594	Zenodo19868428
HK3606_CosMx	DKD	Yes	77	Male	White	yes	yes	30-60				CosMx	HK3606	Zenodo19868428
HK3612_CosMx	DM	Yes	44	Male	White	yes	no	>60				CosMx	HK3612	Zenodo19868428
HK3614_CosMx	DM/HTN	Yes	68	Female	White	yes	yes	>60				CosMx	HK3614	Zenodo19868428
HK3616_CosMx	DM/HTN	Yes	53	Female	White	yes	yes	>60				CosMx	HK3616	Zenodo19868428
HK3623_CosMx	HTN	Yes	63	Male	White	no	yes	>60				CosMx	HK3623	Zenodo19868428
HK3624_CosMx	Control	No	50	Male	White			>60				CosMx	HK3624	Zenodo19868428
HK3626_Xenium	Control	No	46	Male	White	no	no	>60				Xenium	HK3626	Zenodo19868428
HK3626_CosMx	Control	No	46	Male	White	no	no	>60				CosMx	HK3626	Zenodo19868428
HK3631_CosMx	DKD	Yes	67	Male	White	yes	yes	30-60				CosMx	HK3631	Zenodo19868428
HK3647_CosMx	DM	Yes	76	Male	White	yes	yes	>60				CosMx	HK3647	Zenodo19868428
Pediatric1_CosMx	Control	No	3			no	no					CosMx	Pediatric1	Zenodo19868428
