sample	title	platform	diagnosis	source
GSM2811029	H7-Tub-DN1101	GPL22945	Diabetic nephropathy	GSE104954
GSM2811030	H7-Tub-DN1108	GPL22945	Diabetic nephropathy	GSE104954
GSM2811031	H7-Tub-DN1110	GPL22945	Diabetic nephropathy	GSE104954
GSM2811032	H7-Tub-DN1114	GPL22945	Diabetic nephropathy	GSE104954
GSM2811033	H7-Tub-DN1132	GPL22945	Diabetic nephropathy	GSE104954
GSM2811034	H7-Tub-DN1133	GPL22945	Diabetic nephropathy	GSE104954
GSM2811035	H7-Tub-DN1139	GPL22945	Diabetic nephropathy	GSE104954
GSM2811036	H7-Tub-FSGS&MCD1104	GPL22945	Focal segmental glomerulosclerosis and minimal change disease	GSE104954
GSM2811037	H7-Tub-FSGS&MCD1117	GPL22945	Focal segmental glomerulosclerosis and minimal change disease	GSE104954
GSM2811038	H7-Tub-FSGS&MCD1124	GPL22945	Focal segmental glomerulosclerosis and minimal change disease	GSE104954
GSM2811039	H7-Tub-FSGS&MCD1136	GPL22945	Focal segmental glomerulosclerosis and minimal change disease	GSE104954
GSM2811040	H7-Tub-FSGS1115	GPL22945	Focal segmental glomerulosclerosis	GSE104954
GSM2811041	H7-Tub-FSGS1125	GPL22945	Focal segmental glomerulosclerosis	GSE104954
GSM2811042	H7-Tub-FSGS1162	GPL22945	Focal segmental glomerulosclerosis	GSE104954
GSM2811043	H7-Tub-LD1164	GPL22945	Living donor	GSE104954
GSM2811044	H7-Tub-LD1165	GPL22945	Living donor	GSE104954
GSM2811045	H7-Tub-LD1166	GPL22945	Living donor	GSE104954
GSM2811046	H7-Tub-LD1168	GPL22945	Living donor	GSE104954
GSM2811047	H7-Tub-LD1169	GPL22945	Living donor	GSE104954
GSM2811048	H7-Tub-LD1170	GPL22945	Living donor	GSE104954
GSM2811049	H7-Tub-LD1171	GPL22945	Living donor	GSE104954
GSM2811050	H7-Tub-LD1172	GPL22945	Living donor	GSE104954
GSM2811051	H7-Tub-LD1173	GPL22945	Living donor	GSE104954
GSM2811052	H7-Tub-LD1174	GPL22945	Living donor	GSE104954
GSM2811053	H7-Tub-LD1175	GPL22945	Living donor	GSE104954
GSM2811054	H7-Tub-LD1177	GPL22945	Living donor	GSE104954
GSM2811055	H7-Tub-LD1178	GPL22945	Living donor	GSE104954
GSM2811056	H7-Tub-LD1179	GPL22945	Living donor	GSE104954
GSM2811057	H7-Tub-LD1180	GPL22945	Living donor	GSE104954
GSM2811058	H7-Tub-LD1182	GPL22945	Living donor	GSE104954
GSM2811059	H7-Tub-LD1183	GPL22945	Living donor	GSE104954
GSM2811060	H7-Tub-LD1184	GPL22945	Living donor	GSE104954
GSM2811061	H7-Tub-MCD1112	GPL22945	Minimal change disease	GSE104954
GSM2811062	H7-Tub-MCD1116	GPL22945	Minimal change disease	GSE104954
GSM2811063	H7-Tub-MCD1137	GPL22945	Minimal change disease	GSE104954
GSM2811064	H7-Tub-MCD1163	GPL22945	Minimal change disease	GSE104954
GSM2811065	H7-Tub-RPGN1102	GPL22945	ANCA-associated vasculitis	GSE104954
GSM2811066	H7-Tub-RPGN1103	GPL22945	ANCA-associated vasculitis	GSE104954
GSM2811067	H7-Tub-RPGN1106	GPL22945	ANCA-associated vasculitis	GSE104954
GSM2811068	H7-Tub-RPGN1107	GPL22945	ANCA-associated vasculitis	GSE104954
GSM2811069	H7-Tub-RPGN1109	GPL22945	ANCA-associated vasculitis	GSE104954
GSM2811070	H7-Tub-RPGN1113	GPL22945	ANCA-associated vasculitis	GSE104954
GSM2811071	H7-Tub-RPGN1118	GPL22945	ANCA-associated vasculitis	GSE104954
GSM2811072	H7-Tub-RPGN1119	GPL22945	ANCA-associated vasculitis	GSE104954
GSM2811073	H7-Tub-RPGN1120	GPL22945	ANCA-associated vasculitis	GSE104954
GSM2811074	H7-Tub-RPGN1121	GPL22945	ANCA-associated vasculitis	GSE104954
GSM2811075	H7-Tub-RPGN1122	GPL22945	ANCA-associated vasculitis	GSE104954
GSM2811076	H7-Tub-RPGN1123	GPL22945	ANCA-associated vasculitis	GSE104954
GSM2811077	H7-Tub-RPGN1126	GPL22945	ANCA-associated vasculitis	GSE104954
GSM2811078	H7-Tub-RPGN1127	GPL22945	ANCA-associated vasculitis	GSE104954
GSM2811079	H7-Tub-RPGN1128	GPL22945	ANCA-associated vasculitis	GSE104954
GSM2811080	H7-Tub-RPGN1129	GPL22945	ANCA-associated vasculitis	GSE104954
GSM2811081	H7-Tub-RPGN1130	GPL22945	ANCA-associated vasculitis	GSE104954
GSM2811082	H7-Tub-RPGN1131	GPL22945	ANCA-associated vasculitis	GSE104954
GSM2811083	H7-Tub-RPGN1134	GPL22945	ANCA-associated vasculitis	GSE104954
GSM2811084	H7-Tub-RPGN1135	GPL22945	ANCA-associated vasculitis	GSE104954
GSM2811085	H7-Tub-RPGN1138	GPL22945	ANCA-associated vasculitis	GSE104954
GSM2811086	H7-Tub-TN1185	GPL22945	Tumor nephrectomy	GSE104954
GSM2811087	H7-Tub-TN1186	GPL22945	Tumor nephrectomy	GSE104954
GSM2811088	H7-Tub-TN1187	GPL22945	Tumor nephrectomy	GSE104954
GSM2810894	H1-Tub-DN1	GPL24120	Diabetic nephropathy	GSE104954
GSM2810895	H1-Tub-DN10	GPL24120	Diabetic nephropathy	GSE104954
GSM2810896	H1-Tub-DN11	GPL24120	Diabetic nephropathy	GSE104954
GSM2810897	H1-Tub-DN2	GPL24120	Diabetic nephropathy	GSE104954
GSM2810898	H1-Tub-DN3	GPL24120	Diabetic nephropathy	GSE104954
GSM2810899	H1-Tub-DN5	GPL24120	Diabetic nephropathy	GSE104954
GSM2810900	H1-Tub-DN6	GPL24120	Diabetic nephropathy	GSE104954
GSM2810901	H1-Tub-DN7	GPL24120	Diabetic nephropathy	GSE104954
GSM2810902	H1-Tub-DN8	GPL24120	Diabetic nephropathy	GSE104954
GSM2810903	H1-Tub-DN9	GPL24120	Diabetic nephropathy	GSE104954
GSM2810904	H1-Tub-MCD1	GPL24120	Minimal change disease	GSE104954
GSM2810905	H1-Tub-MCD2	GPL24120	Minimal change disease	GSE104954
GSM2810906	H1-Tub-MCD3	GPL24120	Minimal change disease	GSE104954
GSM2810907	H1-Tub-MCD4	GPL24120	Minimal change disease	GSE104954
GSM2810908	H1-Tub-TMD1	GPL24120	Thin membrande disease	GSE104954
GSM2810909	H1-Tub-TMD2	GPL24120	Thin membrande disease	GSE104954
GSM2810910	H1-Tub-TMD3	GPL24120	Thin membrande disease	GSE104954
GSM2810911	H1-Tub-TMD4	GPL24120	Thin membrande disease	GSE104954
GSM2810912	H1-Tub-TMD5	GPL24120	Thin membrande disease	GSE104954
GSM2810913	H1-Tub-TMD6	GPL24120	Thin membrande disease	GSE104954
GSM2810914	H2-Tub-HT1	GPL24120	Hypertensive nephropathy	GSE104954
GSM2810915	H2-Tub-HT10	GPL24120	Hypertensive nephropathy	GSE104954
GSM2810916	H2-Tub-HT11	GPL24120	Hypertensive nephropathy	GSE104954
GSM2810917	H2-Tub-HT12	GPL24120	Hypertensive nephropathy	GSE104954
GSM2810918	H2-Tub-HT13	GPL24120	Hypertensive nephropathy	GSE104954
GSM2810919	H2-Tub-HT14	GPL24120	Hypertensive nephropathy	GSE104954
GSM2810920	H2-Tub-HT15	GPL24120	Hypertensive nephropathy	GSE104954
GSM2810921	H2-Tub-HT16	GPL24120	Hypertensive nephropathy	GSE104954
GSM2810922	H2-Tub-HT17	GPL24120	Hypertensive nephropathy	GSE104954
GSM2810923	H2-Tub-HT18	GPL24120	Hypertensive nephropathy	GSE104954
GSM2810924	H2-Tub-HT19	GPL24120	Hypertensive nephropathy	GSE104954
GSM2810925	H2-Tub-HT2	GPL24120	Hypertensive nephropathy	GSE104954
GSM2810926	H2-Tub-HT20	GPL24120	Hypertensive nephropathy	GSE104954
GSM2810927	H2-Tub-HT3	GPL24120	Hypertensive nephropathy	GSE104954
GSM2810928	H2-Tub-HT4	GPL24120	Hypertensive nephropathy	GSE104954
GSM2810929	H2-Tub-HT5	GPL24120	Hypertensive nephropathy	GSE104954
GSM2810930	H2-Tub-HT6	GPL24120	Hypertensive nephropathy	GSE104954
GSM2810931	H2-Tub-HT7	GPL24120	Hypertensive nephropathy	GSE104954
GSM2810932	H2-Tub-HT8	GPL24120	Hypertensive nephropathy	GSE104954
GSM2810933	H2-Tub-HT9	GPL24120	Hypertensive nephropathy	GSE104954
GSM2810934	H3-Tub-MCD11	GPL24120	Minimal change disease	GSE104954
GSM2810935	H3-Tub-MCD6	GPL24120	Minimal change disease	GSE104954
GSM2810936	H3-Tub-MCD7	GPL24120	Minimal change disease	GSE104954
GSM2810937	H3-Tub-MCD8	GPL24120	Minimal change disease	GSE104954
GSM2810938	H3-Tub-MCD9	GPL24120	Minimal change disease	GSE104954
GSM2810939	H3-Tub-TN2	GPL24120	Tumor nephrectomy	GSE104954
GSM2810940	H3-Tub-TN6	GPL24120	Tumor nephrectomy	GSE104954
GSM2810941	H4-Tub-IgA1	GPL24120	IgA nephropathy	GSE104954
GSM2810942	H4-Tub-IgA10	GPL24120	IgA nephropathy	GSE104954
GSM2810943	H4-Tub-IgA11	GPL24120	IgA nephropathy	GSE104954
GSM2810944	H4-Tub-IgA12	GPL24120	IgA nephropathy	GSE104954
GSM2810945	H4-Tub-IgA13	GPL24120	IgA nephropathy	GSE104954
GSM2810946	H4-Tub-IgA14	GPL24120	IgA nephropathy	GSE104954
GSM2810947	H4-Tub-IgA16	GPL24120	IgA nephropathy	GSE104954
GSM2810948	H4-Tub-IgA18	GPL24120	IgA nephropathy	GSE104954
GSM2810949	H4-Tub-IgA19	GPL24120	IgA nephropathy	GSE104954
GSM2810950	H4-Tub-IgA2	GPL24120	IgA nephropathy	GSE104954
GSM2810951	H4-Tub-IgA20	GPL24120	IgA nephropathy	GSE104954
GSM2810952	H4-Tub-IgA21	GPL24120	IgA nephropathy	GSE104954
GSM2810953	H4-Tub-IgA22	GPL24120	IgA nephropathy	GSE104954
GSM2810954	H4-Tub-IgA23	GPL24120	IgA nephropathy	GSE104954
GSM2810955	H4-Tub-IgA24	GPL24120	IgA nephropathy	GSE104954
GSM2810956	H4-Tub-IgA25	GPL24120	IgA nephropathy	GSE104954
GSM2810957	H4-Tub-IgA26	GPL24120	IgA nephropathy	GSE104954
GSM2810958	H4-Tub-IgA27	GPL24120	IgA nephropathy	GSE104954
GSM2810959	H4-Tub-IgA3	GPL24120	IgA nephropathy	GSE104954
GSM2810960	H4-Tub-IgA4	GPL24120	IgA nephropathy	GSE104954
GSM2810961	H4-Tub-IgA5	GPL24120	IgA nephropathy	GSE104954
GSM2810962	H4-Tub-IgA6	GPL24120	IgA nephropathy	GSE104954
GSM2810963	H4-Tub-IgA7	GPL24120	IgA nephropathy	GSE104954
GSM2810964	H4-Tub-IgA8	GPL24120	IgA nephropathy	GSE104954
GSM2810965	H4-Tub-IgA9	GPL24120	IgA nephropathy	GSE104954
GSM2810966	H5-Tub-SLE301	GPL24120	Systemic lupus erythematosus	GSE104954
GSM2810967	H5-Tub-SLE302	GPL24120	Systemic lupus erythematosus	GSE104954
GSM2810968	H5-Tub-MGN303	GPL24120	Systemic lupus erythematosus	GSE104954
GSM2810969	H5-Tub-SLE304	GPL24120	Systemic lupus erythematosus	GSE104954
GSM2810970	H5-Tub-SLE305	GPL24120	Systemic lupus erythematosus	GSE104954
GSM2810971	H5-Tub-SLE306	GPL24120	Systemic lupus erythematosus	GSE104954
GSM2810972	H5-Tub-SLE307	GPL24120	Systemic lupus erythematosus	GSE104954
GSM2810973	H5-Tub-SLE308	GPL24120	Systemic lupus erythematosus	GSE104954
GSM2810974	H5-Tub-SLE309	GPL24120	Systemic lupus erythematosus	GSE104954
GSM2810975	H5-Tub-SLE310	GPL24120	Systemic lupus erythematosus	GSE104954
GSM2810976	H5-Tub-SLE311	GPL24120	Systemic lupus erythematosus	GSE104954
GSM2810977	H5-Tub-SLE312	GPL24120	Systemic lupus erythematosus	GSE104954
GSM2810978	H5-Tub-SLE313	GPL24120	Systemic lupus erythematosus	GSE104954
GSM2810979	H5-Tub-SLE314	GPL24120	Systemic lupus erythematosus	GSE104954
GSM2810980	H5-Tub-MGN315	GPL24120	Membranous glomerulonephropathy	GSE104954
GSM2810981	H5-Tub-MGN316	GPL24120	Membranous glomerulonephropathy	GSE104954
GSM2810982	H5-Tub-MGN317	GPL24120	Membranous glomerulonephropathy	GSE104954
GSM2810983	H5-Tub-SLE318	GPL24120	Systemic lupus erythematosus	GSE104954
GSM2810984	H5-Tub-SLE319	GPL24120	Systemic lupus erythematosus	GSE104954
GSM2810985	H5-Tub-FSGS320	GPL24120	Focal segmental glomerulosclerosis	GSE104954
GSM2810986	H5-Tub-MGN321	GPL24120	Membranous glomerulonephropathy	GSE104954
GSM2810987	H5-Tub-MGN322	GPL24120	Membranous glomerulonephropathy	GSE104954
GSM2810988	H5-Tub-SLE323	GPL24120	Systemic lupus erythematosus	GSE104954
GSM2810989	H5-Tub-MGN324	GPL24120	Membranous glomerulonephropathy	GSE104954
GSM2810990	H5-Tub-MGN325	GPL24120	Membranous glomerulonephropathy	GSE104954
GSM2810991	H5-Tub-FSGS326	GPL24120	Focal segmental glomerulosclerosis	GSE104954
GSM2810992	H5-Tub-FSGS327	GPL24120	Focal segmental glomerulosclerosis	GSE104954
GSM2810993	H5-Tub-FSGS328	GPL24120	Focal segmental glomerulosclerosis	GSE104954
GSM2810994	H5-Tub-SLE329	GPL24120	Systemic lupus erythematosus	GSE104954
GSM2810995	H5-Tub-MGN330	GPL24120	Membranous glomerulonephropathy	GSE104954
GSM2810996	H5-Tub-MGN331	GPL24120	Membranous glomerulonephropathy	GSE104954
GSM2810997	H5-Tub-FSGS332	GPL24120	Focal segmental glomerulosclerosis	GSE104954
GSM2810998	H5-Tub-MGN333	GPL24120	Membranous glomerulonephropathy	GSE104954
GSM2810999	H5-Tub-MGN334	GPL24120	Membranous glomerulonephropathy	GSE104954
GSM2811000	H5-Tub-MGN335	GPL24120	Membranous glomerulonephropathy	GSE104954
GSM2811001	H5-Tub-SLE336	GPL24120	Systemic lupus erythematosus	GSE104954
GSM2811002	H5-Tub-MGN337	GPL24120	Membranous glomerulonephropathy	GSE104954
GSM2811003	H5-Tub-SLE338	GPL24120	Systemic lupus erythematosus	GSE104954
GSM2811004	H5-Tub-FSGS339	GPL24120	Focal segmental glomerulosclerosis	GSE104954
GSM2811005	H5-Tub-SLE340	GPL24120	Systemic lupus erythematosus	GSE104954
GSM2811006	H5-Tub-FSGS341	GPL24120	Focal segmental glomerulosclerosis	GSE104954
GSM2811007	H5-Tub-SLE342	GPL24120	Systemic lupus erythematosus	GSE104954
GSM2811008	H5-Tub-SLE343	GPL24120	Systemic lupus erythematosus	GSE104954
GSM2811009	H5-Tub-FSGS344	GPL24120	Focal segmental glomerulosclerosis	GSE104954
GSM2811010	H5-Tub-FSGS345	GPL24120	Focal segmental glomerulosclerosis	GSE104954
GSM2811011	H5-Tub-SLE346	GPL24120	Systemic lupus erythematosus	GSE104954
GSM2811012	H5-Tub-FSGS347	GPL24120	Focal segmental glomerulosclerosis	GSE104954
GSM2811013	H5-Tub-SLE348	GPL24120	Systemic lupus erythematosus	GSE104954
GSM2811014	H5-Tub-SLE349	GPL24120	Systemic lupus erythematosus	GSE104954
GSM2811015	H5-Tub-MGN351	GPL24120	Membranous glomerulonephropathy	GSE104954
GSM2811016	H5-Tub-SLE352	GPL24120	Systemic lupus erythematosus	GSE104954
GSM2811017	H5-Tub-MGN354	GPL24120	Membranous glomerulonephropathy	GSE104954
GSM2811018	H5-Tub-MGN355	GPL24120	Membranous glomerulonephropathy	GSE104954
GSM2811019	H5-Tub-MGN356	GPL24120	Membranous glomerulonephropathy	GSE104954
GSM2811020	H5-Tub-SLE357	GPL24120	Systemic lupus erythematosus	GSE104954
GSM2811021	H5-Tub-SLE358	GPL24120	Systemic lupus erythematosus	GSE104954
GSM2811022	H5-Tub-SLE359	GPL24120	Systemic lupus erythematosus	GSE104954
GSM2811023	H5-Tub-SLE360	GPL24120	Systemic lupus erythematosus	GSE104954
GSM2811024	H5-Tub-SLE361	GPL24120	Systemic lupus erythematosus	GSE104954
GSM2811025	H5-Tub-SLE362	GPL24120	Systemic lupus erythematosus	GSE104954
GSM2811026	H5-Tub-LD373	GPL24120	Living donor	GSE104954
GSM2811027	H5-Tub-LD374	GPL24120	Living donor	GSE104954
GSM2811028	H5-Tub-LD375	GPL24120	Living donor	GSE104954
