key	box	text	fontsize
disc_title	disc	Discovery atlas (GSE211785)	7.0
disc_1	disc	16 control · 13 HKD · 7 DKD donors	6.0
disc_2	disc	Technically robust single-nucleus contrasts	6.0
disc_3	disc	iPT expansion common to DKD and HKD	6.0
lock_title	lock	DKD-associated state	7.0
lock_1	lock	scDisInFact + donor pseudobulk	6.0
lock_2	lock	DKD vs HKD within iPT	6.0
lock_3	lock	12 marker genes	6.0
val_title	val	Independent patients and tissue	7.0
val_rep_t	rep	Present in KPMP	6.5
val_rep_1	rep	KPMP snRNA (40 DKD, 16 HKD)	5.6
val_rep_2	rep	79% of genes same direction	5.6
val_rep_3	rep	Accompanies albuminuria	5.6
val_nd_t	nd	Confined to injured cells	6.5
val_nd_1	nd	Tissue and histology	5.6
val_nd_2	nd	reflect common injury	5.6
val_nd_3	nd	State resolved in iPT cells	5.6
