library	donor	group	k	n	frac
HK2558.SN	HK2558	HKD	1126	1184	0.9510135135135136
HK2596.SN	HK2596	DKD	1719	1730	0.99364161849711
HK2663_SN	HK2663	Control	420	2808	0.1495726495726495
HK2711.SN	HK2711	HKD	392	1379	0.2842639593908629
HK2739.SN	HK2739	HKD	2132	6688	0.3187799043062201
HK2770_SN	HK2770	HKD	537	1115	0.4816143497757847
HK2774.SN	HK2774	HKD	4299	4696	0.9154599659284496
HK2833.SN	HK2833	Control	360	1590	0.2264150943396226
HK2844.SN	HK2844	DKD	628	3115	0.2016051364365971
HK2862.SN	HK2862	DKD	3132	3286	0.953134510042605
HK2867.SN	HK2867	Control	338	4196	0.0805529075309818
HK2868.SN	HK2868	HKD	536	2141	0.2503503035964503
HK2891.SN	HK2891	HKD	1027	2604	0.3943932411674347
HK2893.SN	HK2893	Control	263	2993	0.0878717006348145
HK2895.SN	HK2895	Control	679	2815	0.2412078152753108
HK2898.SN	HK2898	Control	513	5452	0.0940939104915627
HK2899.SN	HK2899	Control	178	893	0.1993281075027995
