lineage	mode	n_genes	n_sig	r_all	r_sig
DCT_CNT	SC_A_only	7546	99	0.4280111707761567	0.6879749131634906
DCT_CNT	SN_only	17864	522	0.0573510203488256	-0.2469871309751761
Endo	SC_A_only	10037	597	0.538582951976455	0.6272276446506464
Endo	SN_only	17038	1	-0.0281976515224964	
Lymphoid	SC_A_only	12941	1060	0.3579447943225092	0.4753092518052918
Lymphoid	SN_only	12885	1	-0.0912272558793027	
Myeloid	SC_A_only	10693	1231	0.462783027874285	0.5132266857424144
Myeloid	SN_only	8415	0	-0.0108395236637204	
PT	SC_A_only	5901	7	0.2367504322090407	0.8807414811050537
PT	SN_only	20962	610	-0.0794913868011164	-0.1748348619432731
Stroma	SN_only	13120	366	0.047443393620581	0.2479494973954203
TAL	SC_A_only	4084	101	0.4175237278416541	0.8918646110039852
TAL	SN_only	20403	392	0.0729088244393106	-0.0262167811908093
