modality	set	gene	disc_dE_lfc	kpmp_lfc	kpmp_p	same_sign
sn	DKDiPT_up	IGFN1	5.337793753950827	0.8435781678618036	0.2684833911563788	True
sn	DKDiPT_up	LINC01090	3.063146180548096	0.4522071051302434	0.2157186064164238	True
sn	DKDiPT_up	CD44	3.041651376759533	0.5042256353641533	0.2210694301171363	True
sn	DKDiPT_up	RIMS2	2.423884527491013	1.1311606370843457	0.0079763373021762	True
sn	DKDiPT_up	SYT14	2.3479257938891176	0.5274154235627753	0.1873025551525953	True
sn	DKDiPT_up	SYTL3	2.251085505953048	0.1340858750791974	0.4773125923966466	True
sn	DKDiPT_up	SULT1C4	1.7304509310643954	0.3554075612681086	0.1006919650711691	True
sn	DKDiPT_up	NRCAM	1.7070643238776626	0.1578079242647239	0.5274211917613986	True
sn	DKDiPT_up	NDRG1	1.6654975186544352	0.1472271630848128	0.4763417238953674	True
sn	DKDiPT_up	DLC1	1.576661093860657	0.1707669185399514	0.4008194010247997	True
sn	DKDiPT_down	ZSWIM5	-0.5691045318545062	-0.186598362931175	0.1016814808328331	True
sn	DKDiPT_down	FREM2	-1.39928870762897	-0.4119982994342713	0.0168850686898948	True
sn	DKDiPT_down	FAT4	-1.5943009915615418	-0.6684938579202816	0.0097354302469993	True
sn	DKDiPT_down	PDZRN3	-1.6241190205610658	-0.730174848452664	0.0007096733479649	True
sn	DKDiPT_down	CASZ1	-1.940302312839502	-0.5589666192488365	0.0456196063722889	True
sn	DKDiPT_down	EPB41L4B	-3.373411455676397	-1.01686456523282	0.0040187166796564	True
sn	DKDiPT_down	LINC02055	-3.5163327433685967	0.92093253850727	0.0537396024967448	False
sn	DKDiPT_down	RIMBP2	-5.306388970000104	-0.2019111087388035	0.6336328842007258	True
