cohort	section	set	n_genes	reliability_sb
gse211785	HK2529_ST	SharedInjury_up	25	0.3838259675316027
gse211785	HK2671_ST	SharedInjury_up	21	0.5590539235285499
gse211785	HK2770_ST	DKDiPT_up	5	-0.1385457924601033
gse211785	HK2770_ST	SharedInjury_up	33	0.7164179491802175
gse211785	HK2844_ST	DKDiPT_up	5	-0.1028240803763696
gse211785	HK2844_ST	SharedInjury_up	28	0.7362567474498618
gse211785	HK2852_ST	DKDiPT_up	5	-0.0969092303154868
gse211785	HK2852_ST	SharedInjury_up	33	0.7035998136048524
gse211785	HK2871_ST	SharedInjury_up	26	0.6568269055112932
gse211785	HK2873_ST	DKDiPT_up	4	0.0678898234379465
gse211785	HK2873_ST	SharedInjury_up	28	0.5666453852739035
gse211785	HK2874_ST	DKDiPT_up	4	0.0279176944606382
gse211785	HK2874_ST	SharedInjury_up	26	0.5698774160071965
gse211785	HK2877_ST	SharedInjury_up	28	0.6295215352339725
gse211785	HK3035_ST	DKDiPT_up	6	0.0117184378051108
gse211785	HK3035_ST	SharedInjury_up	37	0.6546360675786318
gse211785	HK3432_ST	DKDiPT_up	5	0.0744214919508885
gse211785	HK3432_ST	SharedInjury_up	29	0.2990601915987518
gse211785	HK3437_ST	SharedInjury_up	21	0.2486446888119468
gse211785	HK3444_ST	SharedInjury_up	30	0.3410461025714755
gse211785	HK3513_ST	DKDiPT_up	4	0.0272438181185008
gse211785	HK3513_ST	SharedInjury_up	27	0.5557794925256041
kpmp	163-1__V14B09-330_XY03_25-0288	DKDiPT_up	9	0.2547248303528118
kpmp	163-1__V14B09-330_XY03_25-0288	SharedInjury_up	44	0.8244210461095962
kpmp	163-4__V13U21-276_XY01_24-0203	DKDiPT_up	8	0.1250489996658397
kpmp	163-4__V13U21-276_XY01_24-0203	SharedInjury_up	38	0.6694489359831193
kpmp	164-1__V14S09-325_XY01_24-0168	DKDiPT_up	7	0.1215052090944046
kpmp	164-1__V14S09-325_XY01_24-0168	SharedInjury_up	35	0.7586929986350379
kpmp	164-10__V14B09-279_XY04_25-0277	DKDiPT_up	6	-0.1431192138003756
kpmp	164-10__V14B09-279_XY04_25-0277	SharedInjury_up	28	0.3635695198422125
kpmp	164-11__V13U21-357_XY01_25-0230	DKDiPT_up	7	0.0733441088260611
kpmp	164-11__V13U21-357_XY01_25-0230	SharedInjury_up	33	0.5838478511184305
kpmp	164-14__V14Y20-274_XY03_24-0187	DKDiPT_up	6	-0.019725818659291
kpmp	164-14__V14Y20-274_XY03_24-0187	SharedInjury_up	34	0.3764018428177059
kpmp	164-15__V13L17-316_XY04_25-0231	DKDiPT_up	8	0.0705168836082437
kpmp	164-15__V13L17-316_XY04_25-0231	SharedInjury_up	36	0.5462019690238815
kpmp	164-18__V14Y20-274_XY02_24-0175	DKDiPT_up	5	-0.0372195002760618
kpmp	164-18__V14Y20-274_XY02_24-0175	SharedInjury_up	32	0.3217686210278208
kpmp	164-3__V13U21-276_XY02_24-0204	DKDiPT_up	7	0.1435776829445241
kpmp	164-3__V13U21-276_XY02_24-0204	SharedInjury_up	33	0.6248055719735299
kpmp	164-5__V13Y22-307_XY02_24-0169	DKDiPT_up	5	0.1315624562752605
kpmp	164-5__V13Y22-307_XY02_24-0169	SharedInjury_up	28	0.2651140997994295
kpmp	164-6__V13Y22-307_XY03_24-0170	DKDiPT_up	5	-0.0281241713220922
kpmp	164-6__V13Y22-307_XY03_24-0170	SharedInjury_up	27	0.290255840953459
kpmp	164-7__V13U21-276_XY03_24-0205	DKDiPT_up	9	0.1227216174125356
kpmp	164-7__V13U21-276_XY03_24-0205	SharedInjury_up	35	0.6344337814345649
kpmp	164-8__V13U21-276_XY04_24-0206	DKDiPT_up	6	0.1688217758252037
kpmp	164-8__V13U21-276_XY04_24-0206	SharedInjury_up	33	0.7035175164207921
kpmp	165-13__V13Y22-307_XY04_24-0171	DKDiPT_up	5	0.0743943013372818
kpmp	165-13__V13Y22-307_XY04_24-0171	SharedInjury_up	36	0.3601371094986579
kpmp	165-14__V14Y20-274_XY04_24-0188	DKDiPT_up	6	0.1412424093899666
kpmp	165-14__V14Y20-274_XY04_24-0188	SharedInjury_up	32	0.2439929977806584
kpmp	165-15__V14Y20-274_XY01_24-0186	DKDiPT_up	7	0.0641063631981289
kpmp	165-15__V14Y20-274_XY01_24-0186	SharedInjury_up	33	0.2516251875845203
kpmp	27-10041__V13U21-274_XY01_24-0199	DKDiPT_up	8	-0.0955296719870284
kpmp	27-10041__V13U21-274_XY01_24-0199	SharedInjury_up	41	0.688122083128178
kpmp	27-10067__V14Y20-295_XY03_24-0173_fl	DKDiPT_up	8	0.0320631610246108
kpmp	27-10067__V14Y20-295_XY03_24-0173_fl	SharedInjury_up	36	0.363309440389395
kpmp	27-10087__V13U21-274_XY03_24-0201	DKDiPT_up	8	0.0384575439543995
kpmp	27-10087__V13U21-274_XY03_24-0201	SharedInjury_up	37	0.5973632946607581
kpmp	27-10094__V13Y22-310_XY03_23-0154	DKDiPT_up	9	0.0283057055899303
kpmp	27-10094__V13Y22-310_XY03_23-0154	SharedInjury_up	41	0.5661298590690165
kpmp	27-10146__V14B09-329_XY01_25-0282	DKDiPT_up	7	-0.0114058235249845
kpmp	27-10146__V14B09-329_XY01_25-0282	SharedInjury_up	41	0.5133557985565235
kpmp	27-10155__V14B09-278_XY01_25-0270	DKDiPT_up	7	0.0089689699527649
kpmp	27-10155__V14B09-278_XY01_25-0270	SharedInjury_up	34	0.4605875630276899
kpmp	27-10157__V13L17-316_XY02_25-0224	DKDiPT_up	7	0.0253611060028188
kpmp	27-10157__V13L17-316_XY02_25-0224	SharedInjury_up	41	0.6784169959295837
kpmp	27-10163__V14S03-385_XY04_24-0166	DKDiPT_up	7	0.0414863766687203
kpmp	27-10163__V14S03-385_XY04_24-0166	SharedInjury_up	33	0.6715146668210957
kpmp	27-10165__V13Y22-306_XY03_24-0165	DKDiPT_up	6	0.0213247433676988
kpmp	27-10165__V13Y22-306_XY03_24-0165	SharedInjury_up	37	0.4607147585870779
kpmp	27-10166__V14Y20-275_XY04_24-0189_fl	DKDiPT_up	5	0.0568718075169185
kpmp	27-10166__V14Y20-275_XY04_24-0189_fl	SharedInjury_up	25	0.2319993575838854
kpmp	27-10170__V14B09-329_XY02_25-0283	DKDiPT_up	9	0.0152634098078048
kpmp	27-10170__V14B09-329_XY02_25-0283	SharedInjury_up	41	0.5991028620034471
kpmp	27-10201__V13U21-399_XY04_24-0214	DKDiPT_up	7	0.0589358458651406
kpmp	27-10201__V13U21-399_XY04_24-0214	SharedInjury_up	35	0.6212494254070358
kpmp	27-10206__V13U21-400_XY01_24-0215	DKDiPT_up	7	0.043235263832747
kpmp	27-10206__V13U21-400_XY01_24-0215	SharedInjury_up	33	0.5468015785075487
kpmp	27-10207__V13U21-399_XY03_24-0213	DKDiPT_up	7	0.0684586855939863
kpmp	27-10207__V13U21-399_XY03_24-0213	SharedInjury_up	32	0.5639580534718398
kpmp	27-10211__V13U21-399_XY02_24-0212	DKDiPT_up	7	0.0151112155241058
kpmp	27-10211__V13U21-399_XY02_24-0212	SharedInjury_up	33	0.5915038346293937
kpmp	27-10228__V13L17-318_XY02_25-0235	DKDiPT_up	7	0.042681919741463
kpmp	27-10228__V13L17-318_XY02_25-0235	SharedInjury_up	37	0.6031929367676614
kpmp	27-10229__V14S09-326_XY04_24-0195	DKDiPT_up	7	0.1062563623833822
kpmp	27-10229__V14S09-326_XY04_24-0195	SharedInjury_up	33	0.7216013433041035
kpmp	27-10231__V14B09-330_XY04_25-0289	DKDiPT_up	7	0.1037121643296218
kpmp	27-10231__V14B09-330_XY04_25-0289	SharedInjury_up	34	0.4086523923918895
kpmp	27-10233__V13L17-318_XY04_25-0237	DKDiPT_up	7	0.0333126374145464
kpmp	27-10233__V13L17-318_XY04_25-0237	SharedInjury_up	35	0.5509178631827176
kpmp	27-10243__V13U21-357_XY02_25-0238	DKDiPT_up	6	0.0157880906059023
kpmp	27-10243__V13U21-357_XY02_25-0238	SharedInjury_up	33	0.4505817415910546
kpmp	27-10262__V13L17-318_XY01_25-0233	DKDiPT_up	7	0.0066443824692293
kpmp	27-10262__V13L17-318_XY01_25-0233	SharedInjury_up	34	0.592412070847505
kpmp	27-10371__V13U21-357_XY04_25-0240	DKDiPT_up	7	0.0546497425808177
kpmp	27-10371__V13U21-357_XY04_25-0240	SharedInjury_up	33	0.4695461893131856
kpmp	27-10410__V13L19-321_XY03_25_0246	DKDiPT_up	6	0.0710485688307611
kpmp	27-10410__V13L19-321_XY03_25_0246	SharedInjury_up	29	0.2964326989015031
kpmp	28-12178__V14S09-326_XY01_24-0190-remap	DKDiPT_up	8	-0.0084421369342145
kpmp	28-12178__V14S09-326_XY01_24-0190-remap	SharedInjury_up	43	0.8062406798116039
kpmp	28-12372__V13L17-317_XY02_25-0228	DKDiPT_up	7	0.007181811956966
kpmp	28-12372__V13L17-317_XY02_25-0228	SharedInjury_up	35	0.584645124150703
kpmp	28-12518__V14S03-385_XY01_23-0152	DKDiPT_up	8	0.0560472448336155
kpmp	28-12518__V14S03-385_XY01_23-0152	SharedInjury_up	40	0.7345949138288628
kpmp	28-12545__V13L17-317_XY01_25-0227	DKDiPT_up	7	0.0201778825975195
kpmp	28-12545__V13L17-317_XY01_25-0227	SharedInjury_up	37	0.6513043435298032
kpmp	28-12546__V14B09-280_XY04_25-0281	DKDiPT_up	8	0.0691096433609324
kpmp	28-12546__V14B09-280_XY04_25-0281	SharedInjury_up	41	0.5483852782477753
kpmp	28-12557__V14B09-279_XY02_25-0275	DKDiPT_up	8	0.0494223458628692
kpmp	28-12557__V14B09-279_XY02_25-0275	SharedInjury_up	35	0.4012146678274599
kpmp	28-12579__V13L19-378_XY01_25-0265	DKDiPT_up	7	0.0631773940081475
kpmp	28-12579__V13L19-378_XY01_25-0265	SharedInjury_up	38	0.5355623501940823
kpmp	28-12613__V14B09-329_XY03_25-0284	DKDiPT_up	8	0.0381580706391758
kpmp	28-12613__V14B09-329_XY03_25-0284	SharedInjury_up	40	0.6928209028272321
kpmp	28-12626__V13L19-321_XY04_25_0248	DKDiPT_up	7	0.0889144304666321
kpmp	28-12626__V13L19-321_XY04_25_0248	SharedInjury_up	37	0.5789505040833529
kpmp	28-12629__V13L19-330_XY03_25_0259	DKDiPT_up	7	-0.0204319839289787
kpmp	28-12629__V13L19-330_XY03_25_0259	SharedInjury_up	39	0.5273658818915601
kpmp	28-12636__V14B09-330_XY02_25-0287	DKDiPT_up	7	0.0603978407347648
kpmp	28-12636__V14B09-330_XY02_25-0287	SharedInjury_up	41	0.6160272140717589
kpmp	29-10394__V14Y20-296_XY04_24-0182_fl	DKDiPT_up	7	0.0902952251790302
kpmp	29-10394__V14Y20-296_XY04_24-0182_fl	SharedInjury_up	36	0.3640388732970436
kpmp	29-10398__V13L17-315_XY04_25-0222	DKDiPT_up	10	0.1193209821605029
kpmp	29-10398__V13L17-315_XY04_25-0222	SharedInjury_up	45	0.6389016748916625
kpmp	29-10399__V14Y20-298_XY04_24-0183_fl	DKDiPT_up	6	0.0337811417817311
kpmp	29-10399__V14Y20-298_XY04_24-0183_fl	SharedInjury_up	29	0.3714006915436104
kpmp	29-10400__V14S09-326_XY02_24-0191	DKDiPT_up	8	-0.0005877649938692
kpmp	29-10400__V14S09-326_XY02_24-0191	SharedInjury_up	36	0.7298563292564355
kpmp	29-10410__V13U21-399_XY01_24-0211	DKDiPT_up	8	0.0558619866995094
kpmp	29-10410__V13U21-399_XY01_24-0211	SharedInjury_up	43	0.7099940731391016
kpmp	29-10439__V13U21-356_XY02_25-0232	DKDiPT_up	7	-0.0221444101788104
kpmp	29-10439__V13U21-356_XY02_25-0232	SharedInjury_up	42	0.5842084416514766
kpmp	29-10448__V13L19-323_XY04_25_0256	DKDiPT_up	10	0.0460572231130406
kpmp	29-10448__V13L19-323_XY04_25_0256	SharedInjury_up	44	0.5944232496134959
kpmp	29-10452__V13L19-322_XY03_25_0251	DKDiPT_up	7	0.0544881811323794
kpmp	29-10452__V13L19-322_XY03_25_0251	SharedInjury_up	36	0.4969374817568364
kpmp	29-10600__V14B09-329_XY04_25-0285	DKDiPT_up	8	0.0747192739375884
kpmp	29-10600__V14B09-329_XY04_25-0285	SharedInjury_up	40	0.6243074140998892
kpmp	31-10078__V14Y20-295_XY02_24-0172_fl	DKDiPT_up	7	0.0728763320112466
kpmp	31-10078__V14Y20-295_XY02_24-0172_fl	SharedInjury_up	34	0.4632766141444271
kpmp	31-10090__V13U21-274_XY04_24-0210	DKDiPT_up	8	0.0330285050597772
kpmp	31-10090__V13U21-274_XY04_24-0210	SharedInjury_up	38	0.6297816773467816
kpmp	31-10100__V14S09-326_XY03_24-0193	DKDiPT_up	7	0.1082649675535704
kpmp	31-10100__V14S09-326_XY03_24-0193	SharedInjury_up	37	0.7308464556125029
kpmp	31-10169__V14S09-325_XY02_24-0176	DKDiPT_up	8	0.3756878745283508
kpmp	31-10169__V14S09-325_XY02_24-0176	SharedInjury_up	39	0.8505171235925384
kpmp	31-10177__V14Y20-296_XY03_24-0185_fl	DKDiPT_up	6	0.1298387412290647
kpmp	31-10177__V14Y20-296_XY03_24-0185_fl	SharedInjury_up	36	0.6345784011423504
kpmp	31-10210__V14Y20-298_XY01_24-0192_fl	DKDiPT_up	5	0.1221581441046484
kpmp	31-10210__V14Y20-298_XY01_24-0192_fl	SharedInjury_up	23	0.2645768724045498
kpmp	31-10219__V14Y20-297_XY04_24-0178	DKDiPT_up	7	0.1788432594561585
kpmp	31-10219__V14Y20-297_XY04_24-0178	SharedInjury_up	35	0.5419492495287861
kpmp	31-10322__V13L17-316_XY01_25-0223	DKDiPT_up	6	0.1457554117411336
kpmp	31-10322__V13L17-316_XY01_25-0223	SharedInjury_up	33	0.4950346841747208
kpmp	31-10336__V13L17-316_XY03_25-0225	DKDiPT_up	8	0.0496654630156854
kpmp	31-10336__V13L17-316_XY03_25-0225	SharedInjury_up	44	0.6585371501997024
kpmp	31-10340__V14B09-280_XY03_25-0280	DKDiPT_up	8	0.1074632769270341
kpmp	31-10340__V14B09-280_XY03_25-0280	SharedInjury_up	39	0.4757074161697303
kpmp	31-10379__V14B09-279_XY01_25-0274	DKDiPT_up	7	0.039748759901285
kpmp	31-10379__V14B09-279_XY01_25-0274	SharedInjury_up	34	0.4065285363777575
kpmp	934-10003__V13L19-376_XY02_25-0262	DKDiPT_up	5	0.0567904730648858
kpmp	934-10003__V13L19-376_XY02_25-0262	SharedInjury_up	38	0.4987941124351042
kpmp	934-10009__V14B09-279_XY03_25-0276	DKDiPT_up	7	0.0417258484451273
kpmp	934-10009__V14B09-279_XY03_25-0276	SharedInjury_up	36	0.3919400334648215
kpmp	935-10042__V14B09-277_XY02_25-0267	DKDiPT_up	10	-0.0363599266606506
kpmp	935-10042__V14B09-277_XY02_25-0267	SharedInjury_up	34	0.6088537335377039
kpmp	935-10061__V14B09-279_XY04_25-0266	DKDiPT_up	7	0.0218280257154794
kpmp	935-10061__V14B09-279_XY04_25-0266	SharedInjury_up	35	0.5117630978631248
kpmp	935-10106__V14B09-278_XY02_25-0271	DKDiPT_up	6	0.056804984861495
kpmp	935-10106__V14B09-278_XY02_25-0271	SharedInjury_up	37	0.5111866519016572
kpmp	935-10111__V13L19-376_XY04_25-0264	DKDiPT_up	8	0.1824193881951094
kpmp	935-10111__V13L19-376_XY04_25-0264	SharedInjury_up	33	0.5693044821108522
kpmp	935-10337__V14B09-280_XY01_25-0278	DKDiPT_up	7	0.0791213742970577
kpmp	935-10337__V14B09-280_XY01_25-0278	SharedInjury_up	32	0.3849275513828012
