index	frac_ribo	frac_mt	frac_cyto_markers	total_counts	group	cohort
HK2774.SN|iPT	0.0014589573256671	0.0002816967898979	0.001585257705301	21377596.0	HKD	discovery_SN
HK2867.SN|iPT	0.0041209128685295	0.0010487353429198	0.0057325726374983	1296800.0	Control	discovery_SN
HK2862.SN|iPT	0.0051464312709867	0.0011363005032762	0.0080088982358574	3960220.0	DKD	discovery_SN
HK2739.SN|iPT	0.0013693969231098	0.000740204763133	0.0018760050879791	5530902.0	HKD	discovery_SN
HK2891.SN|iPT	0.0017040841048583	0.0001449252740712	0.002199918963015	5568387.0	HKD	discovery_SN
HK2898.SN|iPT	0.0020340364426374	0.0002002004330279	0.0028863181360065	874124.0	Control	discovery_SN
HK2833.SN|iPT	0.00086631270824	0.0	1.1287462257314472e-05	708751.0	Control	discovery_SN
HK2558.SN|iPT	0.0018706504488363	0.0009500958840362	0.0028504168149083	7751849.0	HKD	discovery_SN
HK2868.SN|iPT	0.0009341422701254	0.0	0.0001430232659913	1447317.0	HKD	discovery_SN
HK2899.SN|iPT	0.001396247302182	0.0013771206140518	0.0017979075200855	104566.0	Control	discovery_SN
HK2596.SN|iPT	0.0013377380091696	9.222887456417084e-06	0.0008988123154267	2385370.0	DKD	discovery_SN
HK2663_SN|iPT	0.0010611386969685	0.0033581685274839	0.0035262762103229	1504987.0	Control	discovery_SN
HK2893.SN|iPT	0.0013732754159718	0.0032466361299157	0.001161640509963	637891.0	Control	discovery_SN
HK2770_SN|iPT	0.000984143349342	0.0025974670425057	0.0013359086588025	1250834.0	HKD	discovery_SN
HK2895.SN|iPT	0.0007731692749075	0.0057643791660666	0.0018430101918056	2413443.0	Control	discovery_SN
HK2844.SN|iPT	0.0011351377470418	0.0008383555104956	0.0012521175667643	1384854.0	DKD	discovery_SN
HK2711.SN|iPT	0.0038665460888296	0.000547323259525	0.0057804561220109	1162019.0	HKD	discovery_SN
18-142	0.0026418438852879	0.0041697305562724	0.0072827235584297	821396.0	Reference	KPMP_sn
18-162	0.0039509124656167	0.009041485034756	0.0134532994657758	4406577.0	Reference	KPMP_sn
18-312	0.0042740610409643	0.0025299851084681	0.0088812457676435	19488257.0	Reference	KPMP_sn
21-015	0.0047514588020665	0.0031383165467739	0.0097069874300912	2523646.0	Reference	KPMP_sn
21-016	0.0077542048650202	0.0162175466300157	0.0238694018393695	410358.0	Reference	KPMP_sn
21-019	0.0057973358807631	0.0155844413483269	0.0204158089183443	1310602.0	Reference	KPMP_sn
21-020	0.004896564596181	0.0066579892333803	0.0114775561199031	3675434.0	Reference	KPMP_sn
21-021	0.0042376164609757	0.0020386515508981	0.0078025847857278	1497068.0	Reference	KPMP_sn
27-10039	0.0033131068378863	0.0063212674199688	0.0103254939888415	1452715.0	DKD	KPMP_sn
27-10041	0.0023417265719626	0.003076251787584	0.0058488451061402	5848676.0	DKD	KPMP_sn
27-10043	0.0022244806230534	0.0020116782746701	0.0049063868547812	2011256.0	DKD	KPMP_sn
27-10067	0.0567797674126635	0.0187576432513868	0.0964665510394821	215059.0	DKD	KPMP_sn
27-10074	0.0055563391602727	0.0137002163775575	0.0194259373435143	1623551.0	DKD	KPMP_sn
27-10087	0.0242512736341738	0.0158975124166009	0.0513162662801355	469130.0	HKD_withDM	KPMP_sn
27-10088	0.0021914166387678	0.0039058372268259	0.0059471433071923	1012587.0	DM_noCKD	KPMP_sn
27-10089	0.0028251330045435	0.0074629556688505	0.0090856388378814	721028.0	DKD	KPMP_sn
27-10094	0.0051298261959427	0.0058036357989773	0.0132072227952838	360636.0	DKD	KPMP_sn
27-10104	0.0032829099230971	0.0085376394152782	0.0114840581404007	1060949.0	DKD	KPMP_sn
27-10154	0.0223259436019166	0.0225794106391121	0.0541552335523655	1199367.0	DKD	KPMP_sn
27-10165	0.0270208537950252	0.0341738806026967	0.0679575614992805	525372.0	DKD	KPMP_sn
27-10166	0.0261749303812552	0.0165904098971338	0.0542178116633136	465751.0	DM_noCKD	KPMP_sn
27-10171	0.0279892420903216	0.0227260841955847	0.060948414328938	535420.0	DM_noCKD	KPMP_sn
27-10185	0.0159063076251741	0.0078686955420109	0.0305598175701355	142082.0	DKD	KPMP_sn
27-10201	0.0120204603580562	0.0147229326513213	0.0306052855924978	117300.0	DM_noCKD	KPMP_sn
27-10206	0.0098625599775246	0.0168602458986093	0.0284823930385408	270518.0	DKD	KPMP_sn
27-10211	0.0126425855513307	0.018486329893174	0.0356328082563824	220920.0	DKD	KPMP_sn
27-10228	0.0315603228145392	0.0116011475048075	0.0603937454683017	253768.0	DKD	KPMP_sn
27-10229	0.0207014558340891	0.0167837006423622	0.0475616103625715	320847.0	DM_noCKD	KPMP_sn
27-10231	0.014133410352362	0.0072456488434588	0.028285656880227	159268.0	DM_noCKD	KPMP_sn
27-10262	0.0165712764541461	0.0090208717587926	0.0351993053310769	631092.0	DM_noCKD	KPMP_sn
28-10109	0.0026986717342909	0.0035734693982612	0.0066621045300472	5438972.0	DKD	KPMP_sn
28-12178	0.0055304722271317	0.011649019072256	0.0174976300271542	311185.0	DKD	KPMP_sn
28-12372	0.041518585037617	0.0249538581230394	0.0889267771864628	604115.0	HKD_withDM	KPMP_sn
28-12442	0.0235502284063137	0.0136311300981304	0.0490713053457072	1310603.0	DKD	KPMP_sn
28-12510	0.0051327915386709	0.0220865575300384	0.0247696076525255	51434.0	HKD	KPMP_sn
28-12546	0.0271611806521403	0.0110523875753361	0.0511760160717045	161775.0	DKD	KPMP_sn
28-12558	0.0078661606799813	0.0140674184568304	0.0227356983492521	296714.0	HKD	KPMP_sn
28-12579	0.0276098043173196	0.0124696786934781	0.0563495557289589	1887699.0	DKD	KPMP_sn
29-10008	0.0042948209306688	0.0145844475282641	0.0181953129824536	858243.0	HKD	KPMP_sn
29-10013	0.013854822671528	0.0324052590873936	0.0469826538504032	452550.0	HKD_withDM	KPMP_sn
29-10016	0.0025503316991478	0.0031786948486041	0.00612051239256	2115019.0	DKD	KPMP_sn
29-10277	0.0032232597345795	0.0048174963866655	0.0084874647946476	2357241.0	DKD	KPMP_sn
29-10280	0.0066724322904122	0.0180358198498018	0.0244674096293214	182692.0	DKD	KPMP_sn
29-10282	0.0287209188326282	0.0127173746159352	0.0552849709303938	1081198.0	DKD	KPMP_sn
29-10380	0.0024298760343373	0.0028743911533619	0.0056747839220928	1905447.0	HKD	KPMP_sn
29-10393	0.0066874036234917	0.0335482982094503	0.0379836047331132	188713.0	HKD	KPMP_sn
29-10395	0.0258687419053984	0.0205333846856745	0.0566272839520157	264837.0	HKD_withDM	KPMP_sn
29-10397	0.0718986118105231	0.024639059024935	0.1324406647212069	939281.0	DKD	KPMP_sn
29-10399	0.0222972546544651	0.0249921110760492	0.0519343641527295	158450.0	DKD	KPMP_sn
29-10400	0.005139892598504	0.0101381346135847	0.0162480807610683	790678.0	HKD_withDM	KPMP_sn
29-10404	0.0433762812926596	0.032610350787676	0.0940028691338368	374329.0	DKD	KPMP_sn
29-10405	0.0443743372040065	0.0150919686578526	0.080746919141382	1504045.0	DKD	KPMP_sn
29-10410	0.0371882126278952	0.0213948675313648	0.0755129446761214	678387.0	HKD_withDM	KPMP_sn
29-10422	0.0169155130029758	0.0103765040755595	0.0353059904256695	386450.0	DKD	KPMP_sn
29-10439	0.0476881724718249	0.016262950939965	0.0874801598379288	125377.0	DKD	KPMP_sn
29-10607	0.0265948975607751	0.0289966196083266	0.0673882107556048	778608.0	HKD_withDM	KPMP_sn
29-10622	0.014052431146052	0.0117723473812725	0.0311341934405817	371039.0	HKD	KPMP_sn
29-10625	0.0220568298196802	0.0099062738007035	0.0436490871755548	2316108.0	DKD	KPMP_sn
29-10662	0.0144280082485529	0.0081093639920255	0.0300578597874477	1867964.0	HKD	KPMP_sn
31-10001	0.0036585713645493	0.0053259102631482	0.0097331035522364	1963608.0	DKD	KPMP_sn
31-10040	0.0353934641266365	0.016970662154428	0.0704278924598928	562618.0	DKD	KPMP_sn
31-10063	0.0027857288222498	0.0057359847974267	0.0083855987863314	1513428.0	HKD	KPMP_sn
31-10078	0.0323200612738434	0.0137913427056467	0.0627513184986962	423019.0	HKD_withDM	KPMP_sn
31-10081	0.0029287404208943	0.0046752243459307	0.0079419494126654	724885.0	DKD	KPMP_sn
31-10090	0.0222725126922471	0.0248986138602928	0.0549514257555303	1448916.0	HKD_withDM	KPMP_sn
31-10091	0.0033855465638284	0.0062685656003156	0.0096559733772083	537284.0	HKD_withDM	KPMP_sn
31-10100	0.0252765392210922	0.0296208342949152	0.062460252166422	567641.0	DKD	KPMP_sn
31-10105	0.0082652967789075	0.0180979726383731	0.0302455108955037	2140516.0	DKD	KPMP_sn
31-10154	0.0233682052691552	0.0146912583481734	0.0483645310230437	523917.0	HKD	KPMP_sn
31-10177	0.0030280674323089	0.0083102754518899	0.0103205976225344	635719.0	HKD	KPMP_sn
31-10210	0.0210484903011814	0.0290311083911607	0.0552797194843057	2241871.0	HKD	KPMP_sn
31-10219	0.0328093758611277	0.009385394750761	0.0593885943913565	1531422.0	HKD_withDM	KPMP_sn
31-10221	0.0145324201244505	0.0361513323858296	0.0499187147365401	303253.0	HKD_withDM	KPMP_sn
31-10236	0.0310847586359144	0.0325265963038496	0.0762919049471227	3044032.0	DKD	KPMP_sn
31-10322	0.0274120105486964	0.024729210581547	0.0644556379862574	219174.0	HKD_withDM	KPMP_sn
31-10336	0.0362450865061831	0.0339317992712248	0.082557455599231	278824.0	HKD_withDM	KPMP_sn
31-10381	0.0242916016907628	0.0201777374763392	0.0539966534444514	2459245.0	DKD	KPMP_sn
164-1	0.0018410194808586	0.004491565258265	0.005542643756202	153176.0	Reference	KPMP_sn
164-3	0.0050247026295512	0.0172173766649183	0.021944223210759	154437.0	Reference	KPMP_sn
164-5	0.006470969418949	0.0219555324500353	0.0261712729229744	546286.0	Reference	KPMP_sn
164-6	0.002539559832233	0.0067710293524291	0.0087341870865586	294933.0	Reference	KPMP_sn
164-7	0.002470050636038	0.0088039661955927	0.0099919429300681	170037.0	Reference	KPMP_sn
164-8	0.0048332271085617	0.0191470150839175	0.0217229657956235	37656.0	Reference	KPMP_sn
164-10	0.0175811926837918	0.0302805420693889	0.0514232748883107	671058.0	Reference	KPMP_sn
164-11	0.0093737515932048	0.0367768752259021	0.0429261704110944	210268.0	Reference	KPMP_sn
164-12	0.0121235700525229	0.0306791583782528	0.0428780301081206	159359.0	Reference	KPMP_sn
164-13	0.0141178787291685	0.020924316100734	0.0376942597880253	314849.0	Reference	KPMP_sn
164-14	0.0133058847158063	0.0217826636579516	0.0375666032631168	338572.0	Reference	KPMP_sn
164-15	0.0210911495646423	0.0299349718946324	0.0562592306844483	226825.0	Reference	KPMP_sn
164-17	0.027086786851245	0.0318917562965012	0.067768689081237	386683.0	Reference	KPMP_sn
164-18	0.017322794949642	0.0262880765395861	0.0473499064541065	357044.0	Reference	KPMP_sn
164-22	0.0095456814777833	0.0195795196094746	0.030500915293726	450675.0	Reference	KPMP_sn
165-7	0.0027053587078643	0.0077109188449856	0.0100499119285773	696026.0	Reference	KPMP_sn
165-9	0.0047739145489836	0.0123267624760249	0.0167713403506047	4430117.0	Reference	KPMP_sn
165-10	0.0030310203547746	0.0035843248151841	0.0074562984973385	1727801.0	Reference	KPMP_sn
165-11	0.0103367269902001	0.016359918200409	0.0284081330489404	545724.0	Reference	KPMP_sn
165-13	0.0190050916219674	0.0130613957674991	0.0406865281032226	624359.0	Reference	KPMP_sn
165-14	0.0183902527788639	0.0113632404012559	0.0376903391162612	258289.0	Reference	KPMP_sn
165-15	0.0094304823813533	0.0118246417460659	0.0251108342671018	143683.0	Reference	KPMP_sn
933-10003	0.0296969710906097	0.0133934730819819	0.0597227715486713	869752.0	DKD	KPMP_sn
934-10004	0.0164376831429523	0.0084399291116141	0.0352413538979838	1424775.0	HKD	KPMP_sn
934-10016	0.0121605706413048	0.0169418396219427	0.0315523013791979	540024.0	HKD	KPMP_sn
934-10022	0.0358771460821006	0.0176320323174716	0.0780942196875185	420825.0	HKD	KPMP_sn
934-10023	0.0241470894971029	0.0228191124171796	0.0558855041442862	841882.0	DKD	KPMP_sn
934-10032	0.022461975504232	0.0138986702263477	0.0459619274057834	1684046.0	HKD	KPMP_sn
934-10059	0.0244205709738386	0.0230859776517789	0.0615322126065187	241272.0	HKD	KPMP_sn
934-10209	0.0273551787393729	0.0250812451695207	0.0625033755156391	1073910.0	DKD	KPMP_sn
935-10106	0.0113468367549113	0.0176527517412707	0.0311676039809184	262452.0	HKD_withDM	KPMP_sn
935-10113	0.0066197158279931	0.0202644362081421	0.0254450833778759	170249.0	DM_noCKD	KPMP_sn
936-10002	0.0130224006998779	0.0262289798160189	0.0416506332777509	608106.0	HKD_withDM	KPMP_sn
936-10003	0.0266196312699557	0.0200200844577196	0.0560716860644762	388360.0	HKD_withDM	KPMP_sn
936-10006	0.0280542905089189	0.0203531630731067	0.0657304964903248	778847.0	HKD_withDM	KPMP_sn
3490	0.0122071762809744	0.0195950255878385	0.0369282907518588	821484.0	Reference	KPMP_sn
3499	0.002140596792398	0.0026660160050775	0.0056538699894317	668038.0	Reference	KPMP_sn
3504	0.0022822472798796	0.0101358629194657	0.012080924554712	1921790.0	Reference	KPMP_sn
3535	0.0029085815225844	0.004905625096293	0.0082085235967619	6834603.0	Reference	KPMP_sn
3593	0.005072828260176	0.0050574303302895	0.013914398564755	5065616.0	Reference	KPMP_sn
3613	0.0041369951555513	0.0043950548999998	0.0116890613217482	1243898.0	Reference	KPMP_sn
D_080	0.016301679179741	0.0177534757018791	0.0415891634889603	3286962.0	Reference	KPMP_sn
K1900069_1D6	0.012434152553041	0.0090988099042306	0.0279313007775808	1652304.0	Reference	KPMP_sn
K2000201_D1	0.0071924945062964	0.0146201438498901	0.0218126383561866	123323.0	Reference	KPMP_sn
K2100035_1_D1	0.007806379406827	0.0060565623520296	0.0165382463088115	464620.0	Reference	KPMP_sn
KPMP_101	0.0615554366724622	0.0297913601711916	0.1190818510097632	179448.0	Reference	KPMP_sn
KPMP_104	0.031815530793148	0.0123767405032734	0.058198953284023	1294525.0	Reference	KPMP_sn
KRP446	0.0021710293597453	0.0235342235585426	0.020527502652989	452320.0	Reference	KPMP_sn
KRP460	0.0054332434940458	0.0060480695644458	0.0142374936687333	2704830.0	Reference	KPMP_sn
KRP461	0.0042230803723806	0.0119062757249844	0.0162832877115723	149417.0	Reference	KPMP_sn
KRP462	0.0034912384770559	0.004008026664997	0.0093101461332676	1884718.0	Reference	KPMP_sn
