term	original	stouffer_excluding_technical_genes	stouffer_ribo_adjusted	stouffer_ribo_adjusted_excluding_technical	original_fdr	stouffer_excluding_technical_genes_fdr	stouffer_ribo_adjusted_fdr	stouffer_ribo_adjusted_excluding_technical_fdr
GOBP_ANTERIOR_POSTERIOR_PATTERN_SPECIFICATION	-2.287335338375273	-2.259254272826638	-2.2315854324489086	-2.2328527393808746	0.0155084961087602	0.0181046576910274	0.0009232348779044	0.0016049860580704
GOBP_PATTERN_SPECIFICATION_PROCESS	-2.0762784330737043	-2.059788466686991	-2.000166557612741	-2.020225813792673	0.0416513895492417	0.0623317500505372	0.019373944028752	0.0169217048591621
REACTOME_SIGNALING_BY_BMP	-2.012516183219461	-1.9989237478853232	-1.942753558766024	-1.9017024702200245	0.1127552132063622	0.1198304414493129	0.0155197483604854	0.100424219894601
HALLMARK_KRAS_SIGNALING_DN	-1.952204263639612	-1.8503608447584232	-1.308094824327941	-1.3289171113426772	0.0006703660943726	0.0051987767584097	0.329792059805487	0.3114672497208783
HALLMARK_OXIDATIVE_PHOSPHORYLATION	1.6465997659594356	1.6204081080538364	-2.003528952758088	-2.0475707009778685	0.0070709205762316	0.0102789374434549	0.0011431267237625	0.000855973204317
HALLMARK_EPITHELIAL_MESENCHYMAL_TRANSITION	1.8187846924452609	1.8401845524426543	1.5166529040223853	1.4767841602399012	0.0015413744548797	0.0010893439138444	0.0485616051803006	0.0507052529182879
HALLMARK_UNFOLDED_PROTEIN_RESPONSE	1.8518960277354544	1.57470053468338	0.8090687240570278	-0.7114885217571123	0.0009608568030419	0.0122006518350573	0.9430211489336424	1.0
HALLMARK_INTERFERON_GAMMA_RESPONSE	1.8539450840534344	1.8776669025973205	1.006889158427008	0.951152482825332	0.0011209996035489	0.000968305701195	0.5718738354854912	0.728710394663702
HALLMARK_TNFA_SIGNALING_VIA_NFKB	1.9529364194305383	2.005302221077712	1.7128238686535546	1.6729911910880018	0.0002241999207097	0.0002323933682868	0.0281032792728568	0.0335603112840466
HALLMARK_IL6_JAK_STAT3_SIGNALING	2.035900894404674	2.052316665443429	1.6358639668471922	1.6415464988236614	0.0001401249504436	0.0	0.0320872690548327	0.0299610894941634
HALLMARK_MYC_TARGETS_V2	2.0459587320598	2.0621525659155946	1.7326904003336656	1.8058442010062368	0.0	0.0	0.0490999821778649	0.0210116731517509
HALLMARK_ALLOGRAFT_REJECTION	2.1530950859723634	2.1068027440458232	1.3118190651775774	1.482148662390948	0.0	0.0	0.1383090506742707	0.0552807115063924
HALLMARK_MYC_TARGETS_V1	2.282072687442623	2.0978714302275225	-0.9437577029732576	-0.908134717912654	0.0	0.0	1.0	1.0
GOBP_CYTOPLASMIC_TRANSLATION	2.459003968862421		-2.3851823790853066		0.0		6.994203620488104e-05	
REACTOME_EUKARYOTIC_TRANSLATION_ELONGATION	2.855508581197613		-2.781251375418968		0.0		0.0	
