url	file	bytes	md5
https://www.ebi.ac.uk/europepmc/webservices/rest/PMC7355049/supplementaryFiles#kirita2020_sd02.xlsx	kirita2020_sd02.xlsx	1709208	8bb403af6fe03fa74f0cee7aa8ef4856
https://www.ebi.ac.uk/europepmc/webservices/rest/PMC7355049/supplementaryFiles#kirita2020_SIappendix.pdf	kirita2020_SIappendix.pdf	10224027	0c51cb0809ec5432a0b11e243b536e1c
https://www.ebi.ac.uk/europepmc/webservices/rest/PMC7355049/fullTextXML	kirita2020_fulltext.xml	97666	1c99d97e579c401577ff7e7fc801ce28
https://www.informatics.jax.org/downloads/reports/HOM_MouseHumanSequence.rpt	MGI_HOM_MouseHumanSequence.rpt	15112222	52ded7aa493b5d9098a60635356bfae5
https://static-content.springer.com/esm/art%3A10.1038%2Fs41586-023-05769-3/MediaObjects/41586_2023_5769_MOESM6_ESM.zip	lake2023_MOESM6_supp_tables.zip	6803426	868223dc97d2926610ee751ed814eb77
lake2023_MOESM6_supp_tables.zip#2021-07-12390D-s6/2021-07-12390D-Supplementary Table 10.xlsx	lake2023_ST10.xlsx	16878	d486a453439e726b45aedfa65401a1e6
lake2023_MOESM6_supp_tables.zip#2021-07-12390D-s6/2021-07-12390D-Supplementary Table 12.xlsx	lake2023_ST12.xlsx	45346	3d97195bbca030bf54071aee31d18280
lake2023_MOESM6_supp_tables.zip#2021-07-12390D-s6/2021-07-12390D-Supplementary Table 13.xlsx	lake2023_ST13.xlsx	54470	3d4127d3c81e46c3b42cf9a0c03f506c
lake2023_MOESM6_supp_tables.zip#2021-07-12390D-s6/2021-07-12390D-Supplementary Table 29.xlsx	lake2023_ST29.xlsx	22494	3c1e871b593e29993a4fa31237a8e5b4
https://static-content.springer.com/esm/art%3A10.1038%2Fs41467-021-22368-w/MediaObjects/41467_2021_22368_MOESM4_ESM.xlsx	muto2021_MOESM4.xlsx	677255	38767c791244f0eb85099e375da74dd8
https://static-content.springer.com/esm/art%3A10.1038%2Fs41467-021-22368-w/MediaObjects/41467_2021_22368_MOESM8_ESM.xlsx	muto2021_MOESM8.xlsx	46599	7c4a39b758e6eb403527f1c80bb9179b
https://www.ebi.ac.uk/europepmc/webservices/rest/PMC8044133/fullTextXML	muto2021_fulltext.xml	198223	52776ad6e39743110fa536d442304231
https://static-content.springer.com/esm/art%3A10.1038%2Fs41588-024-01802-x/MediaObjects/41588_2024_1802_MOESM3_ESM.xlsx	abedini2024_MOESM3_supp_tables.xlsx	364603790	a2f3c00faf29226b3bafbee5ff0317b4
https://eutils.ncbi.nlm.nih.gov/entrez/eutils/efetch.fcgi?db=pmc&id=11592391&rettype=xml	abedini2024_fulltext.xml	137130	cccd4b83ccbbb244e84645b956361c6d
