signature	n_genes	n_in_background	background	markers12_n	markers12_k	markers12_expected	markers12_odds_ratio	markers12_p_hyper	markers12_p_depletion	markers12_genes	dE_all_n	dE_all_k	dE_all_expected	dE_all_odds_ratio	dE_all_p_hyper	dE_all_p_depletion	dE_all_genes	dE_up_n	dE_up_k	dE_up_expected	dE_up_odds_ratio	dE_up_p_hyper	dE_up_p_depletion	dE_up_genes	dE_down_n	dE_down_k	dE_down_expected	dE_down_odds_ratio	dE_down_p_hyper	dE_down_p_depletion	dE_down_genes	disc_n_scored	disc_frac_dE_lfc_pos	disc_median_dE_wald	disc_median_dE_wald_rest	disc_mwu_p_vs_rest
Kirita2020_FRPTC_text	3	3	17454	12	0	0.002062564455139223	199.30857142857144	1.0	0.9979387352569765		322	0	0.055345479546235817	7.58781838316722	1.0	0.9456662269636261		264	0	0.04537641801306291	9.283013772616798	1.0	0.9553039393926019		58	0	0.009969061533172912	42.47496947496948	1.0	0.9900634617419878		3	0.6666666666666666	0.4082019133179974	0.06776684343550164	0.8389678992538314
Muto2021_PTVCAM1_text	5	5	17454	12	0	0.0034376074252320385	126.81818181818181	1.0	0.9965667232938439		322	0	0.09224246591039303	4.828047921071177	1.0	0.9110889785015125		264	0	0.07562736335510485	5.9066849974222375	1.0	0.926617937989844		58	0	0.016615102555288187	27.026418026418025	1.0	0.9834930767493014		5	0.6	0.35097845602242117	0.06776684343550164	0.7957891478500962
Abedini2024_iPT_VCAM1_text	4	4	17454	12	0	0.002750085940185631	155.0088888888889	1.0	0.9972525129875889		322	0	0.07379397272831442	5.901291989664083	1.0	0.928217110862412		264	0	0.060501890684083875	7.219701743331233	1.0	0.9408520317655521		58	0	0.013292082044230548	33.034188034188034	1.0	0.9867728949675315		4	0.25	-0.5359956920501477	0.06788639119192866	0.5096184822288289
Abedini2024_iPT_HAVCR1_text	6	6	17454	12	0	0.004125128910278446	107.30153846153846	1.0	0.9958813659278328		322	1	0.11069095909247163	14.529195532305952	0.10572405669119118	0.9951541544650311	ITGA3	264	1	0.09075283602612581	17.787303777816113	0.08740161245025677	0.996715690190348	ITGA3	58	0	0.019938123066345823	22.867192636423404	1.0	0.9802239725913864		6	0.8333333333333334	1.7654620913776244	0.06769239167041671	0.01626911063633697
Kirita2020_FRPTC_DS2	200	192	17454	12	2	0.13200412512891027	21.562929633795775	0.007389285518890625	0.9997320298743206	CD44,RIMS2	322	5	3.5421106909590923	1.565568503937008	0.2812022512593826	0.8549355763186581	ADAMTSL4,CD44,FMNL2,MAP1B,RIMS2	264	5	2.904090752836026	1.9220398201669877	0.1665188853805216	0.928040350553542	ADAMTSL4,CD44,FMNL2,MAP1B,RIMS2	58	0	0.6380199381230663	0.7638805638805639	1.0	0.5259175508309344		193	0.5544041450777202	0.14911436659590677	0.06744594174455905	0.30152399857908485
Lake2023_aPT_snCv3	398	393	17454	12	0	0.27019594362323823	1.733113087674714	1.0	0.7608101371680885		322	6	7.250257820556892	0.8874952861438108	0.7356187908420542	0.40942623308675513	FMNL2,ITGA3,MIR4435-2HG,MTHFD1L,MYO1E,PVT1	264	6	5.944310759711241	1.090387471142447	0.5482319776222444	0.6154565915900112	FMNL2,ITGA3,MIR4435-2HG,MTHFD1L,MYO1E,PVT1	58	0	1.3059470608456514	0.36932416729113043	1.0	0.2663189751598079		393	0.5597964376590331	0.1586079999161984	0.06573916390586573	0.009213150398424144
Lake2023_aPT_scCv3	444	439	17454	12	0	0.301821931935373	1.5475312855517633	1.0	0.7365485723064955		322	0	8.098888506932509	0.058888271555943596	1.0	0.00025357789772672125		264	0	6.640082502578205	0.07205085689830557	1.0	0.0011398464643579147		58	0	1.4588060043543027	0.3297745106618827	1.0	0.2276571967588292		439	0.5808656036446469	0.28208782410504546	0.06380673573004542	0.20797441200832467
Lake2023_aPT_clinical	26	26	17454	12	0	0.0178755586112066	26.289056603773584	1.0	0.9822646267829508		322	0	0.47966082273404376	1.0008190726927015	1.0	0.6160107696047535		264	0	0.3932622894465452	1.2244177337090274	1.0	0.6726346185031555		58	0	0.08639853328749857	5.602483470407999	1.0	0.9170396700565618		26	0.4230769230769231	-0.12947700274353036	0.06797654191951406	0.3254919651519713
Lake2023_degenerative_clinical	196	195	17454	12	0	0.1340666895840495	3.5289002557544755	1.0	0.8738347724010447		322	0	3.5974561705053283	0.13432066456511826	1.0	0.025950188643790117		264	0	2.949467170849089	0.16433554600438022	1.0	0.050349344735656644		58	0	0.6479889996562392	0.7520274553522636	1.0	0.5206338181445327		195	0.5743589743589743	0.11596984121940362	0.06753436779237205	0.8028410501609484
Muto2021_PTVCAM1_vs_PT	200	197	17454	12	1	0.13544173255414232	11.448058413541322	0.12737997647789576	0.9922346434691213	SULT1C4	322	4	3.6343531568694853	1.2368661239093133	0.4940546748106693	0.7009448225511606	FMNL2,ITGA3,PVT1,SULT1C4	264	4	2.979718116191131	1.517430701245369	0.3481372460655848	0.820952629194365	FMNL2,ITGA3,PVT1,SULT1C4	58	0	0.6546350406783545	0.744325435464676	1.0	0.517140348734062		197	0.5076142131979695	0.07082599109408211	0.06776684343550164	0.9700940883107584
Abedini2024_iPT_ST8	200	174	17454	12	1	0.11962873839807495	12.982959528881093	0.11331644359313284	0.9938927327215084	SULT1C4	322	4	3.2100378136816774	1.4056220277418434	0.4003596028880415	0.7808777453262243	APBA2,RDH5,SSPN,SULT1C4	264	4	2.6318322447576485	1.7244583785974412	0.2698948042782317	0.8753873558638253	APBA2,RDH5,SSPN,SULT1C4	58	0	0.5782055689240289	0.8435579065951558	1.0	0.5587446550251207		174	0.6609195402298851	0.591653317575727	0.06396452831300173	2.289394767586094e-05
ANY_published_union	1267	1222	17454	12	3	0.8401512547267103	4.901253749379599	0.04675872766180303	0.9924928621500185	CD44,RIMS2,SULT1C4	322	14	22.544058668500057	0.6193440708004954	0.9824792196367726	0.03187327312713934	ADAMTSL4,APBA2,CD44,FMNL2,ITGA3,MAP1B,MIR4435-2HG,MTHFD1L,MYO1E,PVT1,RDH5,RIMS2,SSPN,SULT1C4	264	14	18.483327603987625	0.7655231531145404	0.8908877006934508	0.16667326862487056	ADAMTSL4,APBA2,CD44,FMNL2,ITGA3,MAP1B,MIR4435-2HG,MTHFD1L,MYO1E,PVT1,RDH5,RIMS2,SSPN,SULT1C4	58	0	4.060731064512432	0.11308269099680143	1.0	0.014742329493248631		1223	0.5789043336058871	0.2529789639081069	0.0542061894528582	0.00043909938794201904
