redcap_id	file_name	file_size
28-12265	054f8539-80a9-49d3-ac4b-7939d2e84270_XY02_stitch.tif	355005991.0
31-10221	08285707-e3be-4d3b-8fdf-554ab400f5e4_XY03_stitch.tif	355100257.0
28-12265	1642f100-cf96-4ec4-a0f5-24a807ac6c0b_XY03_stitch.tif	355095283.0
31-10042	1bc9cb30-8c87-4a3c-b7c5-52a1b8f193c6_XY02_stitch.tif	354972097.0
29-10404	287a74cd-6476-4baf-a745-74b81c16980a_XY01_stitch.tif	354851335.0
21-019	3dcda875-1ff9-4bd6-a54a-96588a42483d_XY02_IU-21-019-5.tif	355148921.0
21-015	515c7c67-d171-421a-8d53-a85f922efe60_XY03_IU-21-015-2.tif	354986839.0
M61	7ee01266-e2c1-4db3-8d86-d8ff9396efa2_XY03-M61.tif	175190160.0
29-10013	87758620-f1fe-48d9-a021-4cd82e8c75d3_XY04_stitch.tif	355139105.0
F52	97389a91-f22b-4b2c-a6bf-522808bd7d43_XY04-F52.tif	509628012.0
29-10282	c09284c1-b9f8-4f88-8e5f-648dc02a7d76_XY01_stitch.tif	354783583.0
M32	cd7ac14e-8c13-4475-9ecc-a58fb260636f_XY02-M32.tif	506257752.0
29-10280	d09b7669-043e-48cc-a763-7fbefa070d1c_XY01_stitch.tif	354689327.0
935-10099	fcdafa4a-7f74-41f7-b9ee-e8b039bac01c_V13L19-322_XY01_25_0249.tif	1339709356.0
