participant	sample	h5	positions	scalefactors	fullres_tif	hires_png	group
163-1	V14B09-330_XY03_25-0288	data/processed/kpmp_visium/163-1/V14B09-330_XY03_25-0288/outs/filtered_feature_bc_matrix.h5	data/processed/kpmp_visium/163-1/V14B09-330_XY03_25-0288/outs/spatial/tissue_positions.csv	data/processed/kpmp_visium/163-1/V14B09-330_XY03_25-0288/outs/spatial/scalefactors_json.json	data/raw/kpmp/Spatial_Transcriptomics/163-1/ec601f18-87dc-447e-aaa5-f7b6f78c217d_V14B09-330_XY03_25-0288.tif	data/processed/kpmp_visium/163-1/V14B09-330_XY03_25-0288/outs/spatial/tissue_hires_image.png	Reference
163-4	V13U21-276_XY01_24-0203	data/processed/kpmp_visium/163-4/V13U21-276_XY01_24-0203/outs/filtered_feature_bc_matrix.h5	data/processed/kpmp_visium/163-4/V13U21-276_XY01_24-0203/outs/spatial/tissue_positions.csv	data/processed/kpmp_visium/163-4/V13U21-276_XY01_24-0203/outs/spatial/scalefactors_json.json	data/raw/kpmp/Spatial_Transcriptomics/163-4/379b2fdf-1a5e-4caa-be5b-40754988811c_V13U21-276_XY01_24-0203.tif	data/processed/kpmp_visium/163-4/V13U21-276_XY01_24-0203/outs/spatial/tissue_hires_image.png	Reference
164-1	V14S09-325_XY01_24-0168	data/processed/kpmp_visium/164-1/V14S09-325_XY01_24-0168/outs/filtered_feature_bc_matrix.h5	data/processed/kpmp_visium/164-1/V14S09-325_XY01_24-0168/outs/spatial/tissue_positions.csv	data/processed/kpmp_visium/164-1/V14S09-325_XY01_24-0168/outs/spatial/scalefactors_json.json	data/raw/kpmp/Spatial_Transcriptomics/164-1/062a931c-0a34-4125-8899-4d1ab8b08ac5_V14S09-325_XY01_24-0168.tif	data/processed/kpmp_visium/164-1/V14S09-325_XY01_24-0168/outs/spatial/tissue_hires_image.png	Reference
164-10	V14B09-279_XY04_25-0277	data/processed/kpmp_visium/164-10/V14B09-279_XY04_25-0277/outs/filtered_feature_bc_matrix.h5	data/processed/kpmp_visium/164-10/V14B09-279_XY04_25-0277/outs/spatial/tissue_positions.csv	data/processed/kpmp_visium/164-10/V14B09-279_XY04_25-0277/outs/spatial/scalefactors_json.json	data/raw/kpmp/Spatial_Transcriptomics/164-10/ac6bc3c3-3ea7-4bf7-b4a3-ece8a6596859_V14B09-279_XY04_25-0277.tif	data/processed/kpmp_visium/164-10/V14B09-279_XY04_25-0277/outs/spatial/tissue_hires_image.png	Reference
164-11	V13U21-357_XY01_25-0230	data/processed/kpmp_visium/164-11/V13U21-357_XY01_25-0230/outs/filtered_feature_bc_matrix.h5	data/processed/kpmp_visium/164-11/V13U21-357_XY01_25-0230/outs/spatial/tissue_positions.csv	data/processed/kpmp_visium/164-11/V13U21-357_XY01_25-0230/outs/spatial/scalefactors_json.json	data/raw/kpmp/Spatial_Transcriptomics/164-11/2b16ddf5-d6c1-4af9-bd33-47424ec966da_V13U21-357_XY01_25-0230.tif	data/processed/kpmp_visium/164-11/V13U21-357_XY01_25-0230/outs/spatial/tissue_hires_image.png	Reference
164-12	V13Y22-309_XY04_21-0162	data/processed/kpmp_visium/164-12/V13Y22-309_XY04_21-0162/filtered_feature_bc_matrix.h5	data/processed/kpmp_visium/164-12/V13Y22-309_XY04_21-0162/spatial/tissue_positions.csv	data/processed/kpmp_visium/164-12/V13Y22-309_XY04_21-0162/spatial/scalefactors_json.json	data/raw/kpmp/Spatial_Transcriptomics/164-12/2530ec7d-f9b0-491e-9ce4-9c694ff5a302_V13Y22-309_XY04_21-0162.tif	data/processed/kpmp_visium/164-12/V13Y22-309_XY04_21-0162/spatial/tissue_hires_image.png	Reference
164-14	V14Y20-274_XY03_24-0187	data/processed/kpmp_visium/164-14/V14Y20-274_XY03_24-0187/outs/filtered_feature_bc_matrix.h5	data/processed/kpmp_visium/164-14/V14Y20-274_XY03_24-0187/outs/spatial/tissue_positions.csv	data/processed/kpmp_visium/164-14/V14Y20-274_XY03_24-0187/outs/spatial/scalefactors_json.json	data/raw/kpmp/Spatial_Transcriptomics/164-14/c23db9ed-07b1-4d77-95db-c85b94d3f55e_V14Y20-274_XY03_24-0187.tif	data/processed/kpmp_visium/164-14/V14Y20-274_XY03_24-0187/outs/spatial/tissue_hires_image.png	Reference
164-15	V13L17-316_XY04_25-0231	data/processed/kpmp_visium/164-15/V13L17-316_XY04_25-0231/outs/filtered_feature_bc_matrix.h5	data/processed/kpmp_visium/164-15/V13L17-316_XY04_25-0231/outs/spatial/tissue_positions.csv	data/processed/kpmp_visium/164-15/V13L17-316_XY04_25-0231/outs/spatial/scalefactors_json.json	data/raw/kpmp/Spatial_Transcriptomics/164-15/d0dd4293-5051-4408-b3ab-47a773097b53_V13L17-316_XY04_25-0231.tif	data/processed/kpmp_visium/164-15/V13L17-316_XY04_25-0231/outs/spatial/tissue_hires_image.png	Reference
164-17	V13Y22-309_XY02_23-0159	data/processed/kpmp_visium/164-17/V13Y22-309_XY02_23-0159/filtered_feature_bc_matrix.h5	data/processed/kpmp_visium/164-17/V13Y22-309_XY02_23-0159/spatial/tissue_positions.csv	data/processed/kpmp_visium/164-17/V13Y22-309_XY02_23-0159/spatial/scalefactors_json.json	data/raw/kpmp/Spatial_Transcriptomics/164-17/0ecd6b8b-a95a-420d-8dbb-8b2430500296_V13Y22-309_XY02_23-0159.tif	data/processed/kpmp_visium/164-17/V13Y22-309_XY02_23-0159/spatial/tissue_hires_image.png	Reference
164-18	V14Y20-274_XY02_24-0175	data/processed/kpmp_visium/164-18/V14Y20-274_XY02_24-0175/outs/filtered_feature_bc_matrix.h5	data/processed/kpmp_visium/164-18/V14Y20-274_XY02_24-0175/outs/spatial/tissue_positions.csv	data/processed/kpmp_visium/164-18/V14Y20-274_XY02_24-0175/outs/spatial/scalefactors_json.json	data/raw/kpmp/Spatial_Transcriptomics/164-18/0a79f735-164a-4609-8b76-06fd1be42c32_V14Y20-274_XY02_24-0175.tif	data/processed/kpmp_visium/164-18/V14Y20-274_XY02_24-0175/outs/spatial/tissue_hires_image.png	Reference
164-21	V13Y22-309_XY03_23-0160	data/processed/kpmp_visium/164-21/V13Y22-309_XY03_23-0160/filtered_feature_bc_matrix.h5	data/processed/kpmp_visium/164-21/V13Y22-309_XY03_23-0160/spatial/tissue_positions.csv	data/processed/kpmp_visium/164-21/V13Y22-309_XY03_23-0160/spatial/scalefactors_json.json	data/raw/kpmp/Spatial_Transcriptomics/164-21/8e324be6-c6b1-4c13-85fb-14a5b74ae1cc_V13Y22-309_XY03_23-0160.tif	data/processed/kpmp_visium/164-21/V13Y22-309_XY03_23-0160/spatial/tissue_hires_image.png	Reference
164-22	V13Y22-309_XY01_23-0158	data/processed/kpmp_visium/164-22/V13Y22-309_XY01_23-0158/filtered_feature_bc_matrix.h5	data/processed/kpmp_visium/164-22/V13Y22-309_XY01_23-0158/spatial/tissue_positions.csv	data/processed/kpmp_visium/164-22/V13Y22-309_XY01_23-0158/spatial/scalefactors_json.json	data/raw/kpmp/Spatial_Transcriptomics/164-22/caf0b19a-fa30-42f2-ae57-00ccceec9ad7_V13Y22-309_XY01_23-0158.tif	data/processed/kpmp_visium/164-22/V13Y22-309_XY01_23-0158/spatial/tissue_hires_image.png	Reference
164-3	V13U21-276_XY02_24-0204	data/processed/kpmp_visium/164-3/V13U21-276_XY02_24-0204/outs/filtered_feature_bc_matrix.h5	data/processed/kpmp_visium/164-3/V13U21-276_XY02_24-0204/outs/spatial/tissue_positions.csv	data/processed/kpmp_visium/164-3/V13U21-276_XY02_24-0204/outs/spatial/scalefactors_json.json	data/raw/kpmp/Spatial_Transcriptomics/164-3/e18ff420-716a-4e85-9d22-1dcd0b910b4f_V13U21-276_XY02_24-0204.tif	data/processed/kpmp_visium/164-3/V13U21-276_XY02_24-0204/outs/spatial/tissue_hires_image.png	Reference
164-5	V13Y22-307_XY02_24-0169	data/processed/kpmp_visium/164-5/V13Y22-307_XY02_24-0169/outs/filtered_feature_bc_matrix.h5	data/processed/kpmp_visium/164-5/V13Y22-307_XY02_24-0169/outs/spatial/tissue_positions.csv	data/processed/kpmp_visium/164-5/V13Y22-307_XY02_24-0169/outs/spatial/scalefactors_json.json	data/raw/kpmp/Spatial_Transcriptomics/164-5/73d7fb6e-3abb-4880-8394-d8f9d32614d4_V13Y22-307_XY02_24-0169.tif	data/processed/kpmp_visium/164-5/V13Y22-307_XY02_24-0169/outs/spatial/tissue_hires_image.png	Reference
164-6	V13Y22-307_XY03_24-0170	data/processed/kpmp_visium/164-6/V13Y22-307_XY03_24-0170/outs/filtered_feature_bc_matrix.h5	data/processed/kpmp_visium/164-6/V13Y22-307_XY03_24-0170/outs/spatial/tissue_positions.csv	data/processed/kpmp_visium/164-6/V13Y22-307_XY03_24-0170/outs/spatial/scalefactors_json.json	data/raw/kpmp/Spatial_Transcriptomics/164-6/da02a1e8-8ccf-4e01-8ca3-50343f2675dd_V13Y22-307_XY03_24-0170.tif	data/processed/kpmp_visium/164-6/V13Y22-307_XY03_24-0170/outs/spatial/tissue_hires_image.png	Reference
164-7	V13U21-276_XY03_24-0205	data/processed/kpmp_visium/164-7/V13U21-276_XY03_24-0205/outs/filtered_feature_bc_matrix.h5	data/processed/kpmp_visium/164-7/V13U21-276_XY03_24-0205/outs/spatial/tissue_positions.csv	data/processed/kpmp_visium/164-7/V13U21-276_XY03_24-0205/outs/spatial/scalefactors_json.json	data/raw/kpmp/Spatial_Transcriptomics/164-7/8276b38f-b8d5-4068-b4aa-b6942337a513_V13U21-276_XY03_24-0205.tif	data/processed/kpmp_visium/164-7/V13U21-276_XY03_24-0205/outs/spatial/tissue_hires_image.png	Reference
164-8	V13U21-276_XY04_24-0206	data/processed/kpmp_visium/164-8/V13U21-276_XY04_24-0206/outs/filtered_feature_bc_matrix.h5	data/processed/kpmp_visium/164-8/V13U21-276_XY04_24-0206/outs/spatial/tissue_positions.csv	data/processed/kpmp_visium/164-8/V13U21-276_XY04_24-0206/outs/spatial/scalefactors_json.json	data/raw/kpmp/Spatial_Transcriptomics/164-8/3f454755-6010-4bcb-8013-5f26fb595d53_V13U21-276_XY04_24-0206.tif	data/processed/kpmp_visium/164-8/V13U21-276_XY04_24-0206/outs/spatial/tissue_hires_image.png	Reference
165-10	V10S15-086_XY03_HRT3	data/processed/kpmp_visium/165-10/V10S15-086_XY03_HRT3/V10S15-086_XY03_HRT3/outs/filtered_feature_bc_matrix.h5	data/processed/kpmp_visium/165-10/V10S15-086_XY03_HRT3/V10S15-086_XY03_HRT3/outs/spatial/tissue_positions_list.csv	data/processed/kpmp_visium/165-10/V10S15-086_XY03_HRT3/V10S15-086_XY03_HRT3/outs/spatial/scalefactors_json.json	data/raw/kpmp/Spatial_Transcriptomics/165-10/1fd542d9-bd11-4189-a33f-6064c049c2c6_V10S15-086_XY03_HRT3.tif	data/processed/kpmp_visium/165-10/V10S15-086_XY03_HRT3/V10S15-086_XY03_HRT3/outs/spatial/tissue_hires_image.png	Reference
165-13	V13Y22-307_XY04_24-0171	data/processed/kpmp_visium/165-13/V13Y22-307_XY04_24-0171/outs/filtered_feature_bc_matrix.h5	data/processed/kpmp_visium/165-13/V13Y22-307_XY04_24-0171/outs/spatial/tissue_positions.csv	data/processed/kpmp_visium/165-13/V13Y22-307_XY04_24-0171/outs/spatial/scalefactors_json.json	data/raw/kpmp/Spatial_Transcriptomics/165-13/d6e43019-3f3c-47f1-9552-85adc948c9ea_V13Y22-307_XY04_24-0171.tif	data/processed/kpmp_visium/165-13/V13Y22-307_XY04_24-0171/outs/spatial/tissue_hires_image.png	Reference
165-14	V14Y20-274_XY04_24-0188	data/processed/kpmp_visium/165-14/V14Y20-274_XY04_24-0188/outs/filtered_feature_bc_matrix.h5	data/processed/kpmp_visium/165-14/V14Y20-274_XY04_24-0188/outs/spatial/tissue_positions.csv	data/processed/kpmp_visium/165-14/V14Y20-274_XY04_24-0188/outs/spatial/scalefactors_json.json	data/raw/kpmp/Spatial_Transcriptomics/165-14/8ae6cc35-c0ab-427d-9870-e6493c9fa319_V14Y20-274_XY04_24-0188.tif	data/processed/kpmp_visium/165-14/V14Y20-274_XY04_24-0188/outs/spatial/tissue_hires_image.png	Reference
165-15	V14Y20-274_XY01_24-0186	data/processed/kpmp_visium/165-15/V14Y20-274_XY01_24-0186/outs/filtered_feature_bc_matrix.h5	data/processed/kpmp_visium/165-15/V14Y20-274_XY01_24-0186/outs/spatial/tissue_positions.csv	data/processed/kpmp_visium/165-15/V14Y20-274_XY01_24-0186/outs/spatial/scalefactors_json.json	data/raw/kpmp/Spatial_Transcriptomics/165-15/37c40f22-d71a-40c3-9eee-cee703bbd531_V14Y20-274_XY01_24-0186.tif	data/processed/kpmp_visium/165-15/V14Y20-274_XY01_24-0186/outs/spatial/tissue_hires_image.png	Reference
165-7	V10S15-086_XY01_HRT1	data/processed/kpmp_visium/165-7/V10S15-086_XY01_HRT1/V10S15-086_XY01_HRT1/outs/filtered_feature_bc_matrix.h5	data/processed/kpmp_visium/165-7/V10S15-086_XY01_HRT1/V10S15-086_XY01_HRT1/outs/spatial/tissue_positions_list.csv	data/processed/kpmp_visium/165-7/V10S15-086_XY01_HRT1/V10S15-086_XY01_HRT1/outs/spatial/scalefactors_json.json	data/raw/kpmp/Spatial_Transcriptomics/165-7/03c6a358-5d22-4ab7-9834-17f9b28f6c80_V10S15-086_XY01_HRT1.tif	data/processed/kpmp_visium/165-7/V10S15-086_XY01_HRT1/V10S15-086_XY01_HRT1/outs/spatial/tissue_hires_image.png	Reference
165-9	V10S15-086_XY02_HRT2	data/processed/kpmp_visium/165-9/V10S15-086_XY02_HRT2/V10S15-086_XY02_HRT2/outs/filtered_feature_bc_matrix.h5	data/processed/kpmp_visium/165-9/V10S15-086_XY02_HRT2/V10S15-086_XY02_HRT2/outs/spatial/tissue_positions_list.csv	data/processed/kpmp_visium/165-9/V10S15-086_XY02_HRT2/V10S15-086_XY02_HRT2/outs/spatial/scalefactors_json.json	data/raw/kpmp/Spatial_Transcriptomics/165-9/31ea93e3-d061-42c9-85ec-821f8eda6d98_V10S15-086_XY02_HRT2.tif	data/processed/kpmp_visium/165-9/V10S15-086_XY02_HRT2/V10S15-086_XY02_HRT2/outs/spatial/tissue_hires_image.png	Reference
27-10039	V12U21-010_XY01_21-0067	data/processed/kpmp_visium/27-10039/V12U21-010_XY01_21-0067/V12U21-010_XY01_21-0067/outs/filtered_feature_bc_matrix.h5	data/processed/kpmp_visium/27-10039/V12U21-010_XY01_21-0067/V12U21-010_XY01_21-0067/outs/spatial/tissue_positions_list.csv	data/processed/kpmp_visium/27-10039/V12U21-010_XY01_21-0067/V12U21-010_XY01_21-0067/outs/spatial/scalefactors_json.json	data/raw/kpmp/Spatial_Transcriptomics/27-10039/fed0701b-7a59-454c-96c9-5691b6acd52f_V12U21-010_XY01_21-0067.tif	data/processed/kpmp_visium/27-10039/V12U21-010_XY01_21-0067/V12U21-010_XY01_21-0067/outs/spatial/tissue_hires_image.png	DKD
27-10041	V13U21-274_XY01_24-0199	data/processed/kpmp_visium/27-10041/V13U21-274_XY01_24-0199/outs/filtered_feature_bc_matrix.h5	data/processed/kpmp_visium/27-10041/V13U21-274_XY01_24-0199/outs/spatial/tissue_positions.csv	data/processed/kpmp_visium/27-10041/V13U21-274_XY01_24-0199/outs/spatial/scalefactors_json.json	data/raw/kpmp/Spatial_Transcriptomics/27-10041/7ae10603-1a84-4f33-b32b-46d35a32ca42_V13U21-274_XY01_24-0199.tif	data/processed/kpmp_visium/27-10041/V13U21-274_XY01_24-0199/outs/spatial/tissue_hires_image.png	DKD
27-10042	V12N14-057_XY04_23-0121	data/processed/kpmp_visium/27-10042/V12N14-057_XY04_23-0121/V12N14-057_XY04_23-0121/outs/filtered_feature_bc_matrix.h5	data/processed/kpmp_visium/27-10042/V12N14-057_XY04_23-0121/V12N14-057_XY04_23-0121/outs/spatial/tissue_positions.csv	data/processed/kpmp_visium/27-10042/V12N14-057_XY04_23-0121/V12N14-057_XY04_23-0121/outs/spatial/scalefactors_json.json	data/raw/kpmp/Spatial_Transcriptomics/27-10042/bd0c2899-00c0-4bf4-a59a-26f7cc68aaba_V12N14-057_XY04_23-0121.tif	data/processed/kpmp_visium/27-10042/V12N14-057_XY04_23-0121/V12N14-057_XY04_23-0121/outs/spatial/tissue_hires_image.png	DKD
27-10047	V12D05-074_XY04_22-0104	data/processed/kpmp_visium/27-10047/V12D05-074_XY04_22-0104/V12D05-074_XY04_22-0104/outs/filtered_feature_bc_matrix.h5	data/processed/kpmp_visium/27-10047/V12D05-074_XY04_22-0104/V12D05-074_XY04_22-0104/outs/spatial/tissue_positions.csv	data/processed/kpmp_visium/27-10047/V12D05-074_XY04_22-0104/V12D05-074_XY04_22-0104/outs/spatial/scalefactors_json.json	data/raw/kpmp/Spatial_Transcriptomics/27-10047/bc999abd-2808-49fc-817e-0c51ed1b882a_V12D05-074_XY04_22-0104.tif	data/processed/kpmp_visium/27-10047/V12D05-074_XY04_22-0104/V12D05-074_XY04_22-0104/outs/spatial/tissue_hires_image.png	DKD
27-10067	V14Y20-295_XY03_24-0173_fl	data/processed/kpmp_visium/27-10067/V14Y20-295_XY03_24-0173_fl/outs/filtered_feature_bc_matrix.h5	data/processed/kpmp_visium/27-10067/V14Y20-295_XY03_24-0173_fl/outs/spatial/tissue_positions.csv	data/processed/kpmp_visium/27-10067/V14Y20-295_XY03_24-0173_fl/outs/spatial/scalefactors_json.json	data/raw/kpmp/Spatial_Transcriptomics/27-10067/6b9b1728-43ef-4f09-97cd-0fa56b56d4f9_V14Y20-295_XY03_24-0173_fl.tif	data/processed/kpmp_visium/27-10067/V14Y20-295_XY03_24-0173_fl/outs/spatial/tissue_hires_image.png	DKD
27-10071	V12N14-082_XY02_23-0130	data/processed/kpmp_visium/27-10071/V12N14-082_XY02_23-0130/filtered_feature_bc_matrix.h5	data/processed/kpmp_visium/27-10071/V12N14-082_XY02_23-0130/spatial/tissue_positions.csv	data/processed/kpmp_visium/27-10071/V12N14-082_XY02_23-0130/spatial/scalefactors_json.json	data/raw/kpmp/Spatial_Transcriptomics/27-10071/b7fa99e1-dc25-4298-a3b6-bd842d5dfbea_V12N14-082_XY02_23-0130.tif	data/processed/kpmp_visium/27-10071/V12N14-082_XY02_23-0130/spatial/tissue_hires_image.png	DKD
27-10074	V12U21-010_XY03_21-0070	data/processed/kpmp_visium/27-10074/V12U21-010_XY03_21-0070/V12U21-010_XY03_21-0070/outs/filtered_feature_bc_matrix.h5	data/processed/kpmp_visium/27-10074/V12U21-010_XY03_21-0070/V12U21-010_XY03_21-0070/outs/spatial/tissue_positions_list.csv	data/processed/kpmp_visium/27-10074/V12U21-010_XY03_21-0070/V12U21-010_XY03_21-0070/outs/spatial/scalefactors_json.json	data/raw/kpmp/Spatial_Transcriptomics/27-10074/da43cf8e-401e-4d57-b46f-27cd721bb2f3_V12U21-010_XY03_21-0070.tif	data/processed/kpmp_visium/27-10074/V12U21-010_XY03_21-0070/V12U21-010_XY03_21-0070/outs/spatial/tissue_hires_image.png	DKD
27-10087	V13U21-274_XY03_24-0201	data/processed/kpmp_visium/27-10087/V13U21-274_XY03_24-0201/outs/filtered_feature_bc_matrix.h5	data/processed/kpmp_visium/27-10087/V13U21-274_XY03_24-0201/outs/spatial/tissue_positions.csv	data/processed/kpmp_visium/27-10087/V13U21-274_XY03_24-0201/outs/spatial/scalefactors_json.json	data/raw/kpmp/Spatial_Transcriptomics/27-10087/1ded9ed2-3462-4ad8-ba46-a13152452a66_V13U21-274_XY03_24-0201.tif	data/processed/kpmp_visium/27-10087/V13U21-274_XY03_24-0201/outs/spatial/tissue_hires_image.png	HKD_withDM
27-10088	V13F08-024_XY02_23-0136-flip	data/processed/kpmp_visium/27-10088/V13F08-024_XY02_23-0136-flip/filtered_feature_bc_matrix.h5	data/processed/kpmp_visium/27-10088/V13F08-024_XY02_23-0136-flip/spatial/tissue_positions.csv	data/processed/kpmp_visium/27-10088/V13F08-024_XY02_23-0136-flip/spatial/scalefactors_json.json	data/raw/kpmp/Spatial_Transcriptomics/27-10088/6e4c369a-10c4-4e3a-85fa-1b0b18ca92c5_V13F08-024_XY02_23-0136-flip.tif	data/processed/kpmp_visium/27-10088/V13F08-024_XY02_23-0136-flip/spatial/tissue_hires_image.png	DM_noCKD
27-10094	V13Y22-310_XY03_23-0154	data/processed/kpmp_visium/27-10094/V13Y22-310_XY03_23-0154/outs/filtered_feature_bc_matrix.h5	data/processed/kpmp_visium/27-10094/V13Y22-310_XY03_23-0154/outs/spatial/tissue_positions.csv	data/processed/kpmp_visium/27-10094/V13Y22-310_XY03_23-0154/outs/spatial/scalefactors_json.json	data/raw/kpmp/Spatial_Transcriptomics/27-10094/cd893277-f3df-4884-971d-dd60e92c12fe_V13Y22-310_XY03_23-0154.tif	data/processed/kpmp_visium/27-10094/V13Y22-310_XY03_23-0154/outs/spatial/tissue_hires_image.png	DKD
27-10146	V14B09-329_XY01_25-0282	data/processed/kpmp_visium/27-10146/V14B09-329_XY01_25-0282/outs/filtered_feature_bc_matrix.h5	data/processed/kpmp_visium/27-10146/V14B09-329_XY01_25-0282/outs/spatial/tissue_positions.csv	data/processed/kpmp_visium/27-10146/V14B09-329_XY01_25-0282/outs/spatial/scalefactors_json.json	data/raw/kpmp/Spatial_Transcriptomics/27-10146/f12b34d9-10cc-4bc4-b9b9-d495ea352aa9_V14B09-329_XY01_25-0282.tif	data/processed/kpmp_visium/27-10146/V14B09-329_XY01_25-0282/outs/spatial/tissue_hires_image.png	DKD
27-10155	V14B09-278_XY01_25-0270	data/processed/kpmp_visium/27-10155/V14B09-278_XY01_25-0270/outs/filtered_feature_bc_matrix.h5	data/processed/kpmp_visium/27-10155/V14B09-278_XY01_25-0270/outs/spatial/tissue_positions.csv	data/processed/kpmp_visium/27-10155/V14B09-278_XY01_25-0270/outs/spatial/scalefactors_json.json	data/raw/kpmp/Spatial_Transcriptomics/27-10155/7d223471-889b-4a55-b730-ba09579a5537_V14B09-278_XY01_25-0270.tif	data/processed/kpmp_visium/27-10155/V14B09-278_XY01_25-0270/outs/spatial/tissue_hires_image.png	HKD_withDM
27-10157	V13L17-316_XY02_25-0224	data/processed/kpmp_visium/27-10157/V13L17-316_XY02_25-0224/outs/filtered_feature_bc_matrix.h5	data/processed/kpmp_visium/27-10157/V13L17-316_XY02_25-0224/outs/spatial/tissue_positions.csv	data/processed/kpmp_visium/27-10157/V13L17-316_XY02_25-0224/outs/spatial/scalefactors_json.json	data/raw/kpmp/Spatial_Transcriptomics/27-10157/a8628191-64f3-46cc-8e6e-3f9968d2dc20_V13L17-316_XY02_25-0224.tif	data/processed/kpmp_visium/27-10157/V13L17-316_XY02_25-0224/outs/spatial/tissue_hires_image.png	DKD
27-10163	V14S03-385_XY04_24-0166	data/processed/kpmp_visium/27-10163/V14S03-385_XY04_24-0166/outs/filtered_feature_bc_matrix.h5	data/processed/kpmp_visium/27-10163/V14S03-385_XY04_24-0166/outs/spatial/tissue_positions.csv	data/processed/kpmp_visium/27-10163/V14S03-385_XY04_24-0166/outs/spatial/scalefactors_json.json	data/raw/kpmp/Spatial_Transcriptomics/27-10163/222c07f7-dc73-4aad-aea9-e9372c890395_V14S03-385_XY04_24-0166.tif	data/processed/kpmp_visium/27-10163/V14S03-385_XY04_24-0166/outs/spatial/tissue_hires_image.png	DM_noCKD
27-10165	V13Y22-306_XY03_24-0165	data/processed/kpmp_visium/27-10165/V13Y22-306_XY03_24-0165/outs/filtered_feature_bc_matrix.h5	data/processed/kpmp_visium/27-10165/V13Y22-306_XY03_24-0165/outs/spatial/tissue_positions.csv	data/processed/kpmp_visium/27-10165/V13Y22-306_XY03_24-0165/outs/spatial/scalefactors_json.json	data/raw/kpmp/Spatial_Transcriptomics/27-10165/07156f04-a58d-406c-9c7d-f1bfa421ab67_V13Y22-306_XY03_24-0165.tif	data/processed/kpmp_visium/27-10165/V13Y22-306_XY03_24-0165/outs/spatial/tissue_hires_image.png	DKD
27-10166	V14Y20-275_XY04_24-0189_fl	data/processed/kpmp_visium/27-10166/V14Y20-275_XY04_24-0189_fl/outs/filtered_feature_bc_matrix.h5	data/processed/kpmp_visium/27-10166/V14Y20-275_XY04_24-0189_fl/outs/spatial/tissue_positions.csv	data/processed/kpmp_visium/27-10166/V14Y20-275_XY04_24-0189_fl/outs/spatial/scalefactors_json.json	data/raw/kpmp/Spatial_Transcriptomics/27-10166/eddbe716-27c2-48e0-953b-dec153e35c0c_V14Y20-275_XY04_24-0189_fl.tif	data/processed/kpmp_visium/27-10166/V14Y20-275_XY04_24-0189_fl/outs/spatial/tissue_hires_image.png	DM_noCKD
27-10170	V14B09-329_XY02_25-0283	data/processed/kpmp_visium/27-10170/V14B09-329_XY02_25-0283/outs/filtered_feature_bc_matrix.h5	data/processed/kpmp_visium/27-10170/V14B09-329_XY02_25-0283/outs/spatial/tissue_positions.csv	data/processed/kpmp_visium/27-10170/V14B09-329_XY02_25-0283/outs/spatial/scalefactors_json.json	data/raw/kpmp/Spatial_Transcriptomics/27-10170/1ee130be-b0f7-4dd4-8ae6-6b1d23579ea1_V14B09-329_XY02_25-0283.tif	data/processed/kpmp_visium/27-10170/V14B09-329_XY02_25-0283/outs/spatial/tissue_hires_image.png	HKD_withDM
27-10171	V13F08-024_XY04_23-0134-flip	data/processed/kpmp_visium/27-10171/V13F08-024_XY04_23-0134-flip/filtered_feature_bc_matrix.h5	data/processed/kpmp_visium/27-10171/V13F08-024_XY04_23-0134-flip/spatial/tissue_positions.csv	data/processed/kpmp_visium/27-10171/V13F08-024_XY04_23-0134-flip/spatial/scalefactors_json.json	data/raw/kpmp/Spatial_Transcriptomics/27-10171/2f88d2fb-9db5-411a-a36b-ef2ba538f7f9_V13F08-024_XY04_23-0134-flip.tif	data/processed/kpmp_visium/27-10171/V13F08-024_XY04_23-0134-flip/spatial/tissue_hires_image.png	DM_noCKD
27-10185	V13Y22-308_XY01_23-0156	data/processed/kpmp_visium/27-10185/V13Y22-308_XY01_23-0156/filtered_feature_bc_matrix.h5	data/processed/kpmp_visium/27-10185/V13Y22-308_XY01_23-0156/spatial/tissue_positions.csv	data/processed/kpmp_visium/27-10185/V13Y22-308_XY01_23-0156/spatial/scalefactors_json.json	data/raw/kpmp/Spatial_Transcriptomics/27-10185/18daaa51-8dc5-4ee8-8633-a71cb05b545d_V13Y22-308_XY01_23-0156.tif	data/processed/kpmp_visium/27-10185/V13Y22-308_XY01_23-0156/spatial/tissue_hires_image.png	DKD
27-10201	V13U21-399_XY04_24-0214	data/processed/kpmp_visium/27-10201/V13U21-399_XY04_24-0214/outs/filtered_feature_bc_matrix.h5	data/processed/kpmp_visium/27-10201/V13U21-399_XY04_24-0214/outs/spatial/tissue_positions.csv	data/processed/kpmp_visium/27-10201/V13U21-399_XY04_24-0214/outs/spatial/scalefactors_json.json	data/raw/kpmp/Spatial_Transcriptomics/27-10201/a1d20d34-4150-487e-a5df-5b7a928718a8_V13U21-399_XY04_24-0214.tif	data/processed/kpmp_visium/27-10201/V13U21-399_XY04_24-0214/outs/spatial/tissue_hires_image.png	DM_noCKD
27-10206	V13U21-400_XY01_24-0215	data/processed/kpmp_visium/27-10206/V13U21-400_XY01_24-0215/outs/filtered_feature_bc_matrix.h5	data/processed/kpmp_visium/27-10206/V13U21-400_XY01_24-0215/outs/spatial/tissue_positions.csv	data/processed/kpmp_visium/27-10206/V13U21-400_XY01_24-0215/outs/spatial/scalefactors_json.json	data/raw/kpmp/Spatial_Transcriptomics/27-10206/16bdd01b-6790-4a53-861f-588b61e3a5a1_V13U21-400_XY01_24-0215.tif	data/processed/kpmp_visium/27-10206/V13U21-400_XY01_24-0215/outs/spatial/tissue_hires_image.png	DKD
27-10207	V13U21-399_XY03_24-0213	data/processed/kpmp_visium/27-10207/V13U21-399_XY03_24-0213/outs/filtered_feature_bc_matrix.h5	data/processed/kpmp_visium/27-10207/V13U21-399_XY03_24-0213/outs/spatial/tissue_positions.csv	data/processed/kpmp_visium/27-10207/V13U21-399_XY03_24-0213/outs/spatial/scalefactors_json.json	data/raw/kpmp/Spatial_Transcriptomics/27-10207/8ee2b136-38ac-48bb-baee-8427b1140d04_V13U21-399_XY03_24-0213.tif	data/processed/kpmp_visium/27-10207/V13U21-399_XY03_24-0213/outs/spatial/tissue_hires_image.png	DM_noCKD
27-10211	V13U21-399_XY02_24-0212	data/processed/kpmp_visium/27-10211/V13U21-399_XY02_24-0212/outs/filtered_feature_bc_matrix.h5	data/processed/kpmp_visium/27-10211/V13U21-399_XY02_24-0212/outs/spatial/tissue_positions.csv	data/processed/kpmp_visium/27-10211/V13U21-399_XY02_24-0212/outs/spatial/scalefactors_json.json	data/raw/kpmp/Spatial_Transcriptomics/27-10211/ef05a04a-fee2-45fe-8c50-2309897342ca_V13U21-399_XY02_24-0212.tif	data/processed/kpmp_visium/27-10211/V13U21-399_XY02_24-0212/outs/spatial/tissue_hires_image.png	DKD
27-10228	V13L17-318_XY02_25-0235	data/processed/kpmp_visium/27-10228/V13L17-318_XY02_25-0235/outs/filtered_feature_bc_matrix.h5	data/processed/kpmp_visium/27-10228/V13L17-318_XY02_25-0235/outs/spatial/tissue_positions.csv	data/processed/kpmp_visium/27-10228/V13L17-318_XY02_25-0235/outs/spatial/scalefactors_json.json	data/raw/kpmp/Spatial_Transcriptomics/27-10228/1791e4dc-8b98-44ad-99b1-95f5d9f5dd49_V13L17-318_XY02_25-0235.tif	data/processed/kpmp_visium/27-10228/V13L17-318_XY02_25-0235/outs/spatial/tissue_hires_image.png	DKD
27-10229	V14S09-326_XY04_24-0195	data/processed/kpmp_visium/27-10229/V14S09-326_XY04_24-0195/outs/filtered_feature_bc_matrix.h5	data/processed/kpmp_visium/27-10229/V14S09-326_XY04_24-0195/outs/spatial/tissue_positions.csv	data/processed/kpmp_visium/27-10229/V14S09-326_XY04_24-0195/outs/spatial/scalefactors_json.json	data/raw/kpmp/Spatial_Transcriptomics/27-10229/e5bd4ec4-5f46-4559-bae7-6fec8d407c0a_V14S09-326_XY04_24-0195.tif	data/processed/kpmp_visium/27-10229/V14S09-326_XY04_24-0195/outs/spatial/tissue_hires_image.png	DM_noCKD
27-10231	V14B09-330_XY04_25-0289	data/processed/kpmp_visium/27-10231/V14B09-330_XY04_25-0289/outs/filtered_feature_bc_matrix.h5	data/processed/kpmp_visium/27-10231/V14B09-330_XY04_25-0289/outs/spatial/tissue_positions.csv	data/processed/kpmp_visium/27-10231/V14B09-330_XY04_25-0289/outs/spatial/scalefactors_json.json	data/raw/kpmp/Spatial_Transcriptomics/27-10231/53ccb033-0d40-4757-b52a-0da9b0f10e08_V14B09-330_XY04_25-0289.tif	data/processed/kpmp_visium/27-10231/V14B09-330_XY04_25-0289/outs/spatial/tissue_hires_image.png	DM_noCKD
27-10233	V13L17-318_XY04_25-0237	data/processed/kpmp_visium/27-10233/V13L17-318_XY04_25-0237/outs/filtered_feature_bc_matrix.h5	data/processed/kpmp_visium/27-10233/V13L17-318_XY04_25-0237/outs/spatial/tissue_positions.csv	data/processed/kpmp_visium/27-10233/V13L17-318_XY04_25-0237/outs/spatial/scalefactors_json.json	data/raw/kpmp/Spatial_Transcriptomics/27-10233/f7e2058f-5b99-4317-a2ed-ea0abd9ceb00_V13L17-318_XY04_25-0237.tif	data/processed/kpmp_visium/27-10233/V13L17-318_XY04_25-0237/outs/spatial/tissue_hires_image.png	DM_noCKD
27-10243	V13U21-357_XY02_25-0238	data/processed/kpmp_visium/27-10243/V13U21-357_XY02_25-0238/outs/filtered_feature_bc_matrix.h5	data/processed/kpmp_visium/27-10243/V13U21-357_XY02_25-0238/outs/spatial/tissue_positions.csv	data/processed/kpmp_visium/27-10243/V13U21-357_XY02_25-0238/outs/spatial/scalefactors_json.json	data/raw/kpmp/Spatial_Transcriptomics/27-10243/34164985-834b-4533-b693-b1469a8ef94a_V13U21-357_XY02_25-0238.tif	data/processed/kpmp_visium/27-10243/V13U21-357_XY02_25-0238/outs/spatial/tissue_hires_image.png	DKD
27-10262	V13L17-318_XY01_25-0233	data/processed/kpmp_visium/27-10262/V13L17-318_XY01_25-0233/outs/filtered_feature_bc_matrix.h5	data/processed/kpmp_visium/27-10262/V13L17-318_XY01_25-0233/outs/spatial/tissue_positions.csv	data/processed/kpmp_visium/27-10262/V13L17-318_XY01_25-0233/outs/spatial/scalefactors_json.json	data/raw/kpmp/Spatial_Transcriptomics/27-10262/644a7688-0cf0-476f-83bc-5bc2aa5a3a6b_V13L17-318_XY01_25-0233.tif	data/processed/kpmp_visium/27-10262/V13L17-318_XY01_25-0233/outs/spatial/tissue_hires_image.png	DM_noCKD
27-10371	V13U21-357_XY04_25-0240	data/processed/kpmp_visium/27-10371/V13U21-357_XY04_25-0240/outs/filtered_feature_bc_matrix.h5	data/processed/kpmp_visium/27-10371/V13U21-357_XY04_25-0240/outs/spatial/tissue_positions.csv	data/processed/kpmp_visium/27-10371/V13U21-357_XY04_25-0240/outs/spatial/scalefactors_json.json	data/raw/kpmp/Spatial_Transcriptomics/27-10371/79f4fb2c-d5c3-4942-8b84-29cac425702e_V13U21-357_XY04_25-0240.tif	data/processed/kpmp_visium/27-10371/V13U21-357_XY04_25-0240/outs/spatial/tissue_hires_image.png	DM_noCKD
27-10410	V13L19-321_XY03_25_0246	data/processed/kpmp_visium/27-10410/V13L19-321_XY03_25_0246/outs/filtered_feature_bc_matrix.h5	data/processed/kpmp_visium/27-10410/V13L19-321_XY03_25_0246/outs/spatial/tissue_positions.csv	data/processed/kpmp_visium/27-10410/V13L19-321_XY03_25_0246/outs/spatial/scalefactors_json.json	data/raw/kpmp/Spatial_Transcriptomics/27-10410/898222c8-6314-4ecc-8726-7682cf4ca8e4_V13L19-321_XY03_25_0246.tif	data/processed/kpmp_visium/27-10410/V13L19-321_XY03_25_0246/outs/spatial/tissue_hires_image.png	DM_noCKD
28-12178	V14S09-326_XY01_24-0190-remap	data/processed/kpmp_visium/28-12178/V14S09-326_XY01_24-0190-remap/outs/filtered_feature_bc_matrix.h5	data/processed/kpmp_visium/28-12178/V14S09-326_XY01_24-0190-remap/outs/spatial/tissue_positions.csv	data/processed/kpmp_visium/28-12178/V14S09-326_XY01_24-0190-remap/outs/spatial/scalefactors_json.json	data/raw/kpmp/Spatial_Transcriptomics/28-12178/7dbd13d6-4fba-4a0b-a534-d6d85ede024d_V14S09-326_XY01_24-0190-remap.tif	data/processed/kpmp_visium/28-12178/V14S09-326_XY01_24-0190-remap/outs/spatial/tissue_hires_image.png	DKD
28-12372	V13L17-317_XY02_25-0228	data/processed/kpmp_visium/28-12372/V13L17-317_XY02_25-0228/outs/filtered_feature_bc_matrix.h5	data/processed/kpmp_visium/28-12372/V13L17-317_XY02_25-0228/outs/spatial/tissue_positions.csv	data/processed/kpmp_visium/28-12372/V13L17-317_XY02_25-0228/outs/spatial/scalefactors_json.json	data/raw/kpmp/Spatial_Transcriptomics/28-12372/418dfaf1-b24d-49d5-b540-21d6d568f7ea_V13L17-317_XY02_25-0228.tif	data/processed/kpmp_visium/28-12372/V13L17-317_XY02_25-0228/outs/spatial/tissue_hires_image.png	HKD_withDM
28-12518	V14S03-385_XY01_23-0152	data/processed/kpmp_visium/28-12518/V14S03-385_XY01_23-0152/outs/filtered_feature_bc_matrix.h5	data/processed/kpmp_visium/28-12518/V14S03-385_XY01_23-0152/outs/spatial/tissue_positions.csv	data/processed/kpmp_visium/28-12518/V14S03-385_XY01_23-0152/outs/spatial/scalefactors_json.json	data/raw/kpmp/Spatial_Transcriptomics/28-12518/a37329d2-3a9a-4fbd-9807-b17ab44ba089_V14S03-385_XY01_23-0152.tif	data/processed/kpmp_visium/28-12518/V14S03-385_XY01_23-0152/outs/spatial/tissue_hires_image.png	HKD_withDM
28-12545	V13L17-317_XY01_25-0227	data/processed/kpmp_visium/28-12545/V13L17-317_XY01_25-0227/outs/filtered_feature_bc_matrix.h5	data/processed/kpmp_visium/28-12545/V13L17-317_XY01_25-0227/outs/spatial/tissue_positions.csv	data/processed/kpmp_visium/28-12545/V13L17-317_XY01_25-0227/outs/spatial/scalefactors_json.json	data/raw/kpmp/Spatial_Transcriptomics/28-12545/e4648ca9-6537-4fb8-bbd5-aa4d4eb1bf55_V13L17-317_XY01_25-0227.tif	data/processed/kpmp_visium/28-12545/V13L17-317_XY01_25-0227/outs/spatial/tissue_hires_image.png	HKD
28-12546	V14B09-280_XY04_25-0281	data/processed/kpmp_visium/28-12546/V14B09-280_XY04_25-0281/outs/filtered_feature_bc_matrix.h5	data/processed/kpmp_visium/28-12546/V14B09-280_XY04_25-0281/outs/spatial/tissue_positions.csv	data/processed/kpmp_visium/28-12546/V14B09-280_XY04_25-0281/outs/spatial/scalefactors_json.json	data/raw/kpmp/Spatial_Transcriptomics/28-12546/87408ffc-dd17-47f9-a374-138197111ff5_V14B09-280_XY04_25-0281.tif	data/processed/kpmp_visium/28-12546/V14B09-280_XY04_25-0281/outs/spatial/tissue_hires_image.png	DKD
28-12557	V14B09-279_XY02_25-0275	data/processed/kpmp_visium/28-12557/V14B09-279_XY02_25-0275/outs/filtered_feature_bc_matrix.h5	data/processed/kpmp_visium/28-12557/V14B09-279_XY02_25-0275/outs/spatial/tissue_positions.csv	data/processed/kpmp_visium/28-12557/V14B09-279_XY02_25-0275/outs/spatial/scalefactors_json.json	data/raw/kpmp/Spatial_Transcriptomics/28-12557/cdf69a65-ce6e-4517-955c-49c1ff71d994_V14B09-279_XY02_25-0275.tif	data/processed/kpmp_visium/28-12557/V14B09-279_XY02_25-0275/outs/spatial/tissue_hires_image.png	HKD_withDM
28-12579	V13L19-378_XY01_25-0265	data/processed/kpmp_visium/28-12579/V13L19-378_XY01_25-0265/outs/filtered_feature_bc_matrix.h5	data/processed/kpmp_visium/28-12579/V13L19-378_XY01_25-0265/outs/spatial/tissue_positions.csv	data/processed/kpmp_visium/28-12579/V13L19-378_XY01_25-0265/outs/spatial/scalefactors_json.json	data/raw/kpmp/Spatial_Transcriptomics/28-12579/04a876b7-27b9-4911-839d-bd492a23d6e0_V13L19-378_XY01_25-0265.tif	data/processed/kpmp_visium/28-12579/V13L19-378_XY01_25-0265/outs/spatial/tissue_hires_image.png	DKD
28-12613	V14B09-329_XY03_25-0284	data/processed/kpmp_visium/28-12613/V14B09-329_XY03_25-0284/outs/filtered_feature_bc_matrix.h5	data/processed/kpmp_visium/28-12613/V14B09-329_XY03_25-0284/outs/spatial/tissue_positions.csv	data/processed/kpmp_visium/28-12613/V14B09-329_XY03_25-0284/outs/spatial/scalefactors_json.json	data/raw/kpmp/Spatial_Transcriptomics/28-12613/b55b1edc-e423-450a-b9e9-75e3f6005274_V14B09-329_XY03_25-0284.tif	data/processed/kpmp_visium/28-12613/V14B09-329_XY03_25-0284/outs/spatial/tissue_hires_image.png	HKD
28-12626	V13L19-321_XY04_25_0248	data/processed/kpmp_visium/28-12626/V13L19-321_XY04_25_0248/outs/filtered_feature_bc_matrix.h5	data/processed/kpmp_visium/28-12626/V13L19-321_XY04_25_0248/outs/spatial/tissue_positions.csv	data/processed/kpmp_visium/28-12626/V13L19-321_XY04_25_0248/outs/spatial/scalefactors_json.json	data/raw/kpmp/Spatial_Transcriptomics/28-12626/c1a73d33-e1e4-4c5d-95df-790754281b3b_V13L19-321_XY04_25_0248.tif	data/processed/kpmp_visium/28-12626/V13L19-321_XY04_25_0248/outs/spatial/tissue_hires_image.png	DKD
28-12629	V13L19-330_XY03_25_0259	data/processed/kpmp_visium/28-12629/V13L19-330_XY03_25_0259/outs/filtered_feature_bc_matrix.h5	data/processed/kpmp_visium/28-12629/V13L19-330_XY03_25_0259/outs/spatial/tissue_positions.csv	data/processed/kpmp_visium/28-12629/V13L19-330_XY03_25_0259/outs/spatial/scalefactors_json.json	data/raw/kpmp/Spatial_Transcriptomics/28-12629/d4a2c3f0-496d-47a4-a6d5-be2a1fceb6e0_V13L19-330_XY03_25_0259.tif	data/processed/kpmp_visium/28-12629/V13L19-330_XY03_25_0259/outs/spatial/tissue_hires_image.png	HKD
28-12636	V14B09-330_XY02_25-0287	data/processed/kpmp_visium/28-12636/V14B09-330_XY02_25-0287/outs/filtered_feature_bc_matrix.h5	data/processed/kpmp_visium/28-12636/V14B09-330_XY02_25-0287/outs/spatial/tissue_positions.csv	data/processed/kpmp_visium/28-12636/V14B09-330_XY02_25-0287/outs/spatial/scalefactors_json.json	data/raw/kpmp/Spatial_Transcriptomics/28-12636/986c5d2e-6afb-46ff-a872-635b7e5a426e_V14B09-330_XY02_25-0287.tif	data/processed/kpmp_visium/28-12636/V14B09-330_XY02_25-0287/outs/spatial/tissue_hires_image.png	DKD
29-10016	V12D05-073_XY02_22-0110	data/processed/kpmp_visium/29-10016/V12D05-073_XY02_22-0110/V12D05-073_XY02_22-0110/outs/filtered_feature_bc_matrix.h5	data/processed/kpmp_visium/29-10016/V12D05-073_XY02_22-0110/V12D05-073_XY02_22-0110/outs/spatial/tissue_positions.csv	data/processed/kpmp_visium/29-10016/V12D05-073_XY02_22-0110/V12D05-073_XY02_22-0110/outs/spatial/scalefactors_json.json	data/raw/kpmp/Spatial_Transcriptomics/29-10016/c3de6e53-4a72-4100-8fd3-25a7e49e1ba5_V12D05-073_XY02_22-0110.tif	data/processed/kpmp_visium/29-10016/V12D05-073_XY02_22-0110/V12D05-073_XY02_22-0110/outs/spatial/tissue_hires_image.png	DKD
29-10277	V13J17-332_XY01_23-0119	data/processed/kpmp_visium/29-10277/V13J17-332_XY01_23-0119/V13J17-332_XY01_23-0119/outs/filtered_feature_bc_matrix.h5	data/processed/kpmp_visium/29-10277/V13J17-332_XY01_23-0119/V13J17-332_XY01_23-0119/outs/spatial/tissue_positions.csv	data/processed/kpmp_visium/29-10277/V13J17-332_XY01_23-0119/V13J17-332_XY01_23-0119/outs/spatial/scalefactors_json.json	data/raw/kpmp/Spatial_Transcriptomics/29-10277/5c595c55-fd30-4e86-8f51-f582f541a5ec_V13J17-332_XY01_23-0119.tif	data/processed/kpmp_visium/29-10277/V13J17-332_XY01_23-0119/V13J17-332_XY01_23-0119/outs/spatial/tissue_hires_image.png	DKD
29-10380	V12U21-010_XY02_21-0069	data/processed/kpmp_visium/29-10380/V12U21-010_XY02_21-0069/V12U21-010_XY02_21-0069/outs/filtered_feature_bc_matrix.h5	data/processed/kpmp_visium/29-10380/V12U21-010_XY02_21-0069/V12U21-010_XY02_21-0069/outs/spatial/tissue_positions_list.csv	data/processed/kpmp_visium/29-10380/V12U21-010_XY02_21-0069/V12U21-010_XY02_21-0069/outs/spatial/scalefactors_json.json	data/raw/kpmp/Spatial_Transcriptomics/29-10380/f6f1d607-1eb7-4f65-8cad-79e900ef5c75_V12U21-010_XY02_21-0069.tif	data/processed/kpmp_visium/29-10380/V12U21-010_XY02_21-0069/V12U21-010_XY02_21-0069/outs/spatial/tissue_hires_image.png	HKD
29-10394	V14Y20-296_XY04_24-0182_fl	data/processed/kpmp_visium/29-10394/V14Y20-296_XY04_24-0182_fl/outs/filtered_feature_bc_matrix.h5	data/processed/kpmp_visium/29-10394/V14Y20-296_XY04_24-0182_fl/outs/spatial/tissue_positions.csv	data/processed/kpmp_visium/29-10394/V14Y20-296_XY04_24-0182_fl/outs/spatial/scalefactors_json.json	data/raw/kpmp/Spatial_Transcriptomics/29-10394/1b1529d7-35dc-420e-8021-a5c138af5ae9_V14Y20-296_XY04_24-0182_fl.tif	data/processed/kpmp_visium/29-10394/V14Y20-296_XY04_24-0182_fl/outs/spatial/tissue_hires_image.png	DKD
29-10398	V13L17-315_XY04_25-0222	data/processed/kpmp_visium/29-10398/V13L17-315_XY04_25-0222/outs/filtered_feature_bc_matrix.h5	data/processed/kpmp_visium/29-10398/V13L17-315_XY04_25-0222/outs/spatial/tissue_positions.csv	data/processed/kpmp_visium/29-10398/V13L17-315_XY04_25-0222/outs/spatial/scalefactors_json.json	data/raw/kpmp/Spatial_Transcriptomics/29-10398/fa9fba0d-5f95-4c98-8f38-e5ec56494f4f_V13L17-315_XY04_25-0222.tif	data/processed/kpmp_visium/29-10398/V13L17-315_XY04_25-0222/outs/spatial/tissue_hires_image.png	DKD
29-10399	V14Y20-298_XY04_24-0183_fl	data/processed/kpmp_visium/29-10399/V14Y20-298_XY04_24-0183_fl/outs/filtered_feature_bc_matrix.h5	data/processed/kpmp_visium/29-10399/V14Y20-298_XY04_24-0183_fl/outs/spatial/tissue_positions.csv	data/processed/kpmp_visium/29-10399/V14Y20-298_XY04_24-0183_fl/outs/spatial/scalefactors_json.json	data/raw/kpmp/Spatial_Transcriptomics/29-10399/a918e452-1d32-407a-81f6-9c4e714b64ed_V14Y20-298_XY04_24-0183_fl.tif	data/processed/kpmp_visium/29-10399/V14Y20-298_XY04_24-0183_fl/outs/spatial/tissue_hires_image.png	DKD
29-10400	V14S09-326_XY02_24-0191	data/processed/kpmp_visium/29-10400/V14S09-326_XY02_24-0191/outs/filtered_feature_bc_matrix.h5	data/processed/kpmp_visium/29-10400/V14S09-326_XY02_24-0191/outs/spatial/tissue_positions.csv	data/processed/kpmp_visium/29-10400/V14S09-326_XY02_24-0191/outs/spatial/scalefactors_json.json	data/raw/kpmp/Spatial_Transcriptomics/29-10400/41289247-4bc5-4547-b3d3-db0b9d84e95d_V14S09-326_XY02_24-0191.tif	data/processed/kpmp_visium/29-10400/V14S09-326_XY02_24-0191/outs/spatial/tissue_hires_image.png	HKD_withDM
29-10405	V13M27-060_XY03_23-0146	data/processed/kpmp_visium/29-10405/V13M27-060_XY03_23-0146/filtered_feature_bc_matrix.h5	data/processed/kpmp_visium/29-10405/V13M27-060_XY03_23-0146/spatial/tissue_positions.csv	data/processed/kpmp_visium/29-10405/V13M27-060_XY03_23-0146/spatial/scalefactors_json.json	data/raw/kpmp/Spatial_Transcriptomics/29-10405/95e6f4c4-41b1-48bd-9d9b-743aa00a53d0_V13M27-060_XY03_23-0146.tif	data/processed/kpmp_visium/29-10405/V13M27-060_XY03_23-0146/spatial/tissue_hires_image.png	DKD
29-10408	V12U06-350_XY01_22-0081	data/processed/kpmp_visium/29-10408/V12U06-350_XY01_22-0081/V12U06-350_XY01_22-0081/outs/filtered_feature_bc_matrix.h5	data/processed/kpmp_visium/29-10408/V12U06-350_XY01_22-0081/V12U06-350_XY01_22-0081/outs/spatial/tissue_positions.csv	data/processed/kpmp_visium/29-10408/V12U06-350_XY01_22-0081/V12U06-350_XY01_22-0081/outs/spatial/scalefactors_json.json	data/raw/kpmp/Spatial_Transcriptomics/29-10408/ad9b94ae-64cd-4ab6-8f22-8936091a978f_V12U06-350_XY01_22-0081.tif	data/processed/kpmp_visium/29-10408/V12U06-350_XY01_22-0081/V12U06-350_XY01_22-0081/outs/spatial/tissue_hires_image.png	DKD
29-10410	V13U21-399_XY01_24-0211	data/processed/kpmp_visium/29-10410/V13U21-399_XY01_24-0211/outs/filtered_feature_bc_matrix.h5	data/processed/kpmp_visium/29-10410/V13U21-399_XY01_24-0211/outs/spatial/tissue_positions.csv	data/processed/kpmp_visium/29-10410/V13U21-399_XY01_24-0211/outs/spatial/scalefactors_json.json	data/raw/kpmp/Spatial_Transcriptomics/29-10410/2f345005-74a9-44f0-b35a-5aa72edf355b_V13U21-399_XY01_24-0211.tif	data/processed/kpmp_visium/29-10410/V13U21-399_XY01_24-0211/outs/spatial/tissue_hires_image.png	HKD_withDM
29-10419	V12U21-010_XY04_22-0087	data/processed/kpmp_visium/29-10419/V12U21-010_XY04_22-0087/V12U21-010_XY04_22-0087/outs/filtered_feature_bc_matrix.h5	data/processed/kpmp_visium/29-10419/V12U21-010_XY04_22-0087/V12U21-010_XY04_22-0087/outs/spatial/tissue_positions_list.csv	data/processed/kpmp_visium/29-10419/V12U21-010_XY04_22-0087/V12U21-010_XY04_22-0087/outs/spatial/scalefactors_json.json	data/raw/kpmp/Spatial_Transcriptomics/29-10419/ab2010ed-9399-461b-8b51-b7539ccead10_V12U21-010_XY04_22-0087.tif	data/processed/kpmp_visium/29-10419/V12U21-010_XY04_22-0087/V12U21-010_XY04_22-0087/outs/spatial/tissue_hires_image.png	DKD
29-10420	V12U21-008_XY02_22-0091	data/processed/kpmp_visium/29-10420/V12U21-008_XY02_22-0091/V12U21-008_XY02_22-0091/outs/filtered_feature_bc_matrix.h5	data/processed/kpmp_visium/29-10420/V12U21-008_XY02_22-0091/V12U21-008_XY02_22-0091/outs/spatial/tissue_positions_list.csv	data/processed/kpmp_visium/29-10420/V12U21-008_XY02_22-0091/V12U21-008_XY02_22-0091/outs/spatial/scalefactors_json.json	data/raw/kpmp/Spatial_Transcriptomics/29-10420/4ea21033-8bc2-4820-a36d-b8828378b664_V12U21-008_XY02_22-0091.tif	data/processed/kpmp_visium/29-10420/V12U21-008_XY02_22-0091/V12U21-008_XY02_22-0091/outs/spatial/tissue_hires_image.png	DKD
29-10422	V12U21-007_XY03_22-0093	data/processed/kpmp_visium/29-10422/V12U21-007_XY03_22-0093/V12U21-007_XY03_22-0093/outs/filtered_feature_bc_matrix.h5	data/processed/kpmp_visium/29-10422/V12U21-007_XY03_22-0093/V12U21-007_XY03_22-0093/outs/spatial/tissue_positions_list.csv	data/processed/kpmp_visium/29-10422/V12U21-007_XY03_22-0093/V12U21-007_XY03_22-0093/outs/spatial/scalefactors_json.json	data/raw/kpmp/Spatial_Transcriptomics/29-10422/28eb45d1-cc31-4297-9d40-6a8792cce486_V12U21-007_XY03_22-0093.tif	data/processed/kpmp_visium/29-10422/V12U21-007_XY03_22-0093/V12U21-007_XY03_22-0093/outs/spatial/tissue_hires_image.png	DKD
29-10423	V12D05-074_XY03_22-0103	data/processed/kpmp_visium/29-10423/V12D05-074_XY03_22-0103/V12D05-074_XY03_22-0103/outs/filtered_feature_bc_matrix.h5	data/processed/kpmp_visium/29-10423/V12D05-074_XY03_22-0103/V12D05-074_XY03_22-0103/outs/spatial/tissue_positions.csv	data/processed/kpmp_visium/29-10423/V12D05-074_XY03_22-0103/V12D05-074_XY03_22-0103/outs/spatial/scalefactors_json.json	data/raw/kpmp/Spatial_Transcriptomics/29-10423/ca78f7ce-4373-4f28-8814-cfb1c5263b66_V12D05-074_XY03_22-0103.tif	data/processed/kpmp_visium/29-10423/V12D05-074_XY03_22-0103/V12D05-074_XY03_22-0103/outs/spatial/tissue_hires_image.png	DKD
29-10439	V13U21-356_XY02_25-0232	data/processed/kpmp_visium/29-10439/V13U21-356_XY02_25-0232/outs/filtered_feature_bc_matrix.h5	data/processed/kpmp_visium/29-10439/V13U21-356_XY02_25-0232/outs/spatial/tissue_positions.csv	data/processed/kpmp_visium/29-10439/V13U21-356_XY02_25-0232/outs/spatial/scalefactors_json.json	data/raw/kpmp/Spatial_Transcriptomics/29-10439/fdf1d3b9-05c8-4d23-813c-445ce124478b_V13U21-356_XY02_25-0232.tif	data/processed/kpmp_visium/29-10439/V13U21-356_XY02_25-0232/outs/spatial/tissue_hires_image.png	DKD
29-10448	V13L19-323_XY04_25_0256	data/processed/kpmp_visium/29-10448/V13L19-323_XY04_25_0256/outs/filtered_feature_bc_matrix.h5	data/processed/kpmp_visium/29-10448/V13L19-323_XY04_25_0256/outs/spatial/tissue_positions.csv	data/processed/kpmp_visium/29-10448/V13L19-323_XY04_25_0256/outs/spatial/scalefactors_json.json	data/raw/kpmp/Spatial_Transcriptomics/29-10448/ba039762-c612-41ad-8750-9b392adec580_V13L19-323_XY04_25_0256.tif	data/processed/kpmp_visium/29-10448/V13L19-323_XY04_25_0256/outs/spatial/tissue_hires_image.png	DKD
29-10452	V13L19-322_XY03_25_0251	data/processed/kpmp_visium/29-10452/V13L19-322_XY03_25_0251/outs/filtered_feature_bc_matrix.h5	data/processed/kpmp_visium/29-10452/V13L19-322_XY03_25_0251/outs/spatial/tissue_positions.csv	data/processed/kpmp_visium/29-10452/V13L19-322_XY03_25_0251/outs/spatial/scalefactors_json.json	data/raw/kpmp/Spatial_Transcriptomics/29-10452/615eda7d-c4a9-4189-8408-da55f170e227_V13L19-322_XY03_25_0251.tif	data/processed/kpmp_visium/29-10452/V13L19-322_XY03_25_0251/outs/spatial/tissue_hires_image.png	DKD
29-10600	V14B09-329_XY04_25-0285	data/processed/kpmp_visium/29-10600/V14B09-329_XY04_25-0285/outs/filtered_feature_bc_matrix.h5	data/processed/kpmp_visium/29-10600/V14B09-329_XY04_25-0285/outs/spatial/tissue_positions.csv	data/processed/kpmp_visium/29-10600/V14B09-329_XY04_25-0285/outs/spatial/scalefactors_json.json	data/raw/kpmp/Spatial_Transcriptomics/29-10600/5974af63-2500-4179-820d-43e1655855e0_V14B09-329_XY04_25-0285.tif	data/processed/kpmp_visium/29-10600/V14B09-329_XY04_25-0285/outs/spatial/tissue_hires_image.png	DKD
31-10040	V12N16-374_XY01_23-0108	data/processed/kpmp_visium/31-10040/V12N16-374_XY01_23-0108/V12N16-374_XY01_23-0108/outs/filtered_feature_bc_matrix.h5	data/processed/kpmp_visium/31-10040/V12N16-374_XY01_23-0108/V12N16-374_XY01_23-0108/outs/spatial/tissue_positions.csv	data/processed/kpmp_visium/31-10040/V12N16-374_XY01_23-0108/V12N16-374_XY01_23-0108/outs/spatial/scalefactors_json.json	data/raw/kpmp/Spatial_Transcriptomics/31-10040/9573d7dc-ab37-4db9-9dac-6d65988a58ae_V12N16-374_XY01_23-0108.tif	data/processed/kpmp_visium/31-10040/V12N16-374_XY01_23-0108/V12N16-374_XY01_23-0108/outs/spatial/tissue_hires_image.png	DKD
31-10063	V12N16-374_XY02_23-0111	data/processed/kpmp_visium/31-10063/V12N16-374_XY02_23-0111/V12N16-374_XY02_23-0111/outs/filtered_feature_bc_matrix.h5	data/processed/kpmp_visium/31-10063/V12N16-374_XY02_23-0111/V12N16-374_XY02_23-0111/outs/spatial/tissue_positions.csv	data/processed/kpmp_visium/31-10063/V12N16-374_XY02_23-0111/V12N16-374_XY02_23-0111/outs/spatial/scalefactors_json.json	data/raw/kpmp/Spatial_Transcriptomics/31-10063/0ff06996-c461-4bd7-938a-31e9262184d1_V12N16-374_XY02_23-0111.tif	data/processed/kpmp_visium/31-10063/V12N16-374_XY02_23-0111/V12N16-374_XY02_23-0111/outs/spatial/tissue_hires_image.png	HKD
31-10078	V14Y20-295_XY02_24-0172_fl	data/processed/kpmp_visium/31-10078/V14Y20-295_XY02_24-0172_fl/outs/filtered_feature_bc_matrix.h5	data/processed/kpmp_visium/31-10078/V14Y20-295_XY02_24-0172_fl/outs/spatial/tissue_positions.csv	data/processed/kpmp_visium/31-10078/V14Y20-295_XY02_24-0172_fl/outs/spatial/scalefactors_json.json	data/raw/kpmp/Spatial_Transcriptomics/31-10078/6867a2fe-b8ba-4abf-90bd-24c80d3e2552_V14Y20-295_XY02_24-0172_fl.tif	data/processed/kpmp_visium/31-10078/V14Y20-295_XY02_24-0172_fl/outs/spatial/tissue_hires_image.png	HKD_withDM
31-10081	V13F08-026_XY01_23-0135	data/processed/kpmp_visium/31-10081/V13F08-026_XY01_23-0135/filtered_feature_bc_matrix.h5	data/processed/kpmp_visium/31-10081/V13F08-026_XY01_23-0135/spatial/tissue_positions.csv	data/processed/kpmp_visium/31-10081/V13F08-026_XY01_23-0135/spatial/scalefactors_json.json	data/raw/kpmp/Spatial_Transcriptomics/31-10081/9cc7dcc1-9cbc-4bdb-baf4-a12628c6d73a_V13F08-026_XY01_23-0135.tif	data/processed/kpmp_visium/31-10081/V13F08-026_XY01_23-0135/spatial/tissue_hires_image.png	DKD
31-10090	V13U21-274_XY04_24-0210	data/processed/kpmp_visium/31-10090/V13U21-274_XY04_24-0210/outs/filtered_feature_bc_matrix.h5	data/processed/kpmp_visium/31-10090/V13U21-274_XY04_24-0210/outs/spatial/tissue_positions.csv	data/processed/kpmp_visium/31-10090/V13U21-274_XY04_24-0210/outs/spatial/scalefactors_json.json	data/raw/kpmp/Spatial_Transcriptomics/31-10090/43a443ce-9050-459e-aceb-ded1f203fe47_V13U21-274_XY04_24-0210.tif	data/processed/kpmp_visium/31-10090/V13U21-274_XY04_24-0210/outs/spatial/tissue_hires_image.png	HKD_withDM
31-10091	V12N14-082_XY04_23-0132	data/processed/kpmp_visium/31-10091/V12N14-082_XY04_23-0132/filtered_feature_bc_matrix.h5	data/processed/kpmp_visium/31-10091/V12N14-082_XY04_23-0132/spatial/tissue_positions.csv	data/processed/kpmp_visium/31-10091/V12N14-082_XY04_23-0132/spatial/scalefactors_json.json	data/raw/kpmp/Spatial_Transcriptomics/31-10091/44bdb038-1530-4278-aff8-c4bb5b9b6a7e_V12N14-082_XY04_23-0132.tif	data/processed/kpmp_visium/31-10091/V12N14-082_XY04_23-0132/spatial/tissue_hires_image.png	HKD_withDM
31-10100	V14S09-326_XY03_24-0193	data/processed/kpmp_visium/31-10100/V14S09-326_XY03_24-0193/outs/filtered_feature_bc_matrix.h5	data/processed/kpmp_visium/31-10100/V14S09-326_XY03_24-0193/outs/spatial/tissue_positions.csv	data/processed/kpmp_visium/31-10100/V14S09-326_XY03_24-0193/outs/spatial/scalefactors_json.json	data/raw/kpmp/Spatial_Transcriptomics/31-10100/c55fe4ee-d480-44d0-9003-7f89a4ddd131_V14S09-326_XY03_24-0193.tif	data/processed/kpmp_visium/31-10100/V14S09-326_XY03_24-0193/outs/spatial/tissue_hires_image.png	DKD
31-10105	V13F08-026_XY02_23-0137	data/processed/kpmp_visium/31-10105/V13F08-026_XY02_23-0137/filtered_feature_bc_matrix.h5	data/processed/kpmp_visium/31-10105/V13F08-026_XY02_23-0137/spatial/tissue_positions.csv	data/processed/kpmp_visium/31-10105/V13F08-026_XY02_23-0137/spatial/scalefactors_json.json	data/raw/kpmp/Spatial_Transcriptomics/31-10105/b509b965-90b0-43b8-babc-67f7278bf312_V13F08-026_XY02_23-0137.tif	data/processed/kpmp_visium/31-10105/V13F08-026_XY02_23-0137/spatial/tissue_hires_image.png	DKD
31-10154	V12N14-082_XY01_23-0127	data/processed/kpmp_visium/31-10154/V12N14-082_XY01_23-0127/filtered_feature_bc_matrix.h5	data/processed/kpmp_visium/31-10154/V12N14-082_XY01_23-0127/spatial/tissue_positions.csv	data/processed/kpmp_visium/31-10154/V12N14-082_XY01_23-0127/spatial/scalefactors_json.json	data/raw/kpmp/Spatial_Transcriptomics/31-10154/9fc4e1ce-c7eb-4d82-9bde-56ac9c2713e5_V12N14-082_XY01_23-0127.tif	data/processed/kpmp_visium/31-10154/V12N14-082_XY01_23-0127/spatial/tissue_hires_image.png	HKD
31-10169	V14S09-325_XY02_24-0176	data/processed/kpmp_visium/31-10169/V14S09-325_XY02_24-0176/outs/filtered_feature_bc_matrix.h5	data/processed/kpmp_visium/31-10169/V14S09-325_XY02_24-0176/outs/spatial/tissue_positions.csv	data/processed/kpmp_visium/31-10169/V14S09-325_XY02_24-0176/outs/spatial/scalefactors_json.json	data/raw/kpmp/Spatial_Transcriptomics/31-10169/ab88b45d-1a16-4487-864d-919a620ded3c_V14S09-325_XY02_24-0176.tif	data/processed/kpmp_visium/31-10169/V14S09-325_XY02_24-0176/outs/spatial/tissue_hires_image.png	HKD_withDM
31-10177	V14Y20-296_XY03_24-0185_fl	data/processed/kpmp_visium/31-10177/V14Y20-296_XY03_24-0185_fl/outs/filtered_feature_bc_matrix.h5	data/processed/kpmp_visium/31-10177/V14Y20-296_XY03_24-0185_fl/outs/spatial/tissue_positions.csv	data/processed/kpmp_visium/31-10177/V14Y20-296_XY03_24-0185_fl/outs/spatial/scalefactors_json.json	data/raw/kpmp/Spatial_Transcriptomics/31-10177/740a742a-8dda-4bac-a8bd-aef6a91f5518_V14Y20-296_XY03_24-0185_fl.tif	data/processed/kpmp_visium/31-10177/V14Y20-296_XY03_24-0185_fl/outs/spatial/tissue_hires_image.png	HKD
31-10210	V14Y20-298_XY01_24-0192_fl	data/processed/kpmp_visium/31-10210/V14Y20-298_XY01_24-0192_fl/outs/filtered_feature_bc_matrix.h5	data/processed/kpmp_visium/31-10210/V14Y20-298_XY01_24-0192_fl/outs/spatial/tissue_positions.csv	data/processed/kpmp_visium/31-10210/V14Y20-298_XY01_24-0192_fl/outs/spatial/scalefactors_json.json	data/raw/kpmp/Spatial_Transcriptomics/31-10210/16cce77f-1e55-4fe5-af0b-5c3a96a755e8_V14Y20-298_XY01_24-0192_fl.tif	data/processed/kpmp_visium/31-10210/V14Y20-298_XY01_24-0192_fl/outs/spatial/tissue_hires_image.png	HKD
31-10219	V14Y20-297_XY04_24-0178	data/processed/kpmp_visium/31-10219/V14Y20-297_XY04_24-0178/outs/filtered_feature_bc_matrix.h5	data/processed/kpmp_visium/31-10219/V14Y20-297_XY04_24-0178/outs/spatial/tissue_positions.csv	data/processed/kpmp_visium/31-10219/V14Y20-297_XY04_24-0178/outs/spatial/scalefactors_json.json	data/raw/kpmp/Spatial_Transcriptomics/31-10219/f3d45b75-8de4-459c-b88b-fcee7fed2bbb_V14Y20-297_XY04_24-0178.tif	data/processed/kpmp_visium/31-10219/V14Y20-297_XY04_24-0178/outs/spatial/tissue_hires_image.png	HKD_withDM
31-10236	V13J17-332_XY03_23-0123	data/processed/kpmp_visium/31-10236/V13J17-332_XY03_23-0123/V13J17-332_XY03_23-0123/outs/filtered_feature_bc_matrix.h5	data/processed/kpmp_visium/31-10236/V13J17-332_XY03_23-0123/V13J17-332_XY03_23-0123/outs/spatial/tissue_positions.csv	data/processed/kpmp_visium/31-10236/V13J17-332_XY03_23-0123/V13J17-332_XY03_23-0123/outs/spatial/scalefactors_json.json	data/raw/kpmp/Spatial_Transcriptomics/31-10236/65fe2ec1-a7eb-462f-b457-9fe0a440222a_V13J17-332_XY03_23-0123.tif	data/processed/kpmp_visium/31-10236/V13J17-332_XY03_23-0123/V13J17-332_XY03_23-0123/outs/spatial/tissue_hires_image.png	DKD
31-10322	V13L17-316_XY01_25-0223	data/processed/kpmp_visium/31-10322/V13L17-316_XY01_25-0223/outs/filtered_feature_bc_matrix.h5	data/processed/kpmp_visium/31-10322/V13L17-316_XY01_25-0223/outs/spatial/tissue_positions.csv	data/processed/kpmp_visium/31-10322/V13L17-316_XY01_25-0223/outs/spatial/scalefactors_json.json	data/raw/kpmp/Spatial_Transcriptomics/31-10322/15b96623-4d83-4f20-83eb-fb91b0d023e2_V13L17-316_XY01_25-0223.tif	data/processed/kpmp_visium/31-10322/V13L17-316_XY01_25-0223/outs/spatial/tissue_hires_image.png	HKD_withDM
31-10336	V13L17-316_XY03_25-0225	data/processed/kpmp_visium/31-10336/V13L17-316_XY03_25-0225/outs/filtered_feature_bc_matrix.h5	data/processed/kpmp_visium/31-10336/V13L17-316_XY03_25-0225/outs/spatial/tissue_positions.csv	data/processed/kpmp_visium/31-10336/V13L17-316_XY03_25-0225/outs/spatial/scalefactors_json.json	data/raw/kpmp/Spatial_Transcriptomics/31-10336/47ad7558-2b11-4136-90e9-3ce30ae4a5b3_V13L17-316_XY03_25-0225.tif	data/processed/kpmp_visium/31-10336/V13L17-316_XY03_25-0225/outs/spatial/tissue_hires_image.png	HKD_withDM
31-10340	V14B09-280_XY03_25-0280	data/processed/kpmp_visium/31-10340/V14B09-280_XY03_25-0280/outs/filtered_feature_bc_matrix.h5	data/processed/kpmp_visium/31-10340/V14B09-280_XY03_25-0280/outs/spatial/tissue_positions.csv	data/processed/kpmp_visium/31-10340/V14B09-280_XY03_25-0280/outs/spatial/scalefactors_json.json	data/raw/kpmp/Spatial_Transcriptomics/31-10340/02ef4195-6664-4a0a-a084-c53a3636005a_V14B09-280_XY03_25-0280.tif	data/processed/kpmp_visium/31-10340/V14B09-280_XY03_25-0280/outs/spatial/tissue_hires_image.png	DKD
31-10379	V14B09-279_XY01_25-0274	data/processed/kpmp_visium/31-10379/V14B09-279_XY01_25-0274/outs/filtered_feature_bc_matrix.h5	data/processed/kpmp_visium/31-10379/V14B09-279_XY01_25-0274/outs/spatial/tissue_positions.csv	data/processed/kpmp_visium/31-10379/V14B09-279_XY01_25-0274/outs/spatial/scalefactors_json.json	data/raw/kpmp/Spatial_Transcriptomics/31-10379/5f358d6d-5c2b-4ec2-90f7-db4d6189460a_V14B09-279_XY01_25-0274.tif	data/processed/kpmp_visium/31-10379/V14B09-279_XY01_25-0274/outs/spatial/tissue_hires_image.png	HKD
934-10003	V13L19-376_XY02_25-0262	data/processed/kpmp_visium/934-10003/V13L19-376_XY02_25-0262/outs/filtered_feature_bc_matrix.h5	data/processed/kpmp_visium/934-10003/V13L19-376_XY02_25-0262/outs/spatial/tissue_positions.csv	data/processed/kpmp_visium/934-10003/V13L19-376_XY02_25-0262/outs/spatial/scalefactors_json.json	data/raw/kpmp/Spatial_Transcriptomics/934-10003/a68a7953-ad4c-4433-8ecd-229b38d268b2_V13L19-376_XY02_25-0262.tif	data/processed/kpmp_visium/934-10003/V13L19-376_XY02_25-0262/outs/spatial/tissue_hires_image.png	DKD
934-10009	V14B09-279_XY03_25-0276	data/processed/kpmp_visium/934-10009/V14B09-279_XY03_25-0276/outs/filtered_feature_bc_matrix.h5	data/processed/kpmp_visium/934-10009/V14B09-279_XY03_25-0276/outs/spatial/tissue_positions.csv	data/processed/kpmp_visium/934-10009/V14B09-279_XY03_25-0276/outs/spatial/scalefactors_json.json	data/raw/kpmp/Spatial_Transcriptomics/934-10009/e122e4af-b8a2-4b5f-8096-21cedc60af81_V14B09-279_XY03_25-0276.tif	data/processed/kpmp_visium/934-10009/V14B09-279_XY03_25-0276/outs/spatial/tissue_hires_image.png	HKD
935-10042	V14B09-277_XY02_25-0267	data/processed/kpmp_visium/935-10042/V14B09-277_XY02_25-0267/outs/filtered_feature_bc_matrix.h5	data/processed/kpmp_visium/935-10042/V14B09-277_XY02_25-0267/outs/spatial/tissue_positions.csv	data/processed/kpmp_visium/935-10042/V14B09-277_XY02_25-0267/outs/spatial/scalefactors_json.json	data/raw/kpmp/Spatial_Transcriptomics/935-10042/50a60974-7e01-406c-a367-aca3076f6fa3_V14B09-277_XY02_25-0267.tif	data/processed/kpmp_visium/935-10042/V14B09-277_XY02_25-0267/outs/spatial/tissue_hires_image.png	DM_noCKD
935-10061	V14B09-279_XY04_25-0266	data/processed/kpmp_visium/935-10061/V14B09-279_XY04_25-0266/outs/filtered_feature_bc_matrix.h5	data/processed/kpmp_visium/935-10061/V14B09-279_XY04_25-0266/outs/spatial/tissue_positions.csv	data/processed/kpmp_visium/935-10061/V14B09-279_XY04_25-0266/outs/spatial/scalefactors_json.json	data/raw/kpmp/Spatial_Transcriptomics/935-10061/e9970c15-0158-4b0d-8b81-4a0e2b3da4bd_V14B09-279_XY04_25-0266.tif	data/processed/kpmp_visium/935-10061/V14B09-279_XY04_25-0266/outs/spatial/tissue_hires_image.png	DM_noCKD
935-10099	V13L19-322_XY01_25_0249	data/processed/kpmp_visium/935-10099/V13L19-322_XY01_25_0249/outs/filtered_feature_bc_matrix.h5	data/processed/kpmp_visium/935-10099/V13L19-322_XY01_25_0249/outs/spatial/tissue_positions.csv	data/processed/kpmp_visium/935-10099/V13L19-322_XY01_25_0249/outs/spatial/scalefactors_json.json		data/processed/kpmp_visium/935-10099/V13L19-322_XY01_25_0249/outs/spatial/tissue_hires_image.png	DM_noCKD
935-10106	V14B09-278_XY02_25-0271	data/processed/kpmp_visium/935-10106/V14B09-278_XY02_25-0271/outs/filtered_feature_bc_matrix.h5	data/processed/kpmp_visium/935-10106/V14B09-278_XY02_25-0271/outs/spatial/tissue_positions.csv	data/processed/kpmp_visium/935-10106/V14B09-278_XY02_25-0271/outs/spatial/scalefactors_json.json	data/raw/kpmp/Spatial_Transcriptomics/935-10106/730bb9e9-e46c-4e3c-8af0-a1d04e508b65_V14B09-278_XY02_25-0271.tif	data/processed/kpmp_visium/935-10106/V14B09-278_XY02_25-0271/outs/spatial/tissue_hires_image.png	HKD_withDM
935-10111	V13L19-376_XY04_25-0264	data/processed/kpmp_visium/935-10111/V13L19-376_XY04_25-0264/outs/filtered_feature_bc_matrix.h5	data/processed/kpmp_visium/935-10111/V13L19-376_XY04_25-0264/outs/spatial/tissue_positions.csv	data/processed/kpmp_visium/935-10111/V13L19-376_XY04_25-0264/outs/spatial/scalefactors_json.json	data/raw/kpmp/Spatial_Transcriptomics/935-10111/2331b5cc-456d-4919-8a42-163189434c4f_V13L19-376_XY04_25-0264.tif	data/processed/kpmp_visium/935-10111/V13L19-376_XY04_25-0264/outs/spatial/tissue_hires_image.png	DM_noCKD
935-10337	V14B09-280_XY01_25-0278	data/processed/kpmp_visium/935-10337/V14B09-280_XY01_25-0278/outs/filtered_feature_bc_matrix.h5	data/processed/kpmp_visium/935-10337/V14B09-280_XY01_25-0278/outs/spatial/tissue_positions.csv	data/processed/kpmp_visium/935-10337/V14B09-280_XY01_25-0278/outs/spatial/scalefactors_json.json	data/raw/kpmp/Spatial_Transcriptomics/935-10337/8b41b14e-0e2d-45d4-bd63-4f0fb4158bb5_V14B09-280_XY01_25-0278.tif	data/processed/kpmp_visium/935-10337/V14B09-280_XY01_25-0278/outs/spatial/tissue_hires_image.png	HKD_withDM
