library	cells_raw	cells_qc	median_genes	diagnosis	egfr	ifta	global glomerulosclerosis	age	sex
Control1	7069	6557	2570.0	Control					
Control2	4362	3700	1015.0	Control					
Control3	6763	6263	1641.0	Control					
Control4	4784	4301	1428.0	Control					
Control5	4990	4390	1080.5	Control					
DN1	5508	5052	2079.0	DKD	76.0	11-25%	Mild, 10 - 25%	52.0	M
DN2	3933	3473	1344.0	DKD	56.0	1-10%	Moderate, 26 - 50%	74.0	M
DN3	3817	3448	1619.5	DKD	89.0	26-50%	None, <10%	57.0	F
Control6	14617	14347	2381.0	Control	100.0	1-10%	Mild, 10 - 25%	59.0	F
DN4	6611	5614	1346.0	DKD	73.0	26-50%	Mild, 10 - 25%	78.0	M
DN5	5786	4427	1360.0	DKD	101.0	26-50%	Moderate, 26 - 50%	51.0	F
