	frac_ribo	frac_mt	frac_cyto_markers	total_counts	group	cohort
HK2774.SN|iPT	0.0014589573256671429	0.0002816967898979783	0.0015852577053010464	21377596.0	HKD	discovery_SN
HK2867.SN|iPT	0.004120912868529558	0.0010487353429198265	0.005732572637498379	1296800.0	Control	discovery_SN
HK2862.SN|iPT	0.005146431270986795	0.0011363005032762885	0.008008898235857487	3960220.0	DKD	discovery_SN
HK2739.SN|iPT	0.001369396923109889	0.0007402047631330788	0.001876005087979138	5530902.0	HKD	discovery_SN
HK2891.SN|iPT	0.0017040841048583388	0.00014492527407128364	0.0021999189630150795	5568387.0	HKD	discovery_SN
HK2898.SN|iPT	0.0020340364426374435	0.00020020043302793056	0.0028863181360065937	874124.0	Control	discovery_SN
HK2833.SN|iPT	0.0008663127082400024	0.0	1.1287462257314473e-05	708751.0	Control	discovery_SN
HK2558.SN|iPT	0.0018706504488363862	0.0009500958840362728	0.0028504168149083853	7751849.0	HKD	discovery_SN
HK2868.SN|iPT	0.0009341422701254487	0.0	0.00014302326599135995	1447317.0	HKD	discovery_SN
HK2899.SN|iPT	0.0013962473021820188	0.0013771206140518188	0.0017979075200855732	104566.0	Control	discovery_SN
HK2596.SN|iPT	0.0013377380091696978	9.222887456417084e-06	0.0008988123154267669	2385370.0	DKD	discovery_SN
HK2663_SN|iPT	0.0010611386969685555	0.00335816852748394	0.003526276210322976	1504987.0	Control	discovery_SN
HK2893.SN|iPT	0.0013732754159718752	0.0032466361299157143	0.0011616405099630356	637891.0	Control	discovery_SN
HK2770_SN|iPT	0.0009841433493420482	0.002597467042505741	0.0013359086588025093	1250834.0	HKD	discovery_SN
HK2895.SN|iPT	0.0007731692749075592	0.005764379166066647	0.0018430101918056607	2413443.0	Control	discovery_SN
HK2844.SN|iPT	0.001135137747041881	0.0008383555104956031	0.0012521175667643547	1384854.0	DKD	discovery_SN
HK2711.SN|iPT	0.0038665460888296366	0.000547323259525001	0.005780456122010946	1162019.0	HKD	discovery_SN
18-142	0.002641843885287973	0.0041697305562724924	0.007282723558429795	821396.0	Reference	KPMP_sn
18-162	0.003950912465616736	0.009041485034756002	0.013453299465775816	4406577.0	Reference	KPMP_sn
18-312	0.00427406104096431	0.0025299851084681405	0.008881245767643561	19488257.0	Reference	KPMP_sn
21-015	0.004751458802066534	0.0031383165467739928	0.009706987430091225	2523646.0	Reference	KPMP_sn
21-016	0.007754204865020299	0.016217546630015744	0.023869401839369527	410358.0	Reference	KPMP_sn
21-019	0.005797335880763191	0.015584441348326952	0.020415808918344394	1310602.0	Reference	KPMP_sn
21-020	0.004896564596181022	0.00665798923338033	0.011477556119903119	3675434.0	Reference	KPMP_sn
21-021	0.004237616460975721	0.0020386515508981555	0.007802584785727836	1497068.0	Reference	KPMP_sn
27-10039	0.0033131068378863026	0.006321267419968817	0.010325493988841583	1452715.0	DKD	KPMP_sn
27-10041	0.0023417265719626115	0.0030762517875840617	0.005848845106140262	5848676.0	DKD	KPMP_sn
27-10043	0.002224480623053455	0.0020116782746701562	0.004906386854781291	2011256.0	DKD	KPMP_sn
27-10067	0.0567797674126635	0.01875764325138683	0.09646655103948219	215059.0	DKD	KPMP_sn
27-10074	0.00555633916027276	0.013700216377557589	0.019425937343514308	1623551.0	DKD	KPMP_sn
27-10087	0.024251273634173898	0.015897512416600944	0.05131626628013557	469130.0	HKD_withDM	KPMP_sn
27-10088	0.0021914166387678293	0.003905837226825942	0.00594714330719237	1012587.0	DM_noCKD	KPMP_sn
27-10089	0.0028251330045435128	0.0074629556688505854	0.009085638837881469	721028.0	DKD	KPMP_sn
27-10094	0.0051298261959427235	0.005803635798977362	0.013207222795283887	360636.0	DKD	KPMP_sn
27-10104	0.0032829099230971518	0.008537639415278209	0.011484058140400717	1060949.0	DKD	KPMP_sn
27-10154	0.022325943601916677	0.022579410639112132	0.05415523355236554	1199367.0	DKD	KPMP_sn
27-10165	0.027020853795025238	0.03417388060269676	0.0679575614992805	525372.0	DKD	KPMP_sn
27-10166	0.02617493038125522	0.016590409897133875	0.05421781166331366	465751.0	DM_noCKD	KPMP_sn
27-10171	0.027989242090321616	0.022726084195584775	0.06094841432893803	535420.0	DM_noCKD	KPMP_sn
27-10185	0.015906307625174195	0.007868695542010952	0.030559817570135556	142082.0	DKD	KPMP_sn
27-10201	0.012020460358056265	0.014722932651321399	0.03060528559249787	117300.0	DM_noCKD	KPMP_sn
27-10206	0.009862559977524601	0.016860245898609336	0.028482393038540874	270518.0	DKD	KPMP_sn
27-10211	0.012642585551330798	0.018486329893174	0.0356328082563824	220920.0	DKD	KPMP_sn
27-10228	0.031560322814539264	0.01160114750480754	0.06039374546830176	253768.0	DKD	KPMP_sn
27-10229	0.020701455834089146	0.01678370064236225	0.04756161036257157	320847.0	DM_noCKD	KPMP_sn
27-10231	0.014133410352362057	0.007245648843458824	0.02828565688022704	159268.0	DM_noCKD	KPMP_sn
27-10262	0.016571276454146147	0.009020871758792695	0.03519930533107693	631092.0	DM_noCKD	KPMP_sn
28-10109	0.0026986717342909654	0.003573469398261289	0.0066621045300472225	5438972.0	DKD	KPMP_sn
28-12178	0.005530472227131771	0.011649019072256054	0.017497630027154265	311185.0	DKD	KPMP_sn
28-12372	0.04151858503761701	0.024953858123039487	0.08892677718646284	604115.0	HKD_withDM	KPMP_sn
28-12442	0.023550228406313736	0.013631130098130403	0.04907130534570728	1310603.0	DKD	KPMP_sn
28-12510	0.005132791538670918	0.022086557530038495	0.024769607652525567	51434.0	HKD	KPMP_sn
28-12546	0.027161180652140317	0.011052387575336114	0.05117601607170453	161775.0	DKD	KPMP_sn
28-12558	0.007866160679981396	0.014067418456830483	0.022735698349252143	296714.0	HKD	KPMP_sn
28-12579	0.02760980431731966	0.012469678693478144	0.05634955572895891	1887699.0	DKD	KPMP_sn
29-10008	0.00429482093066882	0.01458444752826414	0.018195312982453686	858243.0	HKD	KPMP_sn
29-10013	0.013854822671528008	0.03240525908739366	0.04698265385040327	452550.0	HKD_withDM	KPMP_sn
29-10016	0.0025503316991478562	0.003178694848604197	0.006120512392560067	2115019.0	DKD	KPMP_sn
29-10277	0.003223259734579536	0.004817496386665597	0.008487464794647641	2357241.0	DKD	KPMP_sn
29-10280	0.006672432290412278	0.018035819849801852	0.02446740962932148	182692.0	DKD	KPMP_sn
29-10282	0.028720918832628253	0.012717374615935287	0.055284970930393876	1081198.0	DKD	KPMP_sn
29-10380	0.00242987603433735	0.0028743911533619148	0.0056747839220928215	1905447.0	HKD	KPMP_sn
29-10393	0.006687403623491757	0.03354829820945033	0.03798360473311325	188713.0	HKD	KPMP_sn
29-10395	0.025868741905398413	0.020533384685674585	0.056627283952015765	264837.0	HKD_withDM	KPMP_sn
29-10397	0.07189861181052315	0.02463905902493503	0.13244066472120697	939281.0	DKD	KPMP_sn
29-10399	0.02229725465446513	0.024992111076049227	0.05193436415272957	158450.0	DKD	KPMP_sn
29-10400	0.005139892598504068	0.010138134613584798	0.01624808076106835	790678.0	HKD_withDM	KPMP_sn
29-10404	0.04337628129265966	0.03261035078767608	0.0940028691338368	374329.0	DKD	KPMP_sn
29-10405	0.04437433720400653	0.015091968657852657	0.08074691914138207	1504045.0	DKD	KPMP_sn
29-10410	0.03718821262789529	0.02139486753136484	0.07551294467612145	678387.0	HKD_withDM	KPMP_sn
29-10422	0.016915513002975804	0.010376504075559581	0.03530599042566956	386450.0	DKD	KPMP_sn
29-10439	0.047688172471824976	0.016262950939965066	0.08748015983792881	125377.0	DKD	KPMP_sn
29-10607	0.026594897560775127	0.028996619608326654	0.06738821075560487	778608.0	HKD_withDM	KPMP_sn
29-10622	0.014052431146052032	0.011772347381272589	0.031134193440581718	371039.0	HKD	KPMP_sn
29-10625	0.022056829819680258	0.009906273800703594	0.04364908717555485	2316108.0	DKD	KPMP_sn
29-10662	0.01442800824855297	0.008109363992025543	0.030057859787447724	1867964.0	HKD	KPMP_sn
31-10001	0.0036585713645493397	0.005325910263148245	0.009733103552236496	1963608.0	DKD	KPMP_sn
31-10040	0.03539346412663655	0.016970662154428048	0.07042789245989285	562618.0	DKD	KPMP_sn
31-10063	0.0027857288222498857	0.005735984797426769	0.008385598786331428	1513428.0	HKD	KPMP_sn
31-10078	0.032320061273843494	0.01379134270564679	0.06275131849869628	423019.0	HKD_withDM	KPMP_sn
31-10081	0.002928740420894349	0.004675224345930734	0.007941949412665458	724885.0	DKD	KPMP_sn
31-10090	0.02227251269224717	0.0248986138602928	0.05495142575553034	1448916.0	HKD_withDM	KPMP_sn
31-10091	0.0033855465638284407	0.006268565600315662	0.009655973377208329	537284.0	HKD_withDM	KPMP_sn
31-10100	0.025276539221092204	0.02962083429491527	0.062460252166422085	567641.0	DKD	KPMP_sn
31-10105	0.008265296778907515	0.018097972638373178	0.030245510895503702	2140516.0	DKD	KPMP_sn
31-10154	0.02336820526915523	0.01469125834817347	0.04836453102304373	523917.0	HKD	KPMP_sn
31-10177	0.003028067432308929	0.008310275451889908	0.010320597622534485	635719.0	HKD	KPMP_sn
31-10210	0.021048490301181468	0.029031108391160777	0.055279719484305746	2241871.0	HKD	KPMP_sn
31-10219	0.03280937586112776	0.009385394750761058	0.05938859439135653	1531422.0	HKD_withDM	KPMP_sn
31-10221	0.014532420124450541	0.036151332385829654	0.04991871473654012	303253.0	HKD_withDM	KPMP_sn
31-10236	0.03108475863591447	0.03252659630384963	0.07629190494712276	3044032.0	DKD	KPMP_sn
31-10322	0.02741201054869647	0.024729210581547083	0.06445563798625749	219174.0	HKD_withDM	KPMP_sn
31-10336	0.03624508650618311	0.03393179927122486	0.08255745559923106	278824.0	HKD_withDM	KPMP_sn
31-10381	0.024291601690762814	0.02017773747633928	0.053996653444451446	2459245.0	DKD	KPMP_sn
164-1	0.0018410194808586202	0.004491565258265003	0.005542643756202016	153176.0	Reference	KPMP_sn
164-3	0.005024702629551209	0.01721737666491838	0.02194422321075908	154437.0	Reference	KPMP_sn
164-5	0.006470969418949049	0.02195553245003533	0.02617127292297441	546286.0	Reference	KPMP_sn
164-6	0.0025395598322330835	0.006771029352429196	0.008734187086558641	294933.0	Reference	KPMP_sn
164-7	0.0024700506360380388	0.008803966195592724	0.009991942930068162	170037.0	Reference	KPMP_sn
164-8	0.004833227108561717	0.01914701508391757	0.02172296579562354	37656.0	Reference	KPMP_sn
164-10	0.017581192683791862	0.030280542069388936	0.0514232748883107	671058.0	Reference	KPMP_sn
164-11	0.009373751593204862	0.03677687522590218	0.042926170411094415	210268.0	Reference	KPMP_sn
164-12	0.01212357005252292	0.030679158378252875	0.042878030108120656	159359.0	Reference	KPMP_sn
164-13	0.014117878729168585	0.020924316100734003	0.03769425978802537	314849.0	Reference	KPMP_sn
164-14	0.013305884715806387	0.02178266365795163	0.03756660326311686	338572.0	Reference	KPMP_sn
164-15	0.021091149564642347	0.029934971894632425	0.056259230684448366	226825.0	Reference	KPMP_sn
164-17	0.027086786851245076	0.03189175629650127	0.06776868908123708	386683.0	Reference	KPMP_sn
164-18	0.017322794949642062	0.026288076539586158	0.0473499064541065	357044.0	Reference	KPMP_sn
164-22	0.009545681477783325	0.019579519609474676	0.030500915293726078	450675.0	Reference	KPMP_sn
165-7	0.0027053587078643615	0.007710918844985676	0.010049911928577382	696026.0	Reference	KPMP_sn
165-9	0.004773914548983695	0.0123267624760249	0.016771340350604735	4430117.0	Reference	KPMP_sn
165-10	0.003031020354774653	0.003584324815184156	0.007456298497338525	1727801.0	Reference	KPMP_sn
165-11	0.010336726990200175	0.016359918200409	0.02840813304894049	545724.0	Reference	KPMP_sn
165-13	0.01900509162196749	0.013061395767499148	0.040686528103222666	624359.0	Reference	KPMP_sn
165-14	0.018390252778863986	0.011363240401255957	0.03769033911626124	258289.0	Reference	KPMP_sn
165-15	0.009430482381353395	0.011824641746065992	0.025110834267101884	143683.0	Reference	KPMP_sn
933-10003	0.029696971090609738	0.01339347308198199	0.059722771548671345	869752.0	DKD	KPMP_sn
934-10004	0.016437683142952395	0.008439929111614114	0.03524135389798389	1424775.0	HKD	KPMP_sn
934-10016	0.012160570641304831	0.01694183962194273	0.03155230137919796	540024.0	HKD	KPMP_sn
934-10022	0.03587714608210064	0.017632032317471635	0.07809421968751856	420825.0	HKD	KPMP_sn
934-10023	0.024147089497102918	0.022819112417179606	0.05588550414428625	841882.0	DKD	KPMP_sn
934-10032	0.02246197550423207	0.013898670226347736	0.045961927405783455	1684046.0	HKD	KPMP_sn
934-10059	0.024420570973838655	0.023085977651778906	0.06153221260651878	241272.0	HKD	KPMP_sn
934-10209	0.027355178739372946	0.025081245169520722	0.06250337551563911	1073910.0	DKD	KPMP_sn
935-10106	0.011346836754911374	0.017652751741270786	0.031167603980918415	262452.0	HKD_withDM	KPMP_sn
935-10113	0.006619715827993116	0.02026443620814219	0.025445083377875936	170249.0	DM_noCKD	KPMP_sn
936-10002	0.013022400699877982	0.02622897981601892	0.04165063327775092	608106.0	HKD_withDM	KPMP_sn
936-10003	0.026619631269955712	0.02002008445771964	0.05607168606447626	388360.0	HKD_withDM	KPMP_sn
936-10006	0.028054290508918955	0.020353163073106785	0.0657304964903248	778847.0	HKD_withDM	KPMP_sn
3490	0.012207176280974431	0.019595025587838596	0.03692829075185883	821484.0	Reference	KPMP_sn
3499	0.002140596792398037	0.0026660160050775553	0.0056538699894317385	668038.0	Reference	KPMP_sn
3504	0.0022822472798796956	0.010135862919465706	0.012080924554712014	1921790.0	Reference	KPMP_sn
3535	0.0029085815225844136	0.004905625096293084	0.008208523596761948	6834603.0	Reference	KPMP_sn
3593	0.0050728282601760575	0.005057430330289544	0.013914398564755006	5065616.0	Reference	KPMP_sn
3613	0.004136995155551339	0.004395054899999839	0.011689061321748247	1243898.0	Reference	KPMP_sn
D_080	0.016301679179741048	0.017753475701879122	0.04158916348896032	3286962.0	Reference	KPMP_sn
K1900069_1D6	0.012434152553041087	0.009098809904230698	0.02793130077758088	1652304.0	Reference	KPMP_sn
K2000201_D1	0.007192494506296473	0.014620143849890126	0.0218126383561866	123323.0	Reference	KPMP_sn
K2100035_1_D1	0.007806379406827085	0.006056562352029615	0.0165382463088115	464620.0	Reference	KPMP_sn
KPMP_101	0.061555436672462216	0.029791360171191654	0.11908185100976328	179448.0	Reference	KPMP_sn
KPMP_104	0.03181553079314806	0.012376740503273401	0.058198953284023094	1294525.0	Reference	KPMP_sn
KRP446	0.002171029359745313	0.023534223558542625	0.020527502652989034	452320.0	Reference	KPMP_sn
KRP460	0.005433243494045836	0.006048069564445825	0.01423749366873334	2704830.0	Reference	KPMP_sn
KRP461	0.004223080372380653	0.01190627572498444	0.016283287711572312	149417.0	Reference	KPMP_sn
KRP462	0.003491238477055984	0.004008026664997098	0.009310146133267682	1884718.0	Reference	KPMP_sn
