celltype	DKDiPT_up_mean	DKDiPT_up_count	SharedInjury_down_mean	SharedInjury_down_count	SharedInjury_up_mean	SharedInjury_up_count	iPT_marker_mean	iPT_marker_count	healthyPT_marker_mean	healthyPT_marker_count
CD4T	0.1455597439224003	14	-0.12487712659421006	14	0.2685139799767117	14	0.13436028862564944	14	-0.35877238754821333	14
CNT	0.09562240538411676	13	0.01925970441743065	13	-0.0455446498671187	13	-0.07718319453598374	13	-0.049431756537088124	13
C_TAL	-0.025383658092244844	14	-0.03374566257353923	14	-0.03238278252493516	14	-0.043076321066557045	14	-0.02098007174011913	14
DCT	-0.007247893034859617	13	0.02065910460859011	13	-0.13617813743793333	13	-0.09146857540149587	13	0.04432557068035913	13
Dedifferentiated_Tubule	0.15154712591903438	12	-0.0904535046296809	12	0.24957319229809782	12	0.1563875916466584	12	-0.27967715936328036	12
Endo_G	0.1321930286273064	12	-0.09684114547162335	12	0.04172838391181922	12	0.10487034952257533	12	-0.15438533277383407	12
Endo_Lym	-0.005182550502298248	3	0.07466475284693443	3	0.14562766105437797	3	0.0026001301778561525	3	-0.0607532103689361	3
Endo_Peritubular	0.011916239014913586	13	-0.03000549657301346	13	0.0685866329548091	13	0.0462536864013835	13	-0.04300841551059863	13
Fib	0.04269013485553007	13	-0.05193169794260567	13	0.05193777529166231	13	0.028145859733133306	13	-0.11637311491747643	13
GS_Stromal	0.03848745658583618	14	-0.124085830833791	14	0.20688540045774875	14	0.11329225520015714	14	-0.22147315136790816	14
IC	0.07403387087391027	14	-0.10770463424966374	14	0.1464618469866363	14	0.053247069953214925	14	-0.24083374843905805	14
M_TAL	-0.034280389580640884	12	0.20753166757487596	12	-0.16375284382632851	12	-0.13614946442484882	12	0.4504420604917622	12
Mac	0.16194160744342934	13	-0.13376539931937864	13	0.1451138764151709	13	0.13758766165018932	13	-0.3217587435283263	13
Mes	0.10826545937330115	14	-0.0968863601376561	14	0.16816348329701974	14	0.18939200685534852	14	-0.2782896411958861	14
Mono	0.023364871404130242	14	-0.13372880107949733	14	0.16070071262060484	14	0.0748498927907133	14	-0.23453464192436815	14
MyoFib	-0.02514088395322261	11	-0.07039331477333399	11	0.06482259542160435	11	0.10024571718077717	11	-0.24288271745624934	11
PC	0.10467407434018405	14	-0.06650383505326607	14	0.0138788826894962	14	-0.03500210627865632	14	-0.20591273940468766	14
PEC	0.04790363402019808	14	-0.09081637845168698	14	0.1973167336467268	14	0.14595667039341645	14	-0.26588946998740054	14
PT_S1	-0.048292630202632254	13	0.33555558216464537	13	-0.2275617138107019	13	-0.10648612443255596	13	0.7368464902204206	13
PT_S2	-0.01445691550708063	12	0.4844372165578697	12	-0.31346180092267945	12	-0.14123552000138773	12	0.8526843286064286	12
PT_S3	-0.039581599230584893	14	0.15462875342329893	14	-0.12463810353513359	14	-0.07757059044074001	14	0.33947077887971605	14
Plasma_Cells	0.09846305945950519	12	-0.11024059983695278	12	0.16277134601040472	12	0.08710631139485835	12	-0.3576912045702125	12
Podo	0.09503799496604838	13	-0.057359882412191913	13	0.050513232471085426	13	0.09177830202690268	13	-0.07669066607622911	13
RBC	0.5474736031338875	6	-0.10123506769978126	6	0.07956122792546948	6	0.16861160408876572	6	-0.33694102162946254	6
VSMC/Pericyte	0.04463904015630426	14	-0.10339566862808613	14	0.040389215104164364	14	0.0841952340675921	14	-0.24094884562882943	14
iPT	0.020209020036584424	14	0.03979486752191542	14	0.00645452216251292	14	0.023704475467632876	14	0.12962661803990985	14
