gene	mean_diff	t	ipt_log2cpm	pt_log2cpm	n_libraries	set
PXDN	4.160862	15.342591	6.3019543	2.1410923	16	iPT_marker
SERPINE1	4.0291767	10.138805	5.7999625	1.770786	16	iPT_marker
CRYAB	3.9650772	6.840616	7.1955996	3.2305226	16	iPT_marker
BIRC3	3.9505885	9.542194	5.883824	1.933236	16	iPT_marker
FSTL3	3.9177778	11.998984	6.6380205	2.7202427	16	iPT_marker
ROBO2	3.7205026	9.477221	8.130159	4.409658	16	iPT_marker
PROM1	3.6527538	9.152811	8.219689	4.5669355	16	iPT_marker
ATF3	3.633834	6.418896	6.6904945	3.0566607	16	iPT_marker
SLCO3A1	3.631183	8.29486	7.638792	4.0076084	16	iPT_marker
SLC9A9	3.628697	9.2299185	7.1480036	3.5193064	16	iPT_marker
SLC35F3	3.6241677	12.080431	7.142296	3.5181293	16	iPT_marker
KCNIP1	3.6165938	8.091668	6.402066	2.7854724	16	iPT_marker
KLRG2	3.616032	11.173851	4.6265845	1.0105522	16	iPT_marker
THBS2	3.6054947	10.497025	4.7404423	1.1349478	16	iPT_marker
RFTN1	3.6037366	9.412012	6.226066	2.6223292	16	iPT_marker
RRAD	3.5326061	8.813501	4.6242676	1.0916617	16	iPT_marker
DCLK1	3.49633	8.775504	5.9765944	2.4802637	16	iPT_marker
MYO3A	3.4946086	11.1224165	6.6771703	3.1825619	16	iPT_marker
KIRREL1	3.4627516	8.76238	6.8651056	3.4023545	16	iPT_marker
ALOX5	3.4412472	15.013509	4.4365144	0.9952676	16	iPT_marker
HRH1	3.4374552	12.07976	5.677673	2.240218	16	iPT_marker
ALDH1A2	3.428951	7.1117887	7.508356	4.0794044	16	iPT_marker
RNF144B	3.394743	8.958482	7.0705476	3.675805	16	iPT_marker
PROSER2	3.3584409	11.928962	6.6792727	3.3208323	16	iPT_marker
JUN	3.3337936	4.6667757	7.026371	3.6925771	16	iPT_marker
CDH22	3.2873695	9.443183	4.396186	1.1088157	16	iPT_marker
TSHZ2	3.2579732	11.230958	6.342247	3.0842729	16	iPT_marker
GFRA1	3.216052	15.25907	5.750682	2.534629	16	iPT_marker
ITGA3	3.2101047	12.176048	7.387762	4.177658	16	iPT_marker
CHST9	3.2026656	9.179437	6.2385845	3.035919	16	iPT_marker
ALDOB	-3.9830992	-6.0051146	3.9438097	7.926909	16	healthyPT_marker
SLC22A7	-3.9614928	-12.2315	3.4374807	7.398973	16	healthyPT_marker
RNF212B	-3.9414275	-10.516025	4.9438133	8.88524	16	healthyPT_marker
PLG	-3.782403	-10.020537	4.4957175	8.27812	16	healthyPT_marker
AFM	-3.7107882	-16.133766	4.989201	8.699989	16	healthyPT_marker
GRAMD1B	-3.6974723	-12.134873	5.6812005	9.378673	16	healthyPT_marker
XPNPEP2	-3.4292815	-9.208365	3.1769574	6.6062393	16	healthyPT_marker
MIOX	-3.3581715	-12.380673	5.4267383	8.784908	16	healthyPT_marker
SLC22A6	-3.237719	-15.904634	5.6923547	8.930073	16	healthyPT_marker
SLC13A3	-3.2027931	-12.746306	6.944752	10.147545	16	healthyPT_marker
PCK1	-3.184675	-9.812013	5.1820173	8.366693	16	healthyPT_marker
HAO2	-3.1358006	-9.396753	3.6816623	6.8174624	16	healthyPT_marker
CYP4A11	-3.0766163	-9.977165	4.8684664	7.945082	16	healthyPT_marker
PCDH15	-3.0690627	-9.294488	5.143115	8.212178	16	healthyPT_marker
PRSS55	-3.0567746	-11.280123	1.2983469	4.355121	16	healthyPT_marker
SLC22A8	-3.0314412	-7.745839	4.184996	7.2164364	16	healthyPT_marker
SLC13A2	-3.0191574	-13.417954	2.3755026	5.39466	16	healthyPT_marker
CYP4F3	-3.012564	-7.940037	4.33646	7.349024	16	healthyPT_marker
HPD	-3.000598	-8.966796	3.1444201	6.1450176	16	healthyPT_marker
ALPL	-2.954131	-9.678221	2.78106	5.7351904	16	healthyPT_marker
FABP1	-2.9476895	-5.5422306	0.91894925	3.866639	16	healthyPT_marker
MME	-2.9213798	-20.126661	6.586985	9.508365	16	healthyPT_marker
PLCH2	-2.9073343	-15.665532	1.8384485	4.7457824	16	healthyPT_marker
PDZD2	-2.8798695	-12.049721	7.4623504	10.34222	16	healthyPT_marker
UPB1	-2.835528	-15.297885	4.1926217	7.0281487	16	healthyPT_marker
SLC7A8	-2.8095691	-9.405957	5.580663	8.390232	16	healthyPT_marker
ESPN	-2.762057	-12.984336	3.9132907	6.6753488	16	healthyPT_marker
DLGAP2	-2.7581692	-13.985361	3.598518	6.356687	16	healthyPT_marker
PRODH2	-2.7489982	-8.3948555	5.285261	8.03426	16	healthyPT_marker
KCNG2	-2.7103033	-5.241008	1.3937094	4.104013	16	healthyPT_marker
