slide_area	json	tif	n_tissue_json	n_spots_metadata	donor	assignment	frac_spots_in_tissue_json	diagnosis	he_image
V11Y24-076-D1	GSE211785_V11Y24-076-D1.json.gz	GSE211785_V11Y24-076_D1-HK2873.tif.gz	1411	1411	HK2873	file name + spot count (within 1%)	1.0	DKD	True
V11Y24-076-B1	GSE211785_V11Y24-076-B1.json.gz	GSE211785_V11Y24-076_B1-HK2852.tif.gz	2262	2262	HK2852	file name + spot count (within 1%)	1.0	Control	True
V11Y24-079-B1	GSE211785_V11Y24-079-B1_1.json.gz	GSE211785_V11Y24-79_B1_HK2844.tif.gz	2453	2445	HK2844	file name + spot count (within 1%)	1.0	DKD	True
V11Y24-079-C1	GSE211785_V11Y24-079-C1-1.json.gz		2013	2013	HK2671	exact spot count	1.0	Control	False
V11Y24-076-C1	GSE211785_V11Y24-076-C1.json.gz	GSE211785_V11Y24-076_C1-HK2871.tif.gz	2404	2404	HK2871	file name + spot count (within 1%)	1.0	HKD	True
V11Y24-076-A1	GSE211785_V11Y24-076-A1-2.json.gz	GSE211785_V11Y24-076_A1-HK3035.tif.gz	2027	2027	HK3035	file name + spot count (within 1%)	1.0	DKD	True
V11Y24-079-A1	GSE211785_V11Y24-079-A1_1.json.gz	GSE211785_V11Y24-79_A1_HK2770.tif.gz	1736	1736	HK2770	file name + spot count (within 1%)	1.0	HKD	True
V11Y24-077-D1	GSM7431714_V11Y24-077-D1-HK2874.json.gz	GSM7431714_V11Y24-077_D1_HK2874.tif.gz	3027	3027	HK2874	file name + spot count (within 1%)	1.0	Control	True
V11Y24-077-A1	GSM7431715_V11Y24-077-A1-HK2529.json.gz	GSM7431715_V11Y24_077_A1-HK2529.tif.gz	2971	2970	HK2529	file name + spot count (within 1%)	1.0	DKD	True
V11Y24-077-C1	GSM7431716_V11Y24-077-C1-HK2877.json.gz	GSM7431716_V11Y24-077_C1-HK2877.tif.gz	2962	2960	HK2877	file name + spot count (within 1%)	1.0	DKD	True
V12D05-376-B1	GSM7431717_V12D05-376-B1-HK3513.json.gz	GSM7431717_V12D05-376-B1-HK3513.tif.gz	3759	3759	HK3513	file name + spot count (within 1%)	1.0	CKD	True
V12D05-376-C1	GSM7431718_V12D05-376-C1-HK3444.json.gz	GSM7431718_V12D05-376-C1-HK3444.tif.gz	3198	3198	HK3444	file name + spot count (within 1%)	1.0	CKD	True
V12D05-376-D1	GSM7431719_V12D05-376-D1-HK3432.json.gz	GSM7431719_V12D05-376-D1-HK3432.tif.gz	3028	3028	HK3432	file name + spot count (within 1%)	1.0	CKD	True
V12D05-376-A1	GSM7431720_V12D05-376-A1-HK3437.json.gz	GSM7431720_V12D05-376-A1-HK3437.tif.gz	3903	3903	HK3437	file name + spot count (within 1%)	1.0	DKD	True
