section	group	set	n_PT_rich_spots	r_with_injury_index	partial_r_injury_given_SharedInjury_up	r_with_SharedInjury_up	r_with_author_iPT_label
HK2529_ST	DKD	DKDiPT_up	594	-0.06621841801894529	-0.012912316969865015	0.14786520632723024	0.07792759108805875
HK2671_ST	Control	DKDiPT_up	403	0.08824131453723907	0.017501893338115346	0.10768094742528724	0.08389112820217934
HK2770_ST	HKD	DKDiPT_up	348	0.049663751126658266	0.047938731032845745	0.056370351769647976	0.03852329782097356
HK2844_ST	DKD	DKDiPT_up	489	0.14682825380437503	0.14477301708227167	0.1253429302229875	0.15135718764037706
HK2852_ST	Control	DKDiPT_up	453	-0.11466039725772906	-0.11489105219331404	0.07196295236061272	0.028948067857206636
HK2871_ST	HKD	DKDiPT_up	481	-0.019275406803626452	-0.037363769886596586	0.02085453417859843	0.04089539462977068
HK2873_ST	DKD	DKDiPT_up	283	0.2298194301124702	0.12181688664581355	0.2342025482570107	0.17279694802841725
HK2874_ST	Control	DKDiPT_up	606	0.010132693050628621	0.03906739399400631	0.1262077188088516	-0.02286423279187947
HK2877_ST	DKD	DKDiPT_up	592	-0.042611719991871015	-0.03553924594729373	0.16206615395888693	0.013874704437758682
HK3035_ST	DKD	DKDiPT_up	406	0.2571611221120672	0.18171345148335444	0.22898105332859142	0.038137844160814574
HK3432_ST	CKD	DKDiPT_up	606	0.13694978432185137	0.12620281990046772	0.03694465470167098	-0.03706518046728954
HK3437_ST	DKD	DKDiPT_up	781	0.11494500111125644	0.08460373631503544	0.11054581058056433	0.05049778732627521
HK3444_ST	CKD	DKDiPT_up	640	0.009735706273358843	0.032386662912597224	0.006197605984363559	-0.020842244089470736
HK3513_ST	CKD	DKDiPT_up	752	0.05677098641698112	0.0507393951523129	0.06128303802320037	-0.0069095969370118965
