library	term	NES_disc	fdr_disc	NES_kpmp	fdr_kpmp	same_sign	consistent	direction	gene_filter	discovery	kpmp
gobp	GOBP_ANTERIOR_POSTERIOR_PATTERN_SPECIFICATION	-2.3042536048633124	0.014344420346801104	-1.4929343409342792	0.33230031615270084	True	False	down_in_DKD	excl_technical	discovery_SN	KPMP_sn
gobp	GOBP_ANTERIOR_POSTERIOR_PATTERN_SPECIFICATION	-2.3042536048633124	0.014344420346801104	-1.7225418745836203	0.19727425723268696	True	True	down_in_DKD	excl_technical	discovery_SN	KPMP_sn_ribo_adj
gobp	GOBP_ANTERIOR_POSTERIOR_PATTERN_SPECIFICATION	-2.1909889802445894	0.05981081847826625	-1.4929343409342792	0.33230031615270084	True	False	down_in_DKD	excl_technical	discovery_SN_ribo_adj	KPMP_sn
gobp	GOBP_ANTERIOR_POSTERIOR_PATTERN_SPECIFICATION	-2.1909889802445894	0.05981081847826625	-1.7225418745836203	0.19727425723268696	True	True	down_in_DKD	excl_technical	discovery_SN_ribo_adj	KPMP_sn_ribo_adj
gobp	GOBP_PATTERN_SPECIFICATION_PROCESS	-2.0516953087418357	0.0719953287882303	-1.5418522324907207	0.32292905466666105	True	False	down_in_DKD	excl_technical	discovery_SN	KPMP_sn
gobp	GOBP_PATTERN_SPECIFICATION_PROCESS	-2.0516953087418357	0.0719953287882303	-1.6220157233465744	0.2699028438132734	True	False	down_in_DKD	excl_technical	discovery_SN	KPMP_sn_ribo_adj
gobp	GOBP_PATTERN_SPECIFICATION_PROCESS	-1.862287841473384	0.19243480727790008	-1.5418522324907207	0.32292905466666105	True	False	down_in_DKD	excl_technical	discovery_SN_ribo_adj	KPMP_sn
gobp	GOBP_PATTERN_SPECIFICATION_PROCESS	-1.862287841473384	0.19243480727790008	-1.6220157233465744	0.2699028438132734	True	False	down_in_DKD	excl_technical	discovery_SN_ribo_adj	KPMP_sn_ribo_adj
hallmark	HALLMARK_ALLOGRAFT_REJECTION	1.553789249160462	0.1133780638093934	2.146249302285303	0.0	True	True	up_in_DKD	excl_technical	discovery_SN	KPMP_sn
hallmark	HALLMARK_ALLOGRAFT_REJECTION	1.553789249160462	0.1133780638093934	1.487299375865636	0.09560323238582089	True	True	up_in_DKD	excl_technical	discovery_SN	KPMP_sn_ribo_adj
hallmark	HALLMARK_ALLOGRAFT_REJECTION	1.1584817406060255	1.0	2.146249302285303	0.0	True	False	up_in_DKD	excl_technical	discovery_SN_ribo_adj	KPMP_sn
hallmark	HALLMARK_ALLOGRAFT_REJECTION	1.1584817406060255	1.0	1.487299375865636	0.09560323238582089	True	False	up_in_DKD	excl_technical	discovery_SN_ribo_adj	KPMP_sn_ribo_adj
hallmark	HALLMARK_ALLOGRAFT_REJECTION	1.5416402225961532	0.08642172262582629	2.2348382123890134	0.0	True	True	up_in_DKD	full	discovery_SN	KPMP_sn
hallmark	HALLMARK_ALLOGRAFT_REJECTION	1.5416402225961532	0.08642172262582629	1.3467547424176418	0.10866488671014429	True	True	up_in_DKD	full	discovery_SN	KPMP_sn_ribo_adj
hallmark	HALLMARK_ALLOGRAFT_REJECTION	1.0258941243589292	0.9942767669132336	2.2348382123890134	0.0	True	False	up_in_DKD	full	discovery_SN_ribo_adj	KPMP_sn
hallmark	HALLMARK_ALLOGRAFT_REJECTION	1.0258941243589292	0.9942767669132336	1.3467547424176418	0.10866488671014429	True	False	up_in_DKD	full	discovery_SN_ribo_adj	KPMP_sn_ribo_adj
hallmark	HALLMARK_EPITHELIAL_MESENCHYMAL_TRANSITION	1.219574493975978	0.6987059223126593	1.8484032341165164	0.0013374169374432835	True	False	up_in_DKD	excl_technical	discovery_SN	KPMP_sn
hallmark	HALLMARK_EPITHELIAL_MESENCHYMAL_TRANSITION	1.219574493975978	0.6987059223126593	1.4153566929406884	0.06983192626442568	True	False	up_in_DKD	excl_technical	discovery_SN	KPMP_sn_ribo_adj
hallmark	HALLMARK_EPITHELIAL_MESENCHYMAL_TRANSITION	1.0890973588308714	0.969880399782545	1.8484032341165164	0.0013374169374432835	True	False	up_in_DKD	excl_technical	discovery_SN_ribo_adj	KPMP_sn
hallmark	HALLMARK_EPITHELIAL_MESENCHYMAL_TRANSITION	1.0890973588308714	0.969880399782545	1.4153566929406884	0.06983192626442568	True	False	up_in_DKD	excl_technical	discovery_SN_ribo_adj	KPMP_sn_ribo_adj
hallmark	HALLMARK_EPITHELIAL_MESENCHYMAL_TRANSITION	1.21794769374462	0.712281913550812	1.8155690362040309	0.0012847851247987116	True	False	up_in_DKD	full	discovery_SN	KPMP_sn
hallmark	HALLMARK_EPITHELIAL_MESENCHYMAL_TRANSITION	1.21794769374462	0.712281913550812	1.448049840092169	0.06497084470122506	True	False	up_in_DKD	full	discovery_SN	KPMP_sn_ribo_adj
hallmark	HALLMARK_EPITHELIAL_MESENCHYMAL_TRANSITION	1.0967622859035482	0.9218154767261187	1.8155690362040309	0.0012847851247987116	True	False	up_in_DKD	full	discovery_SN_ribo_adj	KPMP_sn
hallmark	HALLMARK_EPITHELIAL_MESENCHYMAL_TRANSITION	1.0967622859035482	0.9218154767261187	1.448049840092169	0.06497084470122506	True	False	up_in_DKD	full	discovery_SN_ribo_adj	KPMP_sn_ribo_adj
hallmark	HALLMARK_IL6_JAK_STAT3_SIGNALING	1.4391014350485172	0.18732027933725867	1.9661544067108698	0.0003776236058663388	True	True	up_in_DKD	excl_technical	discovery_SN	KPMP_sn
hallmark	HALLMARK_IL6_JAK_STAT3_SIGNALING	1.4391014350485172	0.18732027933725867	1.4516865973648296	0.07445847210389074	True	True	up_in_DKD	excl_technical	discovery_SN	KPMP_sn_ribo_adj
hallmark	HALLMARK_IL6_JAK_STAT3_SIGNALING	1.1384696046608167	1.0	1.9661544067108698	0.0003776236058663388	True	False	up_in_DKD	excl_technical	discovery_SN_ribo_adj	KPMP_sn
hallmark	HALLMARK_IL6_JAK_STAT3_SIGNALING	1.1384696046608167	1.0	1.4516865973648296	0.07445847210389074	True	False	up_in_DKD	excl_technical	discovery_SN_ribo_adj	KPMP_sn_ribo_adj
hallmark	HALLMARK_IL6_JAK_STAT3_SIGNALING	1.4320799006413096	0.19751374435499705	1.9840493990112762	0.0004564368206521739	True	True	up_in_DKD	full	discovery_SN	KPMP_sn
hallmark	HALLMARK_IL6_JAK_STAT3_SIGNALING	1.4320799006413096	0.19751374435499705	1.471003073568879	0.061306371368961644	True	True	up_in_DKD	full	discovery_SN	KPMP_sn_ribo_adj
hallmark	HALLMARK_IL6_JAK_STAT3_SIGNALING	1.144991678467383	0.8934510632718072	1.9840493990112762	0.0004564368206521739	True	False	up_in_DKD	full	discovery_SN_ribo_adj	KPMP_sn
hallmark	HALLMARK_IL6_JAK_STAT3_SIGNALING	1.144991678467383	0.8934510632718072	1.471003073568879	0.061306371368961644	True	False	up_in_DKD	full	discovery_SN_ribo_adj	KPMP_sn_ribo_adj
hallmark	HALLMARK_INTERFERON_GAMMA_RESPONSE	0.9742145499417061	0.9848348355234493	1.9236479445111692	0.0005394622940947697	True	False	up_in_DKD	excl_technical	discovery_SN	KPMP_sn
hallmark	HALLMARK_INTERFERON_GAMMA_RESPONSE	0.9742145499417061	0.9848348355234493	0.8892545686752562	0.8411518171412835	True	False	up_in_DKD	excl_technical	discovery_SN	KPMP_sn_ribo_adj
hallmark	HALLMARK_INTERFERON_GAMMA_RESPONSE	0.8501539815503378	1.0	1.9236479445111692	0.0005394622940947697	True	False	up_in_DKD	excl_technical	discovery_SN_ribo_adj	KPMP_sn
hallmark	HALLMARK_INTERFERON_GAMMA_RESPONSE	0.8501539815503378	1.0	0.8892545686752562	0.8411518171412835	True	False	up_in_DKD	excl_technical	discovery_SN_ribo_adj	KPMP_sn_ribo_adj
hallmark	HALLMARK_INTERFERON_GAMMA_RESPONSE	1.0066179722133133	1.0	1.9048262396426234	0.00038036401721014494	True	False	up_in_DKD	full	discovery_SN	KPMP_sn
hallmark	HALLMARK_INTERFERON_GAMMA_RESPONSE	1.0066179722133133	1.0	0.9156448083425037	0.7665124199789582	True	False	up_in_DKD	full	discovery_SN	KPMP_sn_ribo_adj
hallmark	HALLMARK_INTERFERON_GAMMA_RESPONSE	0.8979580658230324	0.9808501160844447	1.9048262396426234	0.00038036401721014494	True	False	up_in_DKD	full	discovery_SN_ribo_adj	KPMP_sn
hallmark	HALLMARK_INTERFERON_GAMMA_RESPONSE	0.8979580658230324	0.9808501160844447	0.9156448083425037	0.7665124199789582	True	False	up_in_DKD	full	discovery_SN_ribo_adj	KPMP_sn_ribo_adj
hallmark	HALLMARK_MYC_TARGETS_V1	1.5461842765246976	0.08290490831912166	1.77606263021381	0.0023458436121999836	True	True	up_in_DKD	excl_technical	discovery_SN	KPMP_sn
hallmark	HALLMARK_MYC_TARGETS_V1	1.5461842765246976	0.08290490831912166	-1.53224574329066	0.07097893917878575	False	False	up_in_DKD	excl_technical	discovery_SN	KPMP_sn_ribo_adj
hallmark	HALLMARK_MYC_TARGETS_V1	1.180947339922141	1.0	1.77606263021381	0.0023458436121999836	True	False	up_in_DKD	excl_technical	discovery_SN_ribo_adj	KPMP_sn
hallmark	HALLMARK_MYC_TARGETS_V1	1.180947339922141	1.0	-1.53224574329066	0.07097893917878575	False	False	up_in_DKD	excl_technical	discovery_SN_ribo_adj	KPMP_sn_ribo_adj
hallmark	HALLMARK_MYC_TARGETS_V1	1.5568574665345911	0.10761093657961908	1.9752031144432403	0.00036514945652173914	True	True	up_in_DKD	full	discovery_SN	KPMP_sn
hallmark	HALLMARK_MYC_TARGETS_V1	1.5568574665345911	0.10761093657961908	-1.716784077747123	0.015635480882869646	False	False	up_in_DKD	full	discovery_SN	KPMP_sn_ribo_adj
hallmark	HALLMARK_MYC_TARGETS_V1	1.160857043574462	0.943062379641128	1.9752031144432403	0.00036514945652173914	True	False	up_in_DKD	full	discovery_SN_ribo_adj	KPMP_sn
hallmark	HALLMARK_MYC_TARGETS_V1	1.160857043574462	0.943062379641128	-1.716784077747123	0.015635480882869646	False	False	up_in_DKD	full	discovery_SN_ribo_adj	KPMP_sn_ribo_adj
hallmark	HALLMARK_OXIDATIVE_PHOSPHORYLATION	0.9280373202643392	1.0	1.6845110242967636	0.00467533988215467	True	False	up_in_DKD	excl_technical	discovery_SN	KPMP_sn
hallmark	HALLMARK_OXIDATIVE_PHOSPHORYLATION	0.9280373202643392	1.0	-2.371265982618389	0.0	False	False	up_in_DKD	excl_technical	discovery_SN	KPMP_sn_ribo_adj
hallmark	HALLMARK_OXIDATIVE_PHOSPHORYLATION	-1.118391717065493	0.7548429932822996	1.6845110242967636	0.00467533988215467	False	False	down_in_DKD	excl_technical	discovery_SN_ribo_adj	KPMP_sn
hallmark	HALLMARK_OXIDATIVE_PHOSPHORYLATION	-1.118391717065493	0.7548429932822996	-2.371265982618389	0.0	True	False	down_in_DKD	excl_technical	discovery_SN_ribo_adj	KPMP_sn_ribo_adj
hallmark	HALLMARK_OXIDATIVE_PHOSPHORYLATION	0.9318776720786167	0.97528950648375	1.6779003698933526	0.004955599767080745	True	False	up_in_DKD	full	discovery_SN	KPMP_sn
hallmark	HALLMARK_OXIDATIVE_PHOSPHORYLATION	0.9318776720786167	0.97528950648375	-2.3564225065678803	0.0	False	False	up_in_DKD	full	discovery_SN	KPMP_sn_ribo_adj
hallmark	HALLMARK_OXIDATIVE_PHOSPHORYLATION	-1.0999898662692973	0.8535267788238927	1.6779003698933526	0.004955599767080745	False	False	down_in_DKD	full	discovery_SN_ribo_adj	KPMP_sn
hallmark	HALLMARK_OXIDATIVE_PHOSPHORYLATION	-1.0999898662692973	0.8535267788238927	-2.3564225065678803	0.0	True	False	down_in_DKD	full	discovery_SN_ribo_adj	KPMP_sn_ribo_adj
hallmark	HALLMARK_TNFA_SIGNALING_VIA_NFKB	1.069473244571096	1.0	2.198045274396494	0.0	True	False	up_in_DKD	excl_technical	discovery_SN	KPMP_sn
hallmark	HALLMARK_TNFA_SIGNALING_VIA_NFKB	1.069473244571096	1.0	1.5764107143649757	0.0867477344899698	True	False	up_in_DKD	excl_technical	discovery_SN	KPMP_sn_ribo_adj
hallmark	HALLMARK_TNFA_SIGNALING_VIA_NFKB	1.2147326010994912	1.0	2.198045274396494	0.0	True	False	up_in_DKD	excl_technical	discovery_SN_ribo_adj	KPMP_sn
hallmark	HALLMARK_TNFA_SIGNALING_VIA_NFKB	1.2147326010994912	1.0	1.5764107143649757	0.0867477344899698	True	False	up_in_DKD	excl_technical	discovery_SN_ribo_adj	KPMP_sn_ribo_adj
hallmark	HALLMARK_TNFA_SIGNALING_VIA_NFKB	1.054185237708647	1.0	2.168770840885698	0.0	True	False	up_in_DKD	full	discovery_SN	KPMP_sn
hallmark	HALLMARK_TNFA_SIGNALING_VIA_NFKB	1.054185237708647	1.0	1.609124514713031	0.1198309527630664	True	False	up_in_DKD	full	discovery_SN	KPMP_sn_ribo_adj
hallmark	HALLMARK_TNFA_SIGNALING_VIA_NFKB	1.2252050551973657	1.0	2.168770840885698	0.0	True	False	up_in_DKD	full	discovery_SN_ribo_adj	KPMP_sn
hallmark	HALLMARK_TNFA_SIGNALING_VIA_NFKB	1.2252050551973657	1.0	1.609124514713031	0.1198309527630664	True	False	up_in_DKD	full	discovery_SN_ribo_adj	KPMP_sn_ribo_adj
reactome	REACTOME_EUKARYOTIC_TRANSLATION_ELONGATION	1.8722028505811266	0.0928343826975676	3.1484142742304915	0.0	True	True	up_in_DKD	full	discovery_SN	KPMP_sn
reactome	REACTOME_EUKARYOTIC_TRANSLATION_ELONGATION	1.8722028505811266	0.0928343826975676	-2.7508870701999797	0.0	False	False	up_in_DKD	full	discovery_SN	KPMP_sn_ribo_adj
reactome	REACTOME_EUKARYOTIC_TRANSLATION_ELONGATION	-2.536266047720375	0.0	3.1484142742304915	0.0	False	False	down_in_DKD	full	discovery_SN_ribo_adj	KPMP_sn
reactome	REACTOME_EUKARYOTIC_TRANSLATION_ELONGATION	-2.536266047720375	0.0	-2.7508870701999797	0.0	True	True	down_in_DKD	full	discovery_SN_ribo_adj	KPMP_sn_ribo_adj
reactome	REACTOME_SIGNALING_BY_BMP	-1.898012396838522	0.29036880210203964	-1.669307089626812	0.2916238621416054	True	False	down_in_DKD	excl_technical	discovery_SN	KPMP_sn
reactome	REACTOME_SIGNALING_BY_BMP	-1.898012396838522	0.29036880210203964	-1.5009425406554993	0.24564736066846743	True	False	down_in_DKD	excl_technical	discovery_SN	KPMP_sn_ribo_adj
reactome	REACTOME_SIGNALING_BY_BMP	-1.958842130641701	0.33667535818324246	-1.669307089626812	0.2916238621416054	True	False	down_in_DKD	excl_technical	discovery_SN_ribo_adj	KPMP_sn
reactome	REACTOME_SIGNALING_BY_BMP	-1.958842130641701	0.33667535818324246	-1.5009425406554993	0.24564736066846743	True	False	down_in_DKD	excl_technical	discovery_SN_ribo_adj	KPMP_sn_ribo_adj
reactome	REACTOME_SIGNALING_BY_BMP	-1.9596565843645386	0.18192232265797767	-1.693509827213829	0.23808108429437644	True	True	down_in_DKD	full	discovery_SN	KPMP_sn
reactome	REACTOME_SIGNALING_BY_BMP	-1.9596565843645386	0.18192232265797767	-1.4779300295124032	0.2142324386970675	True	True	down_in_DKD	full	discovery_SN	KPMP_sn_ribo_adj
reactome	REACTOME_SIGNALING_BY_BMP	-1.960072331490505	0.028169261823775164	-1.693509827213829	0.23808108429437644	True	True	down_in_DKD	full	discovery_SN_ribo_adj	KPMP_sn
reactome	REACTOME_SIGNALING_BY_BMP	-1.960072331490505	0.028169261823775164	-1.4779300295124032	0.2142324386970675	True	True	down_in_DKD	full	discovery_SN_ribo_adj	KPMP_sn_ribo_adj
reactome	REACTOME_TRANSLATION	0.9751371403080373	1.0	0.967689299713037	0.71668367599721	True	False	up_in_DKD	excl_technical	discovery_SN	KPMP_sn
reactome	REACTOME_TRANSLATION	0.9751371403080373	1.0	-1.5733625841578485	0.17746639174340165	False	False	up_in_DKD	excl_technical	discovery_SN	KPMP_sn_ribo_adj
reactome	REACTOME_TRANSLATION	-0.7880962338265196	1.0	0.967689299713037	0.71668367599721	False	False	down_in_DKD	excl_technical	discovery_SN_ribo_adj	KPMP_sn
reactome	REACTOME_TRANSLATION	-0.7880962338265196	1.0	-1.5733625841578485	0.17746639174340165	True	False	down_in_DKD	excl_technical	discovery_SN_ribo_adj	KPMP_sn_ribo_adj
reactome	REACTOME_TRANSLATION	1.5793487589315296	0.3975280035369336	2.3341933276507176	0.0	True	False	up_in_DKD	full	discovery_SN	KPMP_sn
reactome	REACTOME_TRANSLATION	1.5793487589315296	0.3975280035369336	-2.3656851075996963	3.484791804747863e-05	False	False	up_in_DKD	full	discovery_SN	KPMP_sn_ribo_adj
reactome	REACTOME_TRANSLATION	-1.4861551585986075	0.39133398778359507	2.3341933276507176	0.0	False	False	down_in_DKD	full	discovery_SN_ribo_adj	KPMP_sn
reactome	REACTOME_TRANSLATION	-1.4861551585986075	0.39133398778359507	-2.3656851075996963	3.484791804747863e-05	True	False	down_in_DKD	full	discovery_SN_ribo_adj	KPMP_sn_ribo_adj
