gene_filter	discovery	kpmp	library	n_terms	spearman_NES	n_disc_fdr25	frac_sign_agree_disc_fdr25	n_consistent	n_consistent_up	n_consistent_down
excl_technical	discovery_SN	KPMP_sn	gobp	3460	0.3188175772754978	93	0.7311827956989247	12	0	12
excl_technical	discovery_SN	KPMP_sn	hallmark	50	0.49147659063625443	7	0.7142857142857143	5	4	1
excl_technical	discovery_SN	KPMP_sn	reactome	921	0.16260518675965022	3	1.0	0	0	0
excl_technical	discovery_SN	KPMP_sn_ribo_adj	gobp	3460	0.13542749948928817	93	0.6881720430107527	9	0	9
excl_technical	discovery_SN	KPMP_sn_ribo_adj	hallmark	50	0.3047779111644658	7	0.7142857142857143	2	2	0
excl_technical	discovery_SN	KPMP_sn_ribo_adj	reactome	921	-0.04172935570950137	3	0.3333333333333333	0	0	0
excl_technical	discovery_SN_ribo_adj	KPMP_sn	gobp	3460	0.26038938526691496	41	0.8048780487804879	4	0	4
excl_technical	discovery_SN_ribo_adj	KPMP_sn	hallmark	50	0.37536614645858346	2	1.0	2	1	1
excl_technical	discovery_SN_ribo_adj	KPMP_sn	reactome	921	0.06097765737399098	1	1.0	0	0	0
excl_technical	discovery_SN_ribo_adj	KPMP_sn_ribo_adj	gobp	3460	0.19481199587177953	41	0.7804878048780488	6	0	6
excl_technical	discovery_SN_ribo_adj	KPMP_sn_ribo_adj	hallmark	50	0.466890756302521	2	1.0	0	0	0
excl_technical	discovery_SN_ribo_adj	KPMP_sn_ribo_adj	reactome	921	0.12847488816045377	1	1.0	0	0	0
full	discovery_SN	KPMP_sn	hallmark	50	0.4909003601440575	9	0.7777777777777778	5	4	1
full	discovery_SN	KPMP_sn	reactome	945	0.20792870435205002	15	0.9333333333333333	6	4	2
full	discovery_SN	KPMP_sn_ribo_adj	hallmark	50	0.2777911164465786	9	0.5555555555555556	2	2	0
full	discovery_SN	KPMP_sn_ribo_adj	reactome	945	-0.11370609799933705	15	0.5333333333333333	4	0	4
full	discovery_SN_ribo_adj	KPMP_sn	hallmark	50	0.347611044417767	2	1.0	2	1	1
full	discovery_SN_ribo_adj	KPMP_sn	reactome	945	-0.02372525900546741	27	0.37037037037037035	2	0	2
full	discovery_SN_ribo_adj	KPMP_sn_ribo_adj	hallmark	50	0.42549819927971183	2	0.5	0	0	0
full	discovery_SN_ribo_adj	KPMP_sn_ribo_adj	reactome	945	0.1727709719068461	27	0.9259259259259259	19	0	19
