participant	DKDiPT_up	SharedInjury_up	group	egfr_band	proteinuria	albuminuria	a1c	diabetes_duration	raas	if_pct	ta_pct	tubular_injury_pct	interstitial_wbc_pct	arteriosclerosis_grade	arteriolar_hyalinosis_grade
27-10039	0.22276786	0.15647379	DKD	40.0		3.0	3.0	30.0	1.0	30.0	25.0	25.0	15.0	0.0	0.0
27-10041	0.20542136	-0.21161705	DKD	60.0		1.0	3.0	25.0	1.0	35.0	30.0	20.0	25.0	0.0	0.0
27-10043	0.0055593913	-0.5085274	DKD	110.0		4.0	3.0	20.0	1.0	10.0	10.0	15.0	5.0	3.0	3.0
27-10067	-0.73237896	0.5883546	DKD	30.0		2.0	0.0	15.0	1.0	60.0	60.0	70.0	15.0	3.0	3.0
27-10074	0.5702684	0.5461948	DKD	40.0	3.0	4.0	1.0	10.0	1.0	30.0	25.0	50.0	15.0	3.0	0.0
27-10087	-0.23036091	0.42660633	HKD_withDM	50.0		1.0	1.0	10.0	1.0	35.0	30.0	30.0	20.0	2.0	2.0
27-10089	-0.29012656	-0.38000557	DKD	70.0		0.0	0.0	25.0	1.0	10.0	10.0	10.0	0.0	2.0	2.0
27-10094	0.8614931	0.52930194	DKD	50.0		4.0	2.0	10.0	1.0	30.0	20.0	20.0	25.0	1.0	1.0
27-10104	0.3156741	-0.40112287	DKD	80.0	3.0	4.0	3.0	25.0	1.0	20.0	20.0	10.0	10.0	0.0	1.0
27-10154	0.40562332	0.40517065	DKD	30.0		4.0	3.0	20.0	1.0	70.0	60.0	50.0	45.0	1.0	2.0
27-10165	-0.41116297	0.019414721	DKD	120.0		0.0	2.0	25.0	0.0	0.0	0.0	40.0	0.0	0.0	2.0
27-10185	-0.37291387	-0.706358	DKD	100.0		0.0	3.0	50.0	1.0	2.0	1.0	10.0	0.0	1.0	3.0
27-10206	-0.05109019	-0.523114	DKD	100.0		0.0	1.0	25.0	1.0	0.0	0.0	20.0	0.0	0.0	2.0
27-10211	-0.902435	-0.4490697	DKD	90.0		0.0	1.0	60.0	0.0	0.0	0.0	0.0	0.0	3.0	0.0
27-10228	-0.4746589	0.32658377	DKD	100.0		0.0	2.0	35.0	0.0	5.0	5.0	20.0	0.0	0.0	0.0
28-10109	0.04078275	-0.40552905	DKD	50.0		0.0	0.0	20.0	1.0	10.0	15.0	15.0	2.5		3.0
28-12178	0.71466964	-0.24287945	DKD	50.0				20.0	1.0	20.0	15.0	10.0	10.0	2.0	3.0
28-12372	0.09921177	0.41327846	HKD_withDM	50.0	2.0	1.0	2.0		1.0	40.0	35.0	15.0	15.0	2.0	1.0
28-12442	0.3995092	0.50142795	DKD	70.0	3.0		3.0	20.0	1.0	30.0	30.0	25.0	40.0	1.0	2.0
28-12510	0.25675505	-0.7212839	HKD	20.0	3.0	4.0			0.0	70.0	70.0	10.0	70.0	1.0	2.0
28-12546	0.21736896	0.61305565	DKD	40.0	3.0	4.0	1.0	40.0	1.0	35.0	20.0	50.0	10.0	1.0	1.0
28-12558	0.09374437	-0.2789981	HKD	40.0	0.0	0.0	0.0		1.0	20.0	10.0	5.0	10.0	2.0	1.0
28-12579	0.53644794	0.8804879	DKD	30.0		3.0	2.0	15.0	1.0	5.0	7.0	0.0	3.0	0.0	2.0
29-10008	-0.042394735	-0.20950356	HKD	40.0		1.0			0.0	1.0	0.0	0.0	0.0	1.0	1.0
29-10013	-0.62430006	-0.018355552	HKD_withDM	100.0	0.0	1.0	1.0	5.0	1.0	5.0	2.0	20.0	5.0	3.0	0.0
29-10016	0.24791309	-0.17909627	DKD	110.0	2.0			20.0	1.0	10.0	5.0	5.0	5.0	1.0	3.0
29-10277	0.28303942	0.039928634	DKD	120.0	3.0	4.0	3.0	20.0	1.0	20.0	20.0	30.0	20.0	1.0	1.0
29-10280	-0.01972115	0.0674651	DKD	30.0	3.0		1.0	10.0	0.0	5.0	10.0	20.0	30.0	1.0	0.0
29-10282	0.53711104	0.66120696	DKD	60.0	3.0		0.0	15.0	1.0	55.0	50.0	35.0	55.0	2.0	3.0
29-10380	0.14384511	-0.27785584	HKD	50.0	3.0		0.0		1.0	10.0	5.0	5.0	5.0	1.0	1.0
29-10393	-1.4345127	-0.0885249	HKD	70.0	1.0		0.0		1.0	20.0	20.0	5.0	0.0	2.0	2.0
29-10395	0.61909515	0.3249243	HKD_withDM	50.0	0.0	1.0	3.0	5.0	0.0	80.0	30.0	2.5	5.0	1.0	2.0
29-10397	0.26138252	1.1850032	DKD	30.0	3.0		1.0	15.0	1.0	85.0	85.0	20.0	60.0	2.0	2.0
29-10399	0.41291526	-0.19506732	DKD	40.0	0.0		2.0	30.0	1.0	20.0	20.0	10.0	0.0	3.0	0.0
29-10400	0.20962736	0.068956256	HKD_withDM	30.0	3.0	4.0	0.0	5.0	1.0	30.0	30.0	15.0	20.0	2.0	1.0
29-10404	-0.51565486	0.6386714	DKD	50.0	3.0	3.0	2.0	10.0	1.0	40.0	40.0	20.0	40.0	2.0	3.0
29-10405	0.58709043	0.810466	DKD	50.0	3.0	4.0	3.0	20.0	1.0	40.0	35.0	45.0	15.0	1.0	1.0
29-10410	0.13899162	0.74646014	HKD_withDM	40.0	3.0	4.0	1.0	25.0	1.0	30.0	30.0	30.0	20.0	3.0	3.0
29-10422	0.16109642	0.15040213	DKD	50.0	3.0		1.0		1.0	45.0	45.0	40.0	60.0	1.0	3.0
29-10439	0.3439079	1.0130752	DKD	80.0	3.0	4.0	2.0	15.0	1.0	7.0	5.0	0.0	5.0	2.0	3.0
29-10607	-1.1287303	0.2209639	HKD_withDM	50.0		0.0	1.0	0.0	0.0						
29-10622	0.3361634	0.075670876	HKD	30.0		1.0	0.0		1.0						
29-10625	0.50797296	0.5290041	DKD	30.0	3.0	4.0	3.0	20.0	0.0	50.0	30.0	50.0	40.0	3.0	3.0
29-10662	0.7002328	0.2723753	HKD	50.0	0.0				1.0	7.0	5.0	5.0	5.0	3.0	0.0
31-10001	-0.04231654	0.06001215	DKD	40.0	1.0	0.0	1.0	25.0	1.0	30.0	20.0	20.0	20.0	2.0	3.0
31-10040	0.50722975	0.90198493	DKD	30.0	3.0	4.0	1.0	20.0	1.0	50.0	25.0	30.0	10.0	2.0	0.0
31-10063	-0.39376327	-0.15686646	HKD	50.0			0.0		0.0	10.0	10.0	10.0	2.0	2.0	1.0
31-10078	0.20458947	0.6618176	HKD_withDM	30.0	1.0	2.0	3.0	15.0	1.0	25.0	25.0	10.0	20.0	1.0	1.0
31-10081	-0.037318837	-0.46736106	DKD	50.0		0.0	0.0	5.0	1.0	20.0	20.0	20.0	10.0	0.0	3.0
31-10090	0.13839497	0.45664078	HKD_withDM	30.0		0.0	0.0	10.0	1.0	20.0	15.0	30.0	10.0	2.0	1.0
31-10091	0.0036898255	-0.4417051	HKD_withDM	30.0	0.0		0.0	0.0	1.0	45.0	50.0	35.0	10.0	3.0	1.0
31-10100	0.29426903	0.49135822	DKD	30.0	0.0		1.0	10.0	1.0	15.0	15.0	1.0	10.0	2.0	3.0
31-10105	0.36701193	0.17604518	DKD	40.0	3.0	4.0	1.0	20.0	0.0	60.0	60.0	0.0	50.0	2.0	3.0
31-10154	-0.9539229	0.6520027	HKD	20.0	0.0				1.0					1.0	0.0
31-10177	-0.007309046	-0.10646386	HKD	30.0	0.0				0.0	30.0	30.0	15.0	30.0	3.0	2.0
31-10210	-0.34430298	0.2669265	HKD	40.0			0.0		1.0	5.0	5.0	20.0	5.0	2.0	0.0
31-10219	-0.027463866	0.6965761	HKD_withDM	60.0			1.0	20.0	1.0	20.0	20.0	1.0	1.0	3.0	0.0
31-10221	0.02843827	-0.0749071	HKD_withDM	40.0	0.0		0.0	0.0	1.0	20.0	20.0	15.0	10.0	3.0	2.0
31-10236	0.6241499	0.6681908	DKD	30.0	3.0		3.0	10.0	1.0	25.0	25.0	70.0	10.0	2.0	3.0
31-10322	0.115442485	0.088358246	HKD_withDM	40.0		1.0	0.0	0.0	1.0	15.0	10.0	10.0	10.0	3.0	0.0
31-10336	0.21874581	0.5875579	HKD_withDM	30.0			0.0	10.0	1.0	20.0	15.0	2.5	2.5	3.0	1.0
31-10381	0.13227835	0.52136725	DKD	20.0	1.0	1.0	2.0	10.0	0.0	25.0	15.0	20.0	2.5	0.0	1.0
933-10003	0.67594767	0.7292872	DKD	20.0	1.0	1.0	1.0	25.0	1.0	60.0	50.0	25.0	15.0	3.0	3.0
934-10004	0.12743652	0.5809793	HKD	40.0	1.0	0.0	0.0		1.0	40.0	20.0	20.0	40.0	3.0	0.0
934-10016	0.4724976	0.11717905	HKD	50.0	1.0	0.0			1.0	40.0	0.0	100.0	10.0	3.0	0.0
934-10022	0.30285457	0.5777025	HKD	40.0	2.0	2.0	0.0		1.0						
934-10023	0.57715005	0.61203164	DKD	40.0	3.0	4.0	1.0	10.0	0.0	40.0	40.0	30.0	40.0	2.0	1.0
934-10032	-0.74998915	0.34591106	HKD	50.0	0.0	0.0			0.0	5.0	5.0	0.0	2.0	3.0	3.0
934-10059	-0.29234135	0.34895703	HKD	50.0		0.0	0.0		1.0	10.0	10.0	10.0	2.5	1.0	0.0
934-10209	0.29535684	0.50004417	DKD	30.0		1.0	1.0	20.0	1.0						
935-10106	0.31107995	-0.21684502	HKD_withDM	70.0		1.0	1.0	50.0	0.0	10.0	10.0	5.0	5.0	0.0	2.0
936-10002	-0.044284184	-0.1503084	HKD_withDM	30.0	0.0	0.0	3.0	15.0	1.0						
936-10003	-0.55151576	0.28369853	HKD_withDM	60.0	3.0	4.0	1.0	5.0	1.0						
936-10006	0.40777668	0.8079501	HKD_withDM	20.0	3.0	1.0	1.0	5.0	1.0						
