redcap_id	experimental_strategy	platform	file_name	reason
K1700432-FB	Single-nucleus RNA-Seq	snDrop-seq	03c27faa-2ec5-4b61-ba4f-04c07cc9f167_expression_matrix.zip	non-10x or non-mtx
K1700442_12FB	Single-nucleus RNA-Seq	snDrop-seq	0b26c2dd-a422-4152-82bb-e0c9f6a30f77_expression_matrix.zip	non-10x or non-mtx
18-162	Single-nucleus RNA-Seq	snDrop-seq	0f86b103-7155-45a1-b123-feb6bd2a09ae_UCSD-WU_18-162_Post-QC_Raw_UMI_Count_Matrix_08-14-2018.tsv	non-10x or non-mtx
K1700578_12	Single-nucleus RNA-Seq	snDrop-seq	1056720d-e5a0-4867-aeff-b41f2c0ac9ed_expression_matrix.zip	non-10x or non-mtx
K1800105-4FB	Single-nucleus RNA-Seq	snDrop-seq	13083117-31c0-43b4-b482-bb20a24f96d3_expression_matrix.zip	non-10x or non-mtx
18-162	Single-nucleus RNA-Seq	snDrop-seq	16de3044-4491-4264-927c-5c8b68317213_expression_matrix.zip	non-10x or non-mtx
17-1606	Single-nucleus RNA-Seq	snDrop-seq	19ba89ba-4ace-4692-ae59-8c85eaf0407b_UCSD-WU_17-1606_Post-QC_Raw_UMI_Count_Matrix_08-14-2018.tsv	non-10x or non-mtx
18-312	Single-nucleus RNA-Seq	snDrop-seq	1d6d2bc4-5300-4868-b10d-cf8721cb89d0_expression_matrix.zip	non-10x or non-mtx
K1800017_5FB	Single-nucleus RNA-Seq	snDrop-seq	21ccd700-251f-4d16-b351-344849be6391_expression_matrix.zip	non-10x or non-mtx
18-162	Single-nucleus RNA-Seq	snDrop-seq	24e08309-a01b-454c-85eb-4a2d6b7f5a0f_expression_matrix.zip	non-10x or non-mtx
K1800016_8_2	Single-nucleus RNA-Seq	snDrop-seq	26c39f60-171a-4e5a-98d7-099a198b3159_expression_matrix.zip	non-10x or non-mtx
18-139	Single-nucleus RNA-Seq	snDrop-seq	3112ed89-c4e0-4032-97f6-5496ba78ef25_expression_matrix.zip	non-10x or non-mtx
K1800017_5FB	Single-nucleus RNA-Seq	snDrop-seq	38315fe2-7720-4ceb-be2f-3693526a43b3_expression_matrix.zip	non-10x or non-mtx
K1700234-FB	Single-nucleus RNA-Seq	snDrop-seq	3a0c7c68-2d4a-4fd9-88ab-c1e77ae6365a_expression_matrix.zip	non-10x or non-mtx
K1700572_11	Single-nucleus RNA-Seq	snDrop-seq	474892a4-00a8-4f8a-ada2-71b548c4d44c_expression_matrix.zip	non-10x or non-mtx
17-1606	Single-nucleus RNA-Seq	snDrop-seq	4bbe5a71-eb06-40c3-9f7e-00b2258ce0cb_expression_matrix.zip	non-10x or non-mtx
K1700233_9	Single-nucleus RNA-Seq	snDrop-seq	52d9578a-344f-4115-9c81-d46c783b1968_expression_matrix.zip	non-10x or non-mtx
18-312	Single-nucleus RNA-Seq	snDrop-seq	53117abe-91ad-4b43-b768-cf6f1fbfbcab_UCSD-WU_18-312_Post-QC_Raw_UMI_Count_Matrix_08-14-2018.tsv	non-10x or non-mtx
K1800010_4	Single-nucleus RNA-Seq	snDrop-seq	572ddd87-9fed-41df-9b2f-38e391a4b68a_expression_matrix.zip	non-10x or non-mtx
K1700435FB	Single-nucleus RNA-Seq	snDrop-seq	a489d776-44dc-422a-abe6-21da2418452e_expression_matrix.zip	non-10x or non-mtx
18-142	Single-nucleus RNA-Seq	snDrop-seq	b269f0f8-d168-4dad-becf-651d612d29d2_UCSD-WU_18-142_Post-QC_Raw_UMI_Count_Matrix_08-14-2018.tsv	non-10x or non-mtx
18-142	Single-nucleus RNA-Seq	snDrop-seq	b3182cf3-1fc6-4f2a-a05d-ab60ba05bb88_expression_matrix.zip	non-10x or non-mtx
K1600543_1	Single-nucleus RNA-Seq	snDrop-seq	b8458a50-930b-4a17-911d-751fac06a4de_expression_matrix.zip	non-10x or non-mtx
K1700443_7FB	Single-nucleus RNA-Seq	snDrop-seq	bdea1d7c-d37a-46bf-813e-bac3c9d8edae_expression_matrix.zip	non-10x or non-mtx
K1700443_7FB	Single-nucleus RNA-Seq	snDrop-seq	c9627f5a-8ba0-4296-a361-e1293250af27_expression_matrix.zip	non-10x or non-mtx
K1700432-FB	Single-nucleus RNA-Seq	snDrop-seq	d052bc73-85fe-46cf-ae7f-8ef23d2947df_expression_matrix.zip	non-10x or non-mtx
K1700443_7FB	Single-nucleus RNA-Seq	snDrop-seq	dd399df7-cea5-4191-9ab9-4ba9c328455c_expression_matrix.zip	non-10x or non-mtx
18-139	Single-nucleus RNA-Seq	snDrop-seq	e2552ad5-1b2d-457c-94f9-27b6c6753854_UCSD-WU_18-139_Post-QC_Raw_UMI_Count_Matrix_08-14-2018.tsv	non-10x or non-mtx
K1600543_2	Single-nucleus RNA-Seq	snDrop-seq	f1e5e6d5-bb8f-41c2-9507-ad1f6aaad6c2_expression_matrix.zip	non-10x or non-mtx
K1700233_8	Single-nucleus RNA-Seq	snDrop-seq	f29ca697-89b1-47c7-bee4-c921b373bd92_expression_matrix.zip	non-10x or non-mtx
K1700573_FB	Single-nucleus RNA-Seq	snDrop-seq	f2c4a3ea-d698-42d7-81db-d71cc0db0423_expression_matrix.zip	non-10x or non-mtx
18-312	Single-nucleus RNA-Seq	snDrop-seq	f6e918c2-39d8-4524-84a7-68a504b97f9a_expression_matrix.zip	non-10x or non-mtx
D_080	Single-nucleus RNA-Seq	10x Genomics	1f594ab9-5840-4cb3-b175-08116e393d16_single-nuc_expression_matrix.zip	download failed
