cohort	section	participant	tif	um_per_px	field_px_native	n_spots	n_patches	n_tissue_pass	orientation	bg_rgb	orient_tissue	minutes	status
gse211785	HK3035_ST	HK3035	GSE211785_V11Y24-076_A1-HK3035.tif	0.637483151610068	176	2027	2027	1976	yx_n_n	0.957,0.984,0.975	"{""yx_n_n"": 0.9994, ""yx_n_f"": 0.7642, ""yx_f_n"": 0.6102, ""yx_f_f"": 0.6628, ""xy_n_n"": 0.7462, ""xy_n_f"": 0.6906, ""xy_f_n"": 0.5755, ""xy_f_f"": 0.6403}"	0.3659591317176819	done
gse211785	HK2852_ST	HK2852	GSE211785_V11Y24-076_B1-HK2852.tif	0.6384276571504187	176	2262	2262	2157	yx_n_n	0.957,0.984,0.969	"{""yx_n_n"": 0.9968, ""yx_n_f"": 0.5518, ""yx_f_n"": 0.7898, ""yx_f_f"": 0.5501, ""xy_n_n"": 0.6216, ""xy_n_f"": 0.6912, ""xy_f_n"": 0.7356, ""xy_f_f"": 0.7355}"	0.3383257190386454	done
gse211785	HK2871_ST	HK2871	GSE211785_V11Y24-076_C1-HK2871.tif	0.6399444928436404	176	2404	2404	2190	yx_n_n	0.953,0.980,0.961	"{""yx_n_n"": 0.9919, ""yx_n_f"": 0.9427, ""yx_f_n"": 0.8602, ""yx_f_f"": 0.872, ""xy_n_n"": 0.7373, ""xy_n_f"": 0.7747, ""xy_f_n"": 0.6835, ""xy_f_f"": 0.7724}"	0.3736214836438497	done
gse211785	HK2873_ST	HK2873	GSE211785_V11Y24-076_D1-HK2873.tif	0.6367458628016425	176	1411	1411	1377	yx_n_n	0.953,0.984,0.973	"{""yx_n_n"": 0.9989, ""yx_n_f"": 0.8823, ""yx_f_n"": 0.6782, ""yx_f_f"": 0.7004, ""xy_n_n"": 0.7845, ""xy_n_f"": 0.7653, ""xy_f_n"": 0.6957, ""xy_f_f"": 0.6883}"	0.3225262800852457	done
gse211785	HK2770_ST	HK2770	GSE211785_V11Y24-79_A1_HK2770.tif	0.637299119841249	176	1736	1736	1735	yx_n_n	0.925,0.929,0.925	"{""yx_n_n"": 0.9997, ""yx_n_f"": 0.5808, ""yx_f_n"": 0.8763, ""yx_f_f"": 0.5656, ""xy_n_n"": 0.5058, ""xy_n_f"": 0.6305, ""xy_f_n"": 0.5995, ""xy_f_f"": 0.7678}"	0.2932448824246724	done
gse211785	HK2844_ST	HK2844	GSE211785_V11Y24-79_B1_HK2844.tif	0.637181682857067	176	2445	2445	2425	yx_n_n	0.925,0.953,0.945	"{""yx_n_n"": 0.9953, ""yx_n_f"": 0.6585, ""yx_f_n"": 0.4699, ""yx_f_f"": 0.3325, ""xy_n_n"": 0.8063, ""xy_n_f"": 0.4962, ""xy_f_n"": 0.5956, ""xy_f_f"": 0.3543}"	0.3310317476590474	done
gse211785	HK2874_ST	HK2874	GSM7431714_V11Y24-077_D1_HK2874.tif	0.638871052125373	176	3027	3027	2954	yx_n_n	0.984,0.963,0.984	"{""yx_n_n"": 0.9982, ""yx_n_f"": 0.7596, ""yx_f_n"": 0.7114, ""yx_f_f"": 0.7335, ""xy_n_n"": 0.7051, ""xy_n_f"": 0.6223, ""xy_f_n"": 0.568, ""xy_f_f"": 0.5646}"	0.3666578491528829	done
gse211785	HK2529_ST	HK2529	GSM7431715_V11Y24_077_A1-HK2529.tif	0.6388298681071855	176	2970	2970	2899	yx_n_n	0.980,0.980,0.984	"{""yx_n_n"": 0.9937, ""yx_n_f"": 0.6266, ""yx_f_n"": 0.7387, ""yx_f_f"": 0.7762, ""xy_n_n"": 0.8431, ""xy_n_f"": 0.6834, ""xy_f_n"": 0.6667, ""xy_f_f"": 0.8025}"	0.3817474206288656	done
gse211785	HK2877_ST	HK2877	GSM7431716_V11Y24-077_C1-HK2877.tif	0.6362231940370849	176	2960	2960	2909	yx_n_n	0.980,0.980,0.984	"{""yx_n_n"": 0.9778, ""yx_n_f"": 0.5529, ""yx_f_n"": 0.784, ""yx_f_f"": 0.4672, ""xy_n_n"": 0.6888, ""xy_n_f"": 0.4728, ""xy_f_n"": 0.5437, ""xy_f_f"": 0.339}"	0.3627024531364441	done
gse211785	HK3513_ST	HK3513	GSM7431717_V12D05-376-B1-HK3513.tif	0.6370371056740316	176	3759	3759	3687	yx_n_n	0.984,0.980,0.843	"{""yx_n_n"": 0.9969, ""yx_n_f"": 0.4802, ""yx_f_n"": 0.6994, ""yx_f_f"": 0.4802, ""xy_n_n"": 0.9688, ""xy_n_f"": 0.6798, ""xy_f_n"": 0.8095, ""xy_f_f"": 0.7054}"	0.4477438608805338	done
gse211785	HK3444_ST	HK3444	GSM7431718_V12D05-376-C1-HK3444.tif	0.6377872724331526	176	3198	3198	2983	yx_n_n	0.843,0.835,0.718	"{""yx_n_n"": 0.9978, ""yx_n_f"": 0.5992, ""yx_f_n"": 0.7414, ""yx_f_f"": 0.5594, ""xy_n_n"": 0.8819, ""xy_n_f"": 0.6561, ""xy_f_n"": 0.7572, ""xy_f_f"": 0.6381}"	0.3746693929036458	done
gse211785	HK3432_ST	HK3432	GSM7431719_V12D05-376-D1-HK3432.tif	0.6367904943990454	176	3028	3028	2937	yx_n_n	0.910,0.906,0.780	"{""yx_n_n"": 0.9984, ""yx_n_f"": 0.4555, ""yx_f_n"": 0.4464, ""yx_f_f"": 0.592, ""xy_n_n"": 0.706, ""xy_n_f"": 0.4913, ""xy_f_n"": 0.4696, ""xy_f_f"": 0.7077}"	0.3925973296165466	done
gse211785	HK3437_ST	HK3437	GSM7431720_V12D05-376-A1-HK3437.tif	0.6365620353892845	176	3903	3903	3871	yx_n_n	0.839,0.851,0.722	"{""yx_n_n"": 0.9993, ""yx_n_f"": 0.7074, ""yx_f_n"": 0.704, ""yx_f_f"": 0.6067, ""xy_n_n"": 0.83, ""xy_n_f"": 0.871, ""xy_f_n"": 0.8397, ""xy_f_f"": 0.8145}"	0.4132339636484782	done
kpmp	163-4__V13U21-276_XY01_24-0203	163-4	379b2fdf-1a5e-4caa-be5b-40754988811c_V13U21-276_XY01_24-0203.tif	0.3202215420716668	350	688	688	675	rowcol	0.702,0.702,0.710	{}	0.071427309513092	done
kpmp	164-1__V14S09-325_XY01_24-0168	164-1	062a931c-0a34-4125-8899-4d1ab8b08ac5_V14S09-325_XY01_24-0168.tif	0.3200805811592539	350	1286	1286	1284	rowcol	0.522,0.518,0.518	{}	0.1221679965655009	done
kpmp	164-11__V13U21-357_XY01_25-0230	164-11	2b16ddf5-d6c1-4af9-bd33-47424ec966da_V13U21-357_XY01_25-0230.tif	0.3197553209029518	350	901	901	900	rowcol	0.784,0.800,0.780	{}	0.0878722190856933	done
kpmp	164-18__V14Y20-274_XY02_24-0175	164-18	0a79f735-164a-4609-8b76-06fd1be42c32_V14Y20-274_XY02_24-0175.tif	0.3198618196938922	350	877	877	877	rowcol	0.682,0.690,0.686	{}	0.0856072584788004	done
kpmp	164-5__V13Y22-307_XY02_24-0169	164-5	73d7fb6e-3abb-4880-8394-d8f9d32614d4_V13Y22-307_XY02_24-0169.tif	0.3197738559290869	350	732	732	732	rowcol	0.749,0.749,0.741	{}	0.0738141775131225	done
kpmp	164-8__V13U21-276_XY04_24-0206	164-8	3f454755-6010-4bcb-8013-5f26fb595d53_V13U21-276_XY04_24-0206.tif	0.3201678750772478	350	248	248	245	rowcol	0.718,0.725,0.722	{}	0.0323202927907307	done
kpmp	165-15__V14Y20-274_XY01_24-0186	165-15	37c40f22-d71a-40c3-9eee-cee703bbd531_V14Y20-274_XY01_24-0186.tif	0.3200726273889057	350	956	956	954	rowcol	0.682,0.690,0.686	{}	0.0928268074989318	done
kpmp	27-10067__V14Y20-295_XY03_24-0173_fl	27-10067	6b9b1728-43ef-4f09-97cd-0fa56b56d4f9_V14Y20-295_XY03_24-0173_fl.tif	0.3198292879192802	350	656	656	655	rowcol	0.710,0.694,0.696	{}	0.0658402641614278	done
kpmp	27-10087__V13U21-274_XY03_24-0201	27-10087	1ded9ed2-3462-4ad8-ba46-a13152452a66_V13U21-274_XY03_24-0201.tif	0.3201801950852107	350	1067	1067	1051	rowcol	0.710,0.718,0.718	{}	0.1007188518842061	done
kpmp	27-10163__V14S03-385_XY04_24-0166	27-10163	222c07f7-dc73-4aad-aea9-e9372c890395_V14S03-385_XY04_24-0166.tif	0.3204563671562987	350	888	888	887	rowcol	0.647,0.655,0.647	{}	0.0872689962387085	done
kpmp	27-10165__V13Y22-306_XY03_24-0165	27-10165	07156f04-a58d-406c-9c7d-f1bfa421ab67_V13Y22-306_XY03_24-0165.tif	0.3204284746258808	350	857	857	853	rowcol	0.714,0.718,0.714	{}	0.0834113399187723	done
kpmp	27-10170__V14B09-329_XY02_25-0283	27-10170	1ee130be-b0f7-4dd4-8ae6-6b1d23579ea1_V14B09-329_XY02_25-0283.tif	0.3198965349912427	350	387	387	385	rowcol	0.678,0.682,0.675	{}	0.0444025834401448	done
kpmp	27-10206__V13U21-400_XY01_24-0215	27-10206	16bdd01b-6790-4a53-861f-588b61e3a5a1_V13U21-400_XY01_24-0215.tif	0.3203810833960115	350	1159	1159	1158	rowcol	0.753,0.757,0.757	{}	0.1103388865788777	done
kpmp	27-10228__V13L17-318_XY02_25-0235	27-10228	1791e4dc-8b98-44ad-99b1-95f5d9f5dd49_V13L17-318_XY02_25-0235.tif	0.3205402607018048	350	770	770	765	rowcol	0.710,0.698,0.745	{}	0.0763615091641744	done
kpmp	27-10231__V14B09-330_XY04_25-0289	27-10231	53ccb033-0d40-4757-b52a-0da9b0f10e08_V14B09-330_XY04_25-0289.tif	0.3200493271661186	350	819	819	819	rowcol	0.678,0.682,0.671	{}	0.0803646326065063	done
kpmp	27-10243__V13U21-357_XY02_25-0238	27-10243	34164985-834b-4533-b693-b1469a8ef94a_V13U21-357_XY02_25-0238.tif	0.3199965556734371	350	644	644	644	rowcol	0.784,0.798,0.780	{}	0.0655129512151082	done
kpmp	27-10262__V13L17-318_XY01_25-0233	27-10262	644a7688-0cf0-476f-83bc-5bc2aa5a3a6b_V13L17-318_XY01_25-0233.tif	0.3197682598722927	350	946	946	945	rowcol	0.710,0.702,0.745	{}	0.092300013701121	done
kpmp	28-12372__V13L17-317_XY02_25-0228	28-12372	418dfaf1-b24d-49d5-b540-21d6d568f7ea_V13L17-317_XY02_25-0228.tif	0.3202435621145577	350	1150	1150	1147	rowcol	0.702,0.690,0.741	{}	0.109982959429423	done
kpmp	28-12579__V13L19-378_XY01_25-0265	28-12579	04a876b7-27b9-4911-839d-bd492a23d6e0_V13L19-378_XY01_25-0265.tif	0.3198948046291919	350	1124	1124	1114	rowcol	0.816,0.816,0.816	{}	0.1071363886197408	done
kpmp	29-10394__V14Y20-296_XY04_24-0182_fl	29-10394	1b1529d7-35dc-420e-8021-a5c138af5ae9_V14Y20-296_XY04_24-0182_fl.tif	0.3196988553037168	350	1336	1336	1334	rowcol	0.725,0.725,0.718	{}	0.1241954247156778	done
kpmp	29-10400__V14S09-326_XY02_24-0191	29-10400	41289247-4bc5-4547-b3d3-db0b9d84e95d_V14S09-326_XY02_24-0191.tif	0.319910285522838	350	1647	1647	1643	rowcol	0.525,0.522,0.518	{}	0.1528362313906351	done
kpmp	29-10410__V13U21-399_XY01_24-0211	29-10410	2f345005-74a9-44f0-b35a-5aa72edf355b_V13U21-399_XY01_24-0211.tif	0.3201789089886211	350	2053	2053	2052	rowcol	0.753,0.757,0.757	{}	0.1877944707870483	done
kpmp	29-10452__V13L19-322_XY03_25_0251	29-10452	615eda7d-c4a9-4189-8408-da55f170e227_V13L19-322_XY03_25_0251.tif	0.319882878664411	350	1040	1040	1040	rowcol	0.729,0.741,0.737	{}	0.0999660770098368	done
kpmp	29-10600__V14B09-329_XY04_25-0285	29-10600	5974af63-2500-4179-820d-43e1655855e0_V14B09-329_XY04_25-0285.tif	0.3198349419092518	350	695	695	693	rowcol	0.675,0.682,0.671	{}	0.0715945283571879	done
kpmp	31-10078__V14Y20-295_XY02_24-0172_fl	31-10078	6867a2fe-b8ba-4abf-90bd-24c80d3e2552_V14Y20-295_XY02_24-0172_fl.tif	0.3194937545941749	350	618	618	618	rowcol	0.729,0.729,0.725	{}	0.0649270812670389	done
kpmp	31-10090__V13U21-274_XY04_24-0210	31-10090	43a443ce-9050-459e-aceb-ded1f203fe47_V13U21-274_XY04_24-0210.tif	0.3198348489143787	350	1419	1419	1417	rowcol	0.710,0.718,0.718	{}	0.1333735982577006	done
kpmp	31-10210__V14Y20-298_XY01_24-0192_fl	31-10210	16cce77f-1e55-4fe5-af0b-5c3a96a755e8_V14Y20-298_XY01_24-0192_fl.tif	0.639642358512564	176	1308	1308	1308	rowcol	0.792,0.782,0.788	{}	0.0994476596514384	done
kpmp	31-10322__V13L17-316_XY01_25-0223	31-10322	15b96623-4d83-4f20-83eb-fb91b0d023e2_V13L17-316_XY01_25-0223.tif	0.3197111764109886	350	483	483	483	rowcol	0.676,0.659,0.675	{}	0.0520333131154378	done
kpmp	31-10336__V13L17-316_XY03_25-0225	31-10336	47ad7558-2b11-4136-90e9-3ce30ae4a5b3_V13L17-316_XY03_25-0225.tif	0.3199823137048425	350	1173	1173	1173	rowcol	0.694,0.694,0.690	{}	0.1123286008834838	done
kpmp	31-10340__V14B09-280_XY03_25-0280	31-10340	02ef4195-6664-4a0a-a084-c53a3636005a_V14B09-280_XY03_25-0280.tif	0.3199765986569011	350	1168	1168	1164	rowcol	0.745,0.761,0.751	{}	0.1109793543815612	done
kpmp	31-10379__V14B09-279_XY01_25-0274	31-10379	5f358d6d-5c2b-4ec2-90f7-db4d6189460a_V14B09-279_XY01_25-0274.tif	0.3199444157657904	350	755	755	755	rowcol	0.741,0.757,0.749	{}	0.0759293317794799	done
kpmp	935-10042__V14B09-277_XY02_25-0267	935-10042	50a60974-7e01-406c-a367-aca3076f6fa3_V14B09-277_XY02_25-0267.tif	0.3193396752257441	350	677	677	677	rowcol	0.639,0.643,0.639	{}	0.071798300743103	done
kpmp	935-10106__V14B09-278_XY02_25-0271	935-10106	730bb9e9-e46c-4e3c-8af0-a1d04e508b65_V14B09-278_XY02_25-0271.tif	0.3196986880554001	350	1374	1374	1370	rowcol	0.635,0.643,0.639	{}	0.1326658765474955	done
kpmp	935-10111__V13L19-376_XY04_25-0264	935-10111	2331b5cc-456d-4919-8a42-163189434c4f_V13L19-376_XY04_25-0264.tif	0.3197598382689621	350	321	321	321	rowcol	0.925,0.922,0.918	{}	0.0392270644505818	done
kpmp	27-10041__V13U21-274_XY01_24-0199	27-10041	7ae10603-1a84-4f33-b32b-46d35a32ca42_V13U21-274_XY01_24-0199.tif	0.3209289059615287	348	434	434	433	rowcol	0.692,0.690,0.698	{}	0.0500714421272277	done
kpmp	27-10371__V13U21-357_XY04_25-0240	27-10371	79f4fb2c-d5c3-4942-8b84-29cac425702e_V13U21-357_XY04_25-0240.tif	0.3201576992047399	350	1018	1018	1015	rowcol	0.788,0.804,0.784	{}	0.0986352642377217	done
kpmp	31-10177__V14Y20-296_XY03_24-0185_fl	31-10177	740a742a-8dda-4bac-a8bd-aef6a91f5518_V14Y20-296_XY03_24-0185_fl.tif	0.3200223433781559	350	639	639	634	rowcol	0.722,0.722,0.718	{}	0.0658435146013895	done
kpmp	29-10398__V13L17-315_XY04_25-0222	29-10398	fa9fba0d-5f95-4c98-8f38-e5ec56494f4f_V13L17-315_XY04_25-0222.tif	0.3203274375418282	350	690	690	690	rowcol	0.698,0.698,0.690	{}	0.1994804302851359	done
kpmp	163-1__V14B09-330_XY03_25-0288	163-1	ec601f18-87dc-447e-aaa5-f7b6f78c217d_V14B09-330_XY03_25-0288.tif	0.31971167819566354	350	78	78	78	rowcol	0.675,0.678,0.671	{}	0.09256770610809326	done
kpmp	164-10__V14B09-279_XY04_25-0277	164-10	ac6bc3c3-3ea7-4bf7-b4a3-ece8a6596859_V14B09-279_XY04_25-0277.tif	0.3196542619502746	350	349	349	349	rowcol	0.745,0.761,0.749	{}	0.26532185872395836	done
kpmp	164-14__V14Y20-274_XY03_24-0187	164-14	c23db9ed-07b1-4d77-95db-c85b94d3f55e_V14Y20-274_XY03_24-0187.tif	0.3196481127597657	350	744	744	741	rowcol	0.684,0.694,0.690	{}	0.1842161536216736	done
kpmp	164-15__V13L17-316_XY04_25-0231	164-15	d0dd4293-5051-4408-b3ab-47a773097b53_V13L17-316_XY04_25-0231.tif	0.320071137265126	350	739	739	738	rowcol	0.688,0.686,0.686	{}	0.2188809116681417	done
kpmp	164-3__V13U21-276_XY02_24-0204	164-3	e18ff420-716a-4e85-9d22-1dcd0b910b4f_V13U21-276_XY02_24-0204.tif	0.3197920584119382	350	901	901	900	rowcol	0.714,0.722,0.718	{}	0.17846186955769858	done
kpmp	164-6__V13Y22-307_XY03_24-0170	164-6	da02a1e8-8ccf-4e01-8ca3-50343f2675dd_V13Y22-307_XY03_24-0170.tif	0.32009190711631236	350	531	531	531	rowcol	0.745,0.729,0.725	{}	0.11523609161376953	done
kpmp	164-7__V13U21-276_XY03_24-0205	164-7	8276b38f-b8d5-4068-b4aa-b6942337a513_V13U21-276_XY03_24-0205.tif	0.3198528537300687	350	891	891	888	rowcol	0.718,0.725,0.722	{}	0.7056131839752198	done
kpmp	165-13__V13Y22-307_XY04_24-0171	165-13	d6e43019-3f3c-47f1-9552-85adc948c9ea_V13Y22-307_XY04_24-0171.tif	0.3201341070877691	350	831	831	829	rowcol	0.757,0.757,0.745	{}	0.19954305092493693	done
kpmp	165-14__V14Y20-274_XY04_24-0188	165-14	8ae6cc35-c0ab-427d-9870-e6493c9fa319_V14Y20-274_XY04_24-0188.tif	0.3196067094164853	350	594	594	594	rowcol	0.686,0.698,0.690	{}	0.3448638836542765	done
kpmp	27-10094__V13Y22-310_XY03_23-0154	27-10094	cd893277-f3df-4884-971d-dd60e92c12fe_V13Y22-310_XY03_23-0154.tif	0.32027304499946924	350	610	610	609	rowcol	0.600,0.600,0.596	{}	16.052030416329703	done
kpmp	27-10146__V14B09-329_XY01_25-0282	27-10146	f12b34d9-10cc-4bc4-b9b9-d495ea352aa9_V14B09-329_XY01_25-0282.tif	0.31969322470661315	350	398	398	396	rowcol	0.675,0.682,0.671	{}	0.21026940743128458	done
kpmp	27-10155__V14B09-278_XY01_25-0270	27-10155	7d223471-889b-4a55-b730-ba09579a5537_V14B09-278_XY01_25-0270.tif	0.3197133322377823	350	966	966	964	rowcol	0.635,0.635,0.635	{}	0.20399977366129557	done
kpmp	27-10157__V13L17-316_XY02_25-0224	27-10157	a8628191-64f3-46cc-8e6e-3f9968d2dc20_V13L17-316_XY02_25-0224.tif	0.3202778567634735	350	969	969	968	rowcol	0.698,0.694,0.690	{}	0.17217870950698852	done
kpmp	27-10166__V14Y20-275_XY04_24-0189_fl	27-10166	eddbe716-27c2-48e0-953b-dec153e35c0c_V14Y20-275_XY04_24-0189_fl.tif	0.6400451336553886	174	1058	1058	1058	rowcol	0.788,0.784,0.788	{}	0.11962964534759521	done
kpmp	27-10201__V13U21-399_XY04_24-0214	27-10201	a1d20d34-4150-487e-a5df-5b7a928718a8_V13U21-399_XY04_24-0214.tif	0.32034562847036246	350	953	953	947	rowcol	0.749,0.757,0.757	{}	0.17668200333913167	done
kpmp	27-10207__V13U21-399_XY03_24-0213	27-10207	8ee2b136-38ac-48bb-baee-8427b1140d04_V13U21-399_XY03_24-0213.tif	0.32028177342230796	350	522	522	509	rowcol	0.753,0.757,0.757	{}	0.11563724676767985	done
kpmp	27-10211__V13U21-399_XY02_24-0212	27-10211	ef05a04a-fee2-45fe-8c50-2309897342ca_V13U21-399_XY02_24-0212.tif	0.3201760945234345	350	990	990	990	rowcol	0.753,0.761,0.757	{}	0.17188926537831625	done
kpmp	27-10229__V14S09-326_XY04_24-0195	27-10229	e5bd4ec4-5f46-4559-bae7-6fec8d407c0a_V14S09-326_XY04_24-0195.tif	0.32030633865278685	350	870	870	864	rowcol	0.522,0.518,0.518	{}	0.15900111198425293	done
kpmp	27-10233__V13L17-318_XY04_25-0237	27-10233	f7e2058f-5b99-4317-a2ed-ea0abd9ceb00_V13L17-318_XY04_25-0237.tif	0.320213749081787	350	1198	1198	1198	rowcol	0.710,0.702,0.745	{}	0.20163384675979615	done
kpmp	27-10410__V13L19-321_XY03_25_0246	27-10410	898222c8-6314-4ecc-8726-7682cf4ca8e4_V13L19-321_XY03_25_0246.tif	0.3198142797773697	350	1236	1236	1234	rowcol	0.729,0.741,0.737	{}	0.21373740434646607	done
kpmp	28-12178__V14S09-326_XY01_24-0190-remap	28-12178	7dbd13d6-4fba-4a0b-a534-d6d85ede024d_V14S09-326_XY01_24-0190-remap.tif	0.32051597710956475	350	492	492	492	rowcol	0.525,0.522,0.522	{}	0.125067404905955	done
kpmp	28-12518__V14S03-385_XY01_23-0152	28-12518	a37329d2-3a9a-4fbd-9807-b17ab44ba089_V14S03-385_XY01_23-0152.tif	0.3201018738763697	350	694	694	690	rowcol	0.651,0.659,0.651	{}	0.42858858903249103	done
kpmp	28-12545__V13L17-317_XY01_25-0227	28-12545	e4648ca9-6537-4fb8-bbd5-aa4d4eb1bf55_V13L17-317_XY01_25-0227.tif	0.31994986909105677	350	664	664	663	rowcol	0.698,0.686,0.741	{}	0.13551600376764933	done
kpmp	28-12546__V14B09-280_XY04_25-0281	28-12546	87408ffc-dd17-47f9-a374-138197111ff5_V14B09-280_XY04_25-0281.tif	0.31966160041776864	350	1415	1415	1400	rowcol	0.745,0.761,0.749	{}	0.2199743668238322	done
kpmp	28-12557__V14B09-279_XY02_25-0275	28-12557	cdf69a65-ce6e-4517-955c-49c1ff71d994_V14B09-279_XY02_25-0275.tif	0.31990563365453795	350	1105	1105	1094	rowcol	0.745,0.761,0.753	{}	0.1700104554494222	done
kpmp	28-12613__V14B09-329_XY03_25-0284	28-12613	b55b1edc-e423-450a-b9e9-75e3f6005274_V14B09-329_XY03_25-0284.tif	0.319845208875786	350	897	897	894	rowcol	0.678,0.682,0.673	{}	0.1659594416618347	done
kpmp	28-12626__V13L19-321_XY04_25_0248	28-12626	c1a73d33-e1e4-4c5d-95df-790754281b3b_V13L19-321_XY04_25_0248.tif	0.3196472582082074	350	461	461	459	rowcol	0.733,0.745,0.737	{}	0.11336291631062825	done
kpmp	28-12629__V13L19-330_XY03_25_0259	28-12629	d4a2c3f0-496d-47a4-a6d5-be2a1fceb6e0_V13L19-330_XY03_25_0259.tif	0.3201170580776738	350	493	493	490	rowcol	0.737,0.737,0.737	{}	0.1079548994700114	done
kpmp	28-12636__V14B09-330_XY02_25-0287	28-12636	986c5d2e-6afb-46ff-a872-635b7e5a426e_V14B09-330_XY02_25-0287.tif	0.32024990206175724	350	802	802	791	rowcol	0.675,0.682,0.671	{}	0.16354319254557292	done
kpmp	29-10399__V14Y20-298_XY04_24-0183_fl	29-10399	a918e452-1d32-407a-81f6-9c4e714b64ed_V14Y20-298_XY04_24-0183_fl.tif	0.6397528832353861	176	1257	1257	1257	rowcol	0.792,0.792,0.792	{}	0.12571351528167723	done
kpmp	29-10439__V13U21-356_XY02_25-0232	29-10439	fdf1d3b9-05c8-4d23-813c-445ce124478b_V13U21-356_XY02_25-0232.tif	0.3199808058059179	350	1221	1221	1214	rowcol	0.788,0.804,0.788	{}	0.21391977866490683	done
kpmp	29-10448__V13L19-323_XY04_25_0256	29-10448	ba039762-c612-41ad-8750-9b392adec580_V13L19-323_XY04_25_0256.tif	0.31947384168514437	350	935	935	920	rowcol	0.737,0.737,0.737	{}	0.22747747500737509	done
kpmp	31-10100__V14S09-326_XY03_24-0193	31-10100	c55fe4ee-d480-44d0-9003-7f89a4ddd131_V14S09-326_XY03_24-0193.tif	0.3200985018749915	350	420	420	420	rowcol	0.518,0.514,0.514	{}	0.11775998671849569	done
kpmp	31-10169__V14S09-325_XY02_24-0176	31-10169	ab88b45d-1a16-4487-864d-919a620ded3c_V14S09-325_XY02_24-0176.tif	0.32000437533255	350	191	191	191	rowcol	0.518,0.514,0.514	{}	0.0785141944885254	done
kpmp	31-10219__V14Y20-297_XY04_24-0178	31-10219	f3d45b75-8de4-459c-b88b-fcee7fed2bbb_V14Y20-297_XY04_24-0178.tif	0.319762533877387	350	1289	1289	1286	rowcol	0.710,0.733,0.722	{}	0.24085641304651897	done
kpmp	934-10003__V13L19-376_XY02_25-0262	934-10003	a68a7953-ad4c-4433-8ecd-229b38d268b2_V13L19-376_XY02_25-0262.tif	0.32014187756691936	350	1122	1122	1119	rowcol	0.914,0.910,0.914	{}	0.2172825574874878	done
kpmp	934-10009__V14B09-279_XY03_25-0276	934-10009	e122e4af-b8a2-4b5f-8096-21cedc60af81_V14B09-279_XY03_25-0276.tif	0.3199686872825013	350	1453	1453	1448	rowcol	0.745,0.761,0.749	{}	0.23416683673858643	done
kpmp	935-10061__V14B09-279_XY04_25-0266	935-10061	e9970c15-0158-4b0d-8b81-4a0e2b3da4bd_V14B09-279_XY04_25-0266.tif	0.3196542619502746	350	355	355	355	rowcol	0.745,0.761,0.753	{}	0.1046867291132609	done
kpmp	935-10337__V14B09-280_XY01_25-0278	935-10337	8b41b14e-0e2d-45d4-bd63-4f0fb4158bb5_V14B09-280_XY01_25-0278.tif	0.31997494188964165	350	881	881	872	rowcol	0.745,0.757,0.749	{}	0.18397579987843832	done
