feature	term	beta_sd	se	p	n_participants
hema_frac	DKDiPT_up	0.5195924180056171	0.1881293922012579	0.005746808809222591	77
hema_frac	SharedInjury_up	-0.37270337119228275	0.23387522722389628	0.11102583744896721	77
nuclei_per_1e4px_tissue	DKDiPT_up	-0.7247819275663737	0.2006109891416768	0.00030282361628660315	77
nuclei_per_1e4px_tissue	SharedInjury_up	0.6199794296588785	0.23895153584748435	0.009470593194051646	77
eosin_frac	DKDiPT_up	-0.2449986879207865	0.30487456078817354	0.4216251980455199	77
eosin_frac	SharedInjury_up	-0.018010614367081113	0.30427206222350794	0.9527988086317337	77
eosin_mean	DKDiPT_up	-0.24257081605097397	0.2808243203824662	0.3877080041752171	77
eosin_mean	SharedInjury_up	-0.07329990714346307	0.28388696434096583	0.7962517615605121	77
hema_mean	DKDiPT_up	0.3712121169637981	0.22024915241363613	0.09190775101180848	77
hema_mean	SharedInjury_up	-0.2458355588721872	0.26774532040110705	0.35853018866781683	77
white_frac	DKDiPT_up	0.26664875497136725	0.13067628346409482	0.041297658846458536	77
white_frac	SharedInjury_up	0.18262503043943112	0.16863055853393036	0.27881333062945135	77
