target	section	participant	feature	n_spots	partial_rho
DKDiPT_up	163-1__V14B09-330_XY03_25-0288	163-1	hema_frac	78	0.09176153835334674
DKDiPT_up	163-1__V14B09-330_XY03_25-0288	163-1	nuclei_per_1e4px_tissue	78	-0.18151985873078724
DKDiPT_up	163-1__V14B09-330_XY03_25-0288	163-1	eosin_frac	78	-0.07162143015820782
DKDiPT_up	163-1__V14B09-330_XY03_25-0288	163-1	eosin_mean	78	0.033944718899817185
DKDiPT_up	163-1__V14B09-330_XY03_25-0288	163-1	hema_mean	78	0.15118591340463478
DKDiPT_up	163-1__V14B09-330_XY03_25-0288	163-1	white_frac	78	-0.3567845525218133
DKDiPT_up	163-4__V13U21-276_XY01_24-0203	163-4	hema_frac	675	0.0989419347137189
DKDiPT_up	163-4__V13U21-276_XY01_24-0203	163-4	nuclei_per_1e4px_tissue	675	-0.08800900881700609
DKDiPT_up	163-4__V13U21-276_XY01_24-0203	163-4	eosin_frac	675	0.02412026706333681
DKDiPT_up	163-4__V13U21-276_XY01_24-0203	163-4	eosin_mean	675	0.06886282384128693
DKDiPT_up	163-4__V13U21-276_XY01_24-0203	163-4	hema_mean	675	0.09993412942219516
DKDiPT_up	163-4__V13U21-276_XY01_24-0203	163-4	white_frac	675	-0.07311796361822671
DKDiPT_up	164-10__V14B09-279_XY04_25-0277	164-10	hema_frac	349	-0.0070326590632841315
DKDiPT_up	164-10__V14B09-279_XY04_25-0277	164-10	nuclei_per_1e4px_tissue	349	-0.051240303133708344
DKDiPT_up	164-10__V14B09-279_XY04_25-0277	164-10	eosin_frac	349	-0.045482694460398695
DKDiPT_up	164-10__V14B09-279_XY04_25-0277	164-10	eosin_mean	349	-0.045760984490080196
DKDiPT_up	164-10__V14B09-279_XY04_25-0277	164-10	hema_mean	349	-0.011779218878662364
DKDiPT_up	164-10__V14B09-279_XY04_25-0277	164-10	white_frac	349	0.07606078547674375
DKDiPT_up	164-11__V13U21-357_XY01_25-0230	164-11	hema_frac	900	-0.015582873809746383
DKDiPT_up	164-11__V13U21-357_XY01_25-0230	164-11	nuclei_per_1e4px_tissue	900	-0.011554504067368722
DKDiPT_up	164-11__V13U21-357_XY01_25-0230	164-11	eosin_frac	900	-0.01850052390361838
DKDiPT_up	164-11__V13U21-357_XY01_25-0230	164-11	eosin_mean	900	-0.01182015840034633
DKDiPT_up	164-11__V13U21-357_XY01_25-0230	164-11	hema_mean	900	0.0003506206335392552
DKDiPT_up	164-11__V13U21-357_XY01_25-0230	164-11	white_frac	900	-0.00048371457430764625
DKDiPT_up	164-14__V14Y20-274_XY03_24-0187	164-14	hema_frac	741	-0.08823512357695229
DKDiPT_up	164-14__V14Y20-274_XY03_24-0187	164-14	nuclei_per_1e4px_tissue	741	-0.01971015160154076
DKDiPT_up	164-14__V14Y20-274_XY03_24-0187	164-14	eosin_frac	741	0.1225787434231192
DKDiPT_up	164-14__V14Y20-274_XY03_24-0187	164-14	eosin_mean	741	0.11256713391021078
DKDiPT_up	164-14__V14Y20-274_XY03_24-0187	164-14	hema_mean	741	-0.0899457245863955
DKDiPT_up	164-14__V14Y20-274_XY03_24-0187	164-14	white_frac	741	-0.04553610212981354
DKDiPT_up	164-15__V13L17-316_XY04_25-0231	164-15	hema_frac	738	-0.06438114930577028
DKDiPT_up	164-15__V13L17-316_XY04_25-0231	164-15	nuclei_per_1e4px_tissue	738	0.061229837686914194
DKDiPT_up	164-15__V13L17-316_XY04_25-0231	164-15	eosin_frac	738	0.04793076538707906
DKDiPT_up	164-15__V13L17-316_XY04_25-0231	164-15	eosin_mean	738	0.028463498282776667
DKDiPT_up	164-15__V13L17-316_XY04_25-0231	164-15	hema_mean	738	0.01220012113885734
DKDiPT_up	164-15__V13L17-316_XY04_25-0231	164-15	white_frac	738	0.04823971029940785
DKDiPT_up	164-18__V14Y20-274_XY02_24-0175	164-18	hema_frac	877	-0.03641015554391916
DKDiPT_up	164-18__V14Y20-274_XY02_24-0175	164-18	nuclei_per_1e4px_tissue	877	0.07049187659863573
DKDiPT_up	164-18__V14Y20-274_XY02_24-0175	164-18	eosin_frac	877	0.09854333215963978
DKDiPT_up	164-18__V14Y20-274_XY02_24-0175	164-18	eosin_mean	877	0.09668070149738989
DKDiPT_up	164-18__V14Y20-274_XY02_24-0175	164-18	hema_mean	877	-0.02835614081230057
DKDiPT_up	164-18__V14Y20-274_XY02_24-0175	164-18	white_frac	877	-0.07709703727613511
DKDiPT_up	164-1__V14S09-325_XY01_24-0168	164-1	hema_frac	1284	0.02252214368060465
DKDiPT_up	164-1__V14S09-325_XY01_24-0168	164-1	nuclei_per_1e4px_tissue	1284	0.03192978557093795
DKDiPT_up	164-1__V14S09-325_XY01_24-0168	164-1	eosin_frac	1284	0.0007054157683787556
DKDiPT_up	164-1__V14S09-325_XY01_24-0168	164-1	eosin_mean	1284	-0.03189486295260263
DKDiPT_up	164-1__V14S09-325_XY01_24-0168	164-1	hema_mean	1284	0.0809775370006772
DKDiPT_up	164-1__V14S09-325_XY01_24-0168	164-1	white_frac	1284	0.02794610155061714
DKDiPT_up	164-3__V13U21-276_XY02_24-0204	164-3	hema_frac	900	-0.03609814914889267
DKDiPT_up	164-3__V13U21-276_XY02_24-0204	164-3	nuclei_per_1e4px_tissue	900	-0.015141453649347617
DKDiPT_up	164-3__V13U21-276_XY02_24-0204	164-3	eosin_frac	900	0.08603125285269543
DKDiPT_up	164-3__V13U21-276_XY02_24-0204	164-3	eosin_mean	900	0.05248859577386746
DKDiPT_up	164-3__V13U21-276_XY02_24-0204	164-3	hema_mean	900	0.0010614502653704394
DKDiPT_up	164-3__V13U21-276_XY02_24-0204	164-3	white_frac	900	0.0009414528057924178
DKDiPT_up	164-5__V13Y22-307_XY02_24-0169	164-5	hema_frac	732	0.06651519551212354
DKDiPT_up	164-5__V13Y22-307_XY02_24-0169	164-5	nuclei_per_1e4px_tissue	732	0.004640283866684525
DKDiPT_up	164-5__V13Y22-307_XY02_24-0169	164-5	eosin_frac	732	-0.011076465576603117
DKDiPT_up	164-5__V13Y22-307_XY02_24-0169	164-5	eosin_mean	732	-0.060006110202624495
DKDiPT_up	164-5__V13Y22-307_XY02_24-0169	164-5	hema_mean	732	0.06058226886259177
DKDiPT_up	164-5__V13Y22-307_XY02_24-0169	164-5	white_frac	732	0.10444181482568622
DKDiPT_up	164-6__V13Y22-307_XY03_24-0170	164-6	hema_frac	531	0.02830053378750828
DKDiPT_up	164-6__V13Y22-307_XY03_24-0170	164-6	nuclei_per_1e4px_tissue	531	0.026074765125837118
DKDiPT_up	164-6__V13Y22-307_XY03_24-0170	164-6	eosin_frac	531	-0.021709277659806143
DKDiPT_up	164-6__V13Y22-307_XY03_24-0170	164-6	eosin_mean	531	-0.0019892599951482643
DKDiPT_up	164-6__V13Y22-307_XY03_24-0170	164-6	hema_mean	531	0.016566469289983083
DKDiPT_up	164-6__V13Y22-307_XY03_24-0170	164-6	white_frac	531	-0.14258636082204973
DKDiPT_up	164-7__V13U21-276_XY03_24-0205	164-7	hema_frac	888	-0.040198619177892886
DKDiPT_up	164-7__V13U21-276_XY03_24-0205	164-7	nuclei_per_1e4px_tissue	888	0.01910620266748913
DKDiPT_up	164-7__V13U21-276_XY03_24-0205	164-7	eosin_frac	888	0.020503134981598403
DKDiPT_up	164-7__V13U21-276_XY03_24-0205	164-7	eosin_mean	888	-0.036782514155243015
DKDiPT_up	164-7__V13U21-276_XY03_24-0205	164-7	hema_mean	888	-0.04231533329789539
DKDiPT_up	164-7__V13U21-276_XY03_24-0205	164-7	white_frac	888	0.0006029605032535339
DKDiPT_up	164-8__V13U21-276_XY04_24-0206	164-8	hema_frac	245	0.08546438274767408
DKDiPT_up	164-8__V13U21-276_XY04_24-0206	164-8	nuclei_per_1e4px_tissue	245	-0.17257848891636993
DKDiPT_up	164-8__V13U21-276_XY04_24-0206	164-8	eosin_frac	245	0.10559653296440097
DKDiPT_up	164-8__V13U21-276_XY04_24-0206	164-8	eosin_mean	245	0.18588989262695899
DKDiPT_up	164-8__V13U21-276_XY04_24-0206	164-8	hema_mean	245	0.0016311352493679366
DKDiPT_up	164-8__V13U21-276_XY04_24-0206	164-8	white_frac	245	-0.23546836786486758
DKDiPT_up	165-13__V13Y22-307_XY04_24-0171	165-13	hema_frac	829	0.019487717460826996
DKDiPT_up	165-13__V13Y22-307_XY04_24-0171	165-13	nuclei_per_1e4px_tissue	829	0.04130242657092617
DKDiPT_up	165-13__V13Y22-307_XY04_24-0171	165-13	eosin_frac	829	0.013319996196771818
DKDiPT_up	165-13__V13Y22-307_XY04_24-0171	165-13	eosin_mean	829	0.03172952647104002
DKDiPT_up	165-13__V13Y22-307_XY04_24-0171	165-13	hema_mean	829	0.02363523436817931
DKDiPT_up	165-13__V13Y22-307_XY04_24-0171	165-13	white_frac	829	-0.12904393237684111
DKDiPT_up	165-14__V14Y20-274_XY04_24-0188	165-14	hema_frac	594	-0.04477727224529372
DKDiPT_up	165-14__V14Y20-274_XY04_24-0188	165-14	nuclei_per_1e4px_tissue	594	-0.047485367186069855
DKDiPT_up	165-14__V14Y20-274_XY04_24-0188	165-14	eosin_frac	594	0.021787939708645475
DKDiPT_up	165-14__V14Y20-274_XY04_24-0188	165-14	eosin_mean	594	0.1036128445784886
DKDiPT_up	165-14__V14Y20-274_XY04_24-0188	165-14	hema_mean	594	-0.06809482905427836
DKDiPT_up	165-14__V14Y20-274_XY04_24-0188	165-14	white_frac	594	-0.08353887135202046
DKDiPT_up	165-15__V14Y20-274_XY01_24-0186	165-15	hema_frac	954	-0.03517655418295007
DKDiPT_up	165-15__V14Y20-274_XY01_24-0186	165-15	nuclei_per_1e4px_tissue	954	-0.004695697219852819
DKDiPT_up	165-15__V14Y20-274_XY01_24-0186	165-15	eosin_frac	954	0.052601553814883545
DKDiPT_up	165-15__V14Y20-274_XY01_24-0186	165-15	eosin_mean	954	0.08607040771793775
DKDiPT_up	165-15__V14Y20-274_XY01_24-0186	165-15	hema_mean	954	-0.055336754672808894
DKDiPT_up	165-15__V14Y20-274_XY01_24-0186	165-15	white_frac	954	-0.09730456130546533
DKDiPT_up	27-10041__V13U21-274_XY01_24-0199	27-10041	hema_frac	433	0.03249517852045114
DKDiPT_up	27-10041__V13U21-274_XY01_24-0199	27-10041	nuclei_per_1e4px_tissue	433	-0.031122898494165507
DKDiPT_up	27-10041__V13U21-274_XY01_24-0199	27-10041	eosin_frac	433	0.07730368256235026
DKDiPT_up	27-10041__V13U21-274_XY01_24-0199	27-10041	eosin_mean	433	0.11267821754307386
DKDiPT_up	27-10041__V13U21-274_XY01_24-0199	27-10041	hema_mean	433	0.12385286103839838
DKDiPT_up	27-10041__V13U21-274_XY01_24-0199	27-10041	white_frac	433	-0.10869466262722557
DKDiPT_up	27-10067__V14Y20-295_XY03_24-0173_fl	27-10067	hema_frac	655	-0.009166489522641513
DKDiPT_up	27-10067__V14Y20-295_XY03_24-0173_fl	27-10067	nuclei_per_1e4px_tissue	655	-0.0563861715628474
DKDiPT_up	27-10067__V14Y20-295_XY03_24-0173_fl	27-10067	eosin_frac	655	-0.008226778055167857
DKDiPT_up	27-10067__V14Y20-295_XY03_24-0173_fl	27-10067	eosin_mean	655	0.04133849592592673
DKDiPT_up	27-10067__V14Y20-295_XY03_24-0173_fl	27-10067	hema_mean	655	-0.014334419774229161
DKDiPT_up	27-10067__V14Y20-295_XY03_24-0173_fl	27-10067	white_frac	655	-0.10556532790715425
DKDiPT_up	27-10087__V13U21-274_XY03_24-0201	27-10087	hema_frac	1051	0.11167309642844792
DKDiPT_up	27-10087__V13U21-274_XY03_24-0201	27-10087	nuclei_per_1e4px_tissue	1051	-0.15231747474716
DKDiPT_up	27-10087__V13U21-274_XY03_24-0201	27-10087	eosin_frac	1051	0.10867205118338272
DKDiPT_up	27-10087__V13U21-274_XY03_24-0201	27-10087	eosin_mean	1051	0.13072307198144628
DKDiPT_up	27-10087__V13U21-274_XY03_24-0201	27-10087	hema_mean	1051	0.1178460515416739
DKDiPT_up	27-10087__V13U21-274_XY03_24-0201	27-10087	white_frac	1051	-0.08139688184495844
DKDiPT_up	27-10094__V13Y22-310_XY03_23-0154	27-10094	hema_frac	609	0.17074049598515206
DKDiPT_up	27-10094__V13Y22-310_XY03_23-0154	27-10094	nuclei_per_1e4px_tissue	609	-0.03109391466917858
DKDiPT_up	27-10094__V13Y22-310_XY03_23-0154	27-10094	eosin_frac	609	-0.11339934112095369
DKDiPT_up	27-10094__V13Y22-310_XY03_23-0154	27-10094	eosin_mean	609	-0.03760424674109122
DKDiPT_up	27-10094__V13Y22-310_XY03_23-0154	27-10094	hema_mean	609	0.1535076042156067
DKDiPT_up	27-10094__V13Y22-310_XY03_23-0154	27-10094	white_frac	609	-0.03715931288149675
DKDiPT_up	27-10146__V14B09-329_XY01_25-0282	27-10146	hema_frac	396	0.09994016955642027
DKDiPT_up	27-10146__V14B09-329_XY01_25-0282	27-10146	nuclei_per_1e4px_tissue	396	-0.0673615202223684
DKDiPT_up	27-10146__V14B09-329_XY01_25-0282	27-10146	eosin_frac	396	0.09051453208982267
DKDiPT_up	27-10146__V14B09-329_XY01_25-0282	27-10146	eosin_mean	396	0.09598428614273503
DKDiPT_up	27-10146__V14B09-329_XY01_25-0282	27-10146	hema_mean	396	0.08483588400146956
DKDiPT_up	27-10146__V14B09-329_XY01_25-0282	27-10146	white_frac	396	-0.08598593876561067
DKDiPT_up	27-10155__V14B09-278_XY01_25-0270	27-10155	hema_frac	964	0.09552292530604775
DKDiPT_up	27-10155__V14B09-278_XY01_25-0270	27-10155	nuclei_per_1e4px_tissue	964	-0.1268332821179316
DKDiPT_up	27-10155__V14B09-278_XY01_25-0270	27-10155	eosin_frac	964	-0.09307534124711819
DKDiPT_up	27-10155__V14B09-278_XY01_25-0270	27-10155	eosin_mean	964	-0.0628036712218134
DKDiPT_up	27-10155__V14B09-278_XY01_25-0270	27-10155	hema_mean	964	0.10022083169252617
DKDiPT_up	27-10155__V14B09-278_XY01_25-0270	27-10155	white_frac	964	0.05113211012807614
DKDiPT_up	27-10157__V13L17-316_XY02_25-0224	27-10157	hema_frac	968	0.04390250106211814
DKDiPT_up	27-10157__V13L17-316_XY02_25-0224	27-10157	nuclei_per_1e4px_tissue	968	-0.06176104448339811
DKDiPT_up	27-10157__V13L17-316_XY02_25-0224	27-10157	eosin_frac	968	-0.06138926664312266
DKDiPT_up	27-10157__V13L17-316_XY02_25-0224	27-10157	eosin_mean	968	-0.0948014720264258
DKDiPT_up	27-10157__V13L17-316_XY02_25-0224	27-10157	hema_mean	968	0.02055524436785127
DKDiPT_up	27-10157__V13L17-316_XY02_25-0224	27-10157	white_frac	968	-0.11523734709670533
DKDiPT_up	27-10163__V14S03-385_XY04_24-0166	27-10163	hema_frac	887	0.03388364559940987
DKDiPT_up	27-10163__V14S03-385_XY04_24-0166	27-10163	nuclei_per_1e4px_tissue	887	-0.02641675419705248
DKDiPT_up	27-10163__V14S03-385_XY04_24-0166	27-10163	eosin_frac	887	-0.03317943921566388
DKDiPT_up	27-10163__V14S03-385_XY04_24-0166	27-10163	eosin_mean	887	-0.027294241305605683
DKDiPT_up	27-10163__V14S03-385_XY04_24-0166	27-10163	hema_mean	887	0.018741177432844966
DKDiPT_up	27-10163__V14S03-385_XY04_24-0166	27-10163	white_frac	887	-0.07176043680603268
DKDiPT_up	27-10165__V13Y22-306_XY03_24-0165	27-10165	hema_frac	853	0.020973950462282807
DKDiPT_up	27-10165__V13Y22-306_XY03_24-0165	27-10165	nuclei_per_1e4px_tissue	853	-0.05298438736163466
DKDiPT_up	27-10165__V13Y22-306_XY03_24-0165	27-10165	eosin_frac	853	0.14969130477723205
DKDiPT_up	27-10165__V13Y22-306_XY03_24-0165	27-10165	eosin_mean	853	0.1452726238021368
DKDiPT_up	27-10165__V13Y22-306_XY03_24-0165	27-10165	hema_mean	853	0.03206302194608753
DKDiPT_up	27-10165__V13Y22-306_XY03_24-0165	27-10165	white_frac	853	-0.09556053526173984
DKDiPT_up	27-10166__V14Y20-275_XY04_24-0189_fl	27-10166	hema_frac	1058	-0.0003131440352937545
DKDiPT_up	27-10166__V14Y20-275_XY04_24-0189_fl	27-10166	nuclei_per_1e4px_tissue	1058	-0.03660798459547594
DKDiPT_up	27-10166__V14Y20-275_XY04_24-0189_fl	27-10166	eosin_frac	1058	0.11936997648801856
DKDiPT_up	27-10166__V14Y20-275_XY04_24-0189_fl	27-10166	eosin_mean	1058	0.12621952212757462
DKDiPT_up	27-10166__V14Y20-275_XY04_24-0189_fl	27-10166	hema_mean	1058	-0.05828750789571586
DKDiPT_up	27-10166__V14Y20-275_XY04_24-0189_fl	27-10166	white_frac	1058	-0.08869880572805985
DKDiPT_up	27-10170__V14B09-329_XY02_25-0283	27-10170	hema_frac	385	0.0431705200896903
DKDiPT_up	27-10170__V14B09-329_XY02_25-0283	27-10170	nuclei_per_1e4px_tissue	385	-0.12189062255438213
DKDiPT_up	27-10170__V14B09-329_XY02_25-0283	27-10170	eosin_frac	385	-0.09303410983027421
DKDiPT_up	27-10170__V14B09-329_XY02_25-0283	27-10170	eosin_mean	385	-0.09841437144026907
DKDiPT_up	27-10170__V14B09-329_XY02_25-0283	27-10170	hema_mean	385	0.04136838580358383
DKDiPT_up	27-10170__V14B09-329_XY02_25-0283	27-10170	white_frac	385	0.043788423687054635
DKDiPT_up	27-10201__V13U21-399_XY04_24-0214	27-10201	hema_frac	947	0.02328536383124113
DKDiPT_up	27-10201__V13U21-399_XY04_24-0214	27-10201	nuclei_per_1e4px_tissue	947	-0.013074989953807107
DKDiPT_up	27-10201__V13U21-399_XY04_24-0214	27-10201	eosin_frac	947	0.1010670316138286
DKDiPT_up	27-10201__V13U21-399_XY04_24-0214	27-10201	eosin_mean	947	0.10801857026110423
DKDiPT_up	27-10201__V13U21-399_XY04_24-0214	27-10201	hema_mean	947	0.054444007256512814
DKDiPT_up	27-10201__V13U21-399_XY04_24-0214	27-10201	white_frac	947	-0.07165620444956987
DKDiPT_up	27-10206__V13U21-400_XY01_24-0215	27-10206	hema_frac	1158	0.032437852378458344
DKDiPT_up	27-10206__V13U21-400_XY01_24-0215	27-10206	nuclei_per_1e4px_tissue	1158	-0.0741414500103095
DKDiPT_up	27-10206__V13U21-400_XY01_24-0215	27-10206	eosin_frac	1158	0.021477666837736675
DKDiPT_up	27-10206__V13U21-400_XY01_24-0215	27-10206	eosin_mean	1158	0.020944069551237066
DKDiPT_up	27-10206__V13U21-400_XY01_24-0215	27-10206	hema_mean	1158	0.030952184028844518
DKDiPT_up	27-10206__V13U21-400_XY01_24-0215	27-10206	white_frac	1158	0.004068206228951671
DKDiPT_up	27-10207__V13U21-399_XY03_24-0213	27-10207	hema_frac	509	-0.011236672217691764
DKDiPT_up	27-10207__V13U21-399_XY03_24-0213	27-10207	nuclei_per_1e4px_tissue	509	-0.002420755397567257
DKDiPT_up	27-10207__V13U21-399_XY03_24-0213	27-10207	eosin_frac	509	0.12148962512821322
DKDiPT_up	27-10207__V13U21-399_XY03_24-0213	27-10207	eosin_mean	509	0.12314329059484419
DKDiPT_up	27-10207__V13U21-399_XY03_24-0213	27-10207	hema_mean	509	0.004821659162988209
DKDiPT_up	27-10207__V13U21-399_XY03_24-0213	27-10207	white_frac	509	-0.1355660804175451
DKDiPT_up	27-10211__V13U21-399_XY02_24-0212	27-10211	hema_frac	990	0.08786914340044912
DKDiPT_up	27-10211__V13U21-399_XY02_24-0212	27-10211	nuclei_per_1e4px_tissue	990	-0.12951371660319538
DKDiPT_up	27-10211__V13U21-399_XY02_24-0212	27-10211	eosin_frac	990	0.12508492927706877
DKDiPT_up	27-10211__V13U21-399_XY02_24-0212	27-10211	eosin_mean	990	0.117996524824898
DKDiPT_up	27-10211__V13U21-399_XY02_24-0212	27-10211	hema_mean	990	0.10600782941945285
DKDiPT_up	27-10211__V13U21-399_XY02_24-0212	27-10211	white_frac	990	-0.12953467039566186
DKDiPT_up	27-10228__V13L17-318_XY02_25-0235	27-10228	hema_frac	765	0.07241705371718057
DKDiPT_up	27-10228__V13L17-318_XY02_25-0235	27-10228	nuclei_per_1e4px_tissue	765	-0.06186395169797196
DKDiPT_up	27-10228__V13L17-318_XY02_25-0235	27-10228	eosin_frac	765	0.06342553901519579
DKDiPT_up	27-10228__V13L17-318_XY02_25-0235	27-10228	eosin_mean	765	0.03843114176950633
DKDiPT_up	27-10228__V13L17-318_XY02_25-0235	27-10228	hema_mean	765	0.07853106514362874
DKDiPT_up	27-10228__V13L17-318_XY02_25-0235	27-10228	white_frac	765	-0.08261797263278194
DKDiPT_up	27-10229__V14S09-326_XY04_24-0195	27-10229	hema_frac	864	-0.005498567727294971
DKDiPT_up	27-10229__V14S09-326_XY04_24-0195	27-10229	nuclei_per_1e4px_tissue	864	0.048602381994903146
DKDiPT_up	27-10229__V14S09-326_XY04_24-0195	27-10229	eosin_frac	864	0.024215089440490264
DKDiPT_up	27-10229__V14S09-326_XY04_24-0195	27-10229	eosin_mean	864	-0.02072523169080634
DKDiPT_up	27-10229__V14S09-326_XY04_24-0195	27-10229	hema_mean	864	0.20466339412989748
DKDiPT_up	27-10229__V14S09-326_XY04_24-0195	27-10229	white_frac	864	0.04569837618219501
DKDiPT_up	27-10231__V14B09-330_XY04_25-0289	27-10231	hema_frac	819	0.031862342251810005
DKDiPT_up	27-10231__V14B09-330_XY04_25-0289	27-10231	nuclei_per_1e4px_tissue	819	-0.07537245324056464
DKDiPT_up	27-10231__V14B09-330_XY04_25-0289	27-10231	eosin_frac	819	0.004258745126719168
DKDiPT_up	27-10231__V14B09-330_XY04_25-0289	27-10231	eosin_mean	819	0.0027341585990306796
DKDiPT_up	27-10231__V14B09-330_XY04_25-0289	27-10231	hema_mean	819	-0.01031269226835992
DKDiPT_up	27-10231__V14B09-330_XY04_25-0289	27-10231	white_frac	819	-0.049251241482034344
DKDiPT_up	27-10233__V13L17-318_XY04_25-0237	27-10233	hema_frac	1198	0.0175131882948538
DKDiPT_up	27-10233__V13L17-318_XY04_25-0237	27-10233	nuclei_per_1e4px_tissue	1198	-0.04729518309258294
DKDiPT_up	27-10233__V13L17-318_XY04_25-0237	27-10233	eosin_frac	1198	0.07075809324000558
DKDiPT_up	27-10233__V13L17-318_XY04_25-0237	27-10233	eosin_mean	1198	0.06737223020129171
DKDiPT_up	27-10233__V13L17-318_XY04_25-0237	27-10233	hema_mean	1198	-0.01580223428651917
DKDiPT_up	27-10233__V13L17-318_XY04_25-0237	27-10233	white_frac	1198	-0.041805718976076635
DKDiPT_up	27-10243__V13U21-357_XY02_25-0238	27-10243	hema_frac	644	0.002135019556364033
DKDiPT_up	27-10243__V13U21-357_XY02_25-0238	27-10243	nuclei_per_1e4px_tissue	644	-0.03254015537943729
DKDiPT_up	27-10243__V13U21-357_XY02_25-0238	27-10243	eosin_frac	644	0.06819469891211287
DKDiPT_up	27-10243__V13U21-357_XY02_25-0238	27-10243	eosin_mean	644	0.08158935982086359
DKDiPT_up	27-10243__V13U21-357_XY02_25-0238	27-10243	hema_mean	644	0.019729201131617698
DKDiPT_up	27-10243__V13U21-357_XY02_25-0238	27-10243	white_frac	644	-0.08643374373446198
DKDiPT_up	27-10262__V13L17-318_XY01_25-0233	27-10262	hema_frac	945	0.028698414751000198
DKDiPT_up	27-10262__V13L17-318_XY01_25-0233	27-10262	nuclei_per_1e4px_tissue	945	-0.054509951313560345
DKDiPT_up	27-10262__V13L17-318_XY01_25-0233	27-10262	eosin_frac	945	0.07253407385031714
DKDiPT_up	27-10262__V13L17-318_XY01_25-0233	27-10262	eosin_mean	945	0.05147177155494612
DKDiPT_up	27-10262__V13L17-318_XY01_25-0233	27-10262	hema_mean	945	0.05355548254318563
DKDiPT_up	27-10262__V13L17-318_XY01_25-0233	27-10262	white_frac	945	-0.09080790588238818
DKDiPT_up	27-10371__V13U21-357_XY04_25-0240	27-10371	hema_frac	1015	-0.05733614837709532
DKDiPT_up	27-10371__V13U21-357_XY04_25-0240	27-10371	nuclei_per_1e4px_tissue	1015	-0.032031560164355745
DKDiPT_up	27-10371__V13U21-357_XY04_25-0240	27-10371	eosin_frac	1015	0.006070546676926608
DKDiPT_up	27-10371__V13U21-357_XY04_25-0240	27-10371	eosin_mean	1015	-0.0019935168255523703
DKDiPT_up	27-10371__V13U21-357_XY04_25-0240	27-10371	hema_mean	1015	-0.050051895099132285
DKDiPT_up	27-10371__V13U21-357_XY04_25-0240	27-10371	white_frac	1015	-0.033203690951345226
DKDiPT_up	27-10410__V13L19-321_XY03_25_0246	27-10410	hema_frac	1234	0.09142669993605443
DKDiPT_up	27-10410__V13L19-321_XY03_25_0246	27-10410	nuclei_per_1e4px_tissue	1234	-0.07078321834273213
DKDiPT_up	27-10410__V13L19-321_XY03_25_0246	27-10410	eosin_frac	1234	0.0937322647865011
DKDiPT_up	27-10410__V13L19-321_XY03_25_0246	27-10410	eosin_mean	1234	0.10264416389758926
DKDiPT_up	27-10410__V13L19-321_XY03_25_0246	27-10410	hema_mean	1234	0.10241289487838545
DKDiPT_up	27-10410__V13L19-321_XY03_25_0246	27-10410	white_frac	1234	-0.10008446272741911
DKDiPT_up	28-12178__V14S09-326_XY01_24-0190-remap	28-12178	hema_frac	492	-0.05376906378542804
DKDiPT_up	28-12178__V14S09-326_XY01_24-0190-remap	28-12178	nuclei_per_1e4px_tissue	492	-0.051587081063151116
DKDiPT_up	28-12178__V14S09-326_XY01_24-0190-remap	28-12178	eosin_frac	492	-0.03087460008926336
DKDiPT_up	28-12178__V14S09-326_XY01_24-0190-remap	28-12178	eosin_mean	492	0.02405853921851169
DKDiPT_up	28-12178__V14S09-326_XY01_24-0190-remap	28-12178	hema_mean	492	0.09470831145918514
DKDiPT_up	28-12178__V14S09-326_XY01_24-0190-remap	28-12178	white_frac	492	-0.05686616862888861
DKDiPT_up	28-12372__V13L17-317_XY02_25-0228	28-12372	hema_frac	1147	0.07839653594669273
DKDiPT_up	28-12372__V13L17-317_XY02_25-0228	28-12372	nuclei_per_1e4px_tissue	1147	-0.04729049955845595
DKDiPT_up	28-12372__V13L17-317_XY02_25-0228	28-12372	eosin_frac	1147	-0.015860035281439453
DKDiPT_up	28-12372__V13L17-317_XY02_25-0228	28-12372	eosin_mean	1147	-0.006930731285881661
DKDiPT_up	28-12372__V13L17-317_XY02_25-0228	28-12372	hema_mean	1147	0.12323005645059665
DKDiPT_up	28-12372__V13L17-317_XY02_25-0228	28-12372	white_frac	1147	-0.062043978337215325
DKDiPT_up	28-12518__V14S03-385_XY01_23-0152	28-12518	hema_frac	690	0.036583689485684155
DKDiPT_up	28-12518__V14S03-385_XY01_23-0152	28-12518	nuclei_per_1e4px_tissue	690	-0.06987645426209134
DKDiPT_up	28-12518__V14S03-385_XY01_23-0152	28-12518	eosin_frac	690	0.12255405552992973
DKDiPT_up	28-12518__V14S03-385_XY01_23-0152	28-12518	eosin_mean	690	0.14082643718175364
DKDiPT_up	28-12518__V14S03-385_XY01_23-0152	28-12518	hema_mean	690	0.04158590752495514
DKDiPT_up	28-12518__V14S03-385_XY01_23-0152	28-12518	white_frac	690	-0.10384302201491905
DKDiPT_up	28-12545__V13L17-317_XY01_25-0227	28-12545	hema_frac	663	0.052784891955589136
DKDiPT_up	28-12545__V13L17-317_XY01_25-0227	28-12545	nuclei_per_1e4px_tissue	663	-0.0919797178861239
DKDiPT_up	28-12545__V13L17-317_XY01_25-0227	28-12545	eosin_frac	663	-0.011228956849506793
DKDiPT_up	28-12545__V13L17-317_XY01_25-0227	28-12545	eosin_mean	663	-0.01929060511746916
DKDiPT_up	28-12545__V13L17-317_XY01_25-0227	28-12545	hema_mean	663	0.04995142653853707
DKDiPT_up	28-12545__V13L17-317_XY01_25-0227	28-12545	white_frac	663	-0.08928555751824994
DKDiPT_up	28-12546__V14B09-280_XY04_25-0281	28-12546	hema_frac	1400	0.1778148178440041
DKDiPT_up	28-12546__V14B09-280_XY04_25-0281	28-12546	nuclei_per_1e4px_tissue	1400	0.023145540293765247
DKDiPT_up	28-12546__V14B09-280_XY04_25-0281	28-12546	eosin_frac	1400	-0.05742894909862837
DKDiPT_up	28-12546__V14B09-280_XY04_25-0281	28-12546	eosin_mean	1400	-0.03601657465893445
DKDiPT_up	28-12546__V14B09-280_XY04_25-0281	28-12546	hema_mean	1400	0.18790944912121277
DKDiPT_up	28-12546__V14B09-280_XY04_25-0281	28-12546	white_frac	1400	0.011800359624250446
DKDiPT_up	28-12557__V14B09-279_XY02_25-0275	28-12557	hema_frac	1094	0.025500782995757622
DKDiPT_up	28-12557__V14B09-279_XY02_25-0275	28-12557	nuclei_per_1e4px_tissue	1094	-0.0502018510259692
DKDiPT_up	28-12557__V14B09-279_XY02_25-0275	28-12557	eosin_frac	1094	-0.05877432395258035
DKDiPT_up	28-12557__V14B09-279_XY02_25-0275	28-12557	eosin_mean	1094	-0.03987355936237266
DKDiPT_up	28-12557__V14B09-279_XY02_25-0275	28-12557	hema_mean	1094	0.016282001139680778
DKDiPT_up	28-12557__V14B09-279_XY02_25-0275	28-12557	white_frac	1094	-0.0559173855277568
DKDiPT_up	28-12579__V13L19-378_XY01_25-0265	28-12579	hema_frac	1114	0.02302156026546194
DKDiPT_up	28-12579__V13L19-378_XY01_25-0265	28-12579	nuclei_per_1e4px_tissue	1114	0.00652589522987828
DKDiPT_up	28-12579__V13L19-378_XY01_25-0265	28-12579	eosin_frac	1114	0.08838461964799313
DKDiPT_up	28-12579__V13L19-378_XY01_25-0265	28-12579	eosin_mean	1114	0.10375749128532236
DKDiPT_up	28-12579__V13L19-378_XY01_25-0265	28-12579	hema_mean	1114	0.0387783232240531
DKDiPT_up	28-12579__V13L19-378_XY01_25-0265	28-12579	white_frac	1114	-0.1043541596474428
DKDiPT_up	28-12613__V14B09-329_XY03_25-0284	28-12613	hema_frac	894	0.08722661928777709
DKDiPT_up	28-12613__V14B09-329_XY03_25-0284	28-12613	nuclei_per_1e4px_tissue	894	0.02832680306614731
DKDiPT_up	28-12613__V14B09-329_XY03_25-0284	28-12613	eosin_frac	894	0.14451744073351575
DKDiPT_up	28-12613__V14B09-329_XY03_25-0284	28-12613	eosin_mean	894	0.12767141278162328
DKDiPT_up	28-12613__V14B09-329_XY03_25-0284	28-12613	hema_mean	894	0.07640124142463633
DKDiPT_up	28-12613__V14B09-329_XY03_25-0284	28-12613	white_frac	894	-0.11428936895315676
DKDiPT_up	28-12626__V13L19-321_XY04_25_0248	28-12626	hema_frac	459	-0.016575799809959893
DKDiPT_up	28-12626__V13L19-321_XY04_25_0248	28-12626	nuclei_per_1e4px_tissue	459	-0.006844121518595164
DKDiPT_up	28-12626__V13L19-321_XY04_25_0248	28-12626	eosin_frac	459	0.07730187373753822
DKDiPT_up	28-12626__V13L19-321_XY04_25_0248	28-12626	eosin_mean	459	0.09216064967816957
DKDiPT_up	28-12626__V13L19-321_XY04_25_0248	28-12626	hema_mean	459	0.04710969433616047
DKDiPT_up	28-12626__V13L19-321_XY04_25_0248	28-12626	white_frac	459	0.005680075238254241
DKDiPT_up	28-12629__V13L19-330_XY03_25_0259	28-12629	hema_frac	490	0.09527236858079263
DKDiPT_up	28-12629__V13L19-330_XY03_25_0259	28-12629	nuclei_per_1e4px_tissue	490	-0.05301244814047971
DKDiPT_up	28-12629__V13L19-330_XY03_25_0259	28-12629	eosin_frac	490	0.05146634814629254
DKDiPT_up	28-12629__V13L19-330_XY03_25_0259	28-12629	eosin_mean	490	0.07377913156754246
DKDiPT_up	28-12629__V13L19-330_XY03_25_0259	28-12629	hema_mean	490	0.05522279754616748
DKDiPT_up	28-12629__V13L19-330_XY03_25_0259	28-12629	white_frac	490	-0.10080050560234306
DKDiPT_up	28-12636__V14B09-330_XY02_25-0287	28-12636	hema_frac	791	0.02699774186496255
DKDiPT_up	28-12636__V14B09-330_XY02_25-0287	28-12636	nuclei_per_1e4px_tissue	791	-0.011682911667508726
DKDiPT_up	28-12636__V14B09-330_XY02_25-0287	28-12636	eosin_frac	791	0.006158945890596217
DKDiPT_up	28-12636__V14B09-330_XY02_25-0287	28-12636	eosin_mean	791	0.031690770252099335
DKDiPT_up	28-12636__V14B09-330_XY02_25-0287	28-12636	hema_mean	791	0.023523345345129284
DKDiPT_up	28-12636__V14B09-330_XY02_25-0287	28-12636	white_frac	791	-0.08478731116509987
DKDiPT_up	29-10394__V14Y20-296_XY04_24-0182_fl	29-10394	hema_frac	1334	0.004090293097133551
DKDiPT_up	29-10394__V14Y20-296_XY04_24-0182_fl	29-10394	nuclei_per_1e4px_tissue	1334	0.0073590148413704495
DKDiPT_up	29-10394__V14Y20-296_XY04_24-0182_fl	29-10394	eosin_frac	1334	0.04401192419186374
DKDiPT_up	29-10394__V14Y20-296_XY04_24-0182_fl	29-10394	eosin_mean	1334	0.05193532266820827
DKDiPT_up	29-10394__V14Y20-296_XY04_24-0182_fl	29-10394	hema_mean	1334	0.002164312180605102
DKDiPT_up	29-10394__V14Y20-296_XY04_24-0182_fl	29-10394	white_frac	1334	-0.08927149203694072
DKDiPT_up	29-10398__V13L17-315_XY04_25-0222	29-10398	hema_frac	690	0.09977817770688378
DKDiPT_up	29-10398__V13L17-315_XY04_25-0222	29-10398	nuclei_per_1e4px_tissue	690	-0.0517734128131333
DKDiPT_up	29-10398__V13L17-315_XY04_25-0222	29-10398	eosin_frac	690	0.04265183790420739
DKDiPT_up	29-10398__V13L17-315_XY04_25-0222	29-10398	eosin_mean	690	0.03987287054251312
DKDiPT_up	29-10398__V13L17-315_XY04_25-0222	29-10398	hema_mean	690	0.1355065088010591
DKDiPT_up	29-10398__V13L17-315_XY04_25-0222	29-10398	white_frac	690	-0.10231383251183981
DKDiPT_up	29-10399__V14Y20-298_XY04_24-0183_fl	29-10399	hema_frac	1257	-0.08942867184201872
DKDiPT_up	29-10399__V14Y20-298_XY04_24-0183_fl	29-10399	nuclei_per_1e4px_tissue	1257	-0.0632604375170456
DKDiPT_up	29-10399__V14Y20-298_XY04_24-0183_fl	29-10399	eosin_frac	1257	0.15129621957879272
DKDiPT_up	29-10399__V14Y20-298_XY04_24-0183_fl	29-10399	eosin_mean	1257	0.16674709209795502
DKDiPT_up	29-10399__V14Y20-298_XY04_24-0183_fl	29-10399	hema_mean	1257	-0.09687162881100392
DKDiPT_up	29-10399__V14Y20-298_XY04_24-0183_fl	29-10399	white_frac	1257	-0.11369066950308912
DKDiPT_up	29-10400__V14S09-326_XY02_24-0191	29-10400	hema_frac	1643	0.0010335042950018573
DKDiPT_up	29-10400__V14S09-326_XY02_24-0191	29-10400	nuclei_per_1e4px_tissue	1643	0.04474364185944953
DKDiPT_up	29-10400__V14S09-326_XY02_24-0191	29-10400	eosin_frac	1643	0.07024807095779675
DKDiPT_up	29-10400__V14S09-326_XY02_24-0191	29-10400	eosin_mean	1643	0.02876751871603575
DKDiPT_up	29-10400__V14S09-326_XY02_24-0191	29-10400	hema_mean	1643	0.08097600504752715
DKDiPT_up	29-10400__V14S09-326_XY02_24-0191	29-10400	white_frac	1643	0.03263126627242981
DKDiPT_up	29-10410__V13U21-399_XY01_24-0211	29-10410	hema_frac	2052	0.020646946992297206
DKDiPT_up	29-10410__V13U21-399_XY01_24-0211	29-10410	nuclei_per_1e4px_tissue	2052	0.011614182251518529
DKDiPT_up	29-10410__V13U21-399_XY01_24-0211	29-10410	eosin_frac	2052	0.13732606849724777
DKDiPT_up	29-10410__V13U21-399_XY01_24-0211	29-10410	eosin_mean	2052	0.16551802607011756
DKDiPT_up	29-10410__V13U21-399_XY01_24-0211	29-10410	hema_mean	2052	0.03462739487414697
DKDiPT_up	29-10410__V13U21-399_XY01_24-0211	29-10410	white_frac	2052	-0.08582783156613343
DKDiPT_up	29-10439__V13U21-356_XY02_25-0232	29-10439	hema_frac	1214	0.047817117576333064
DKDiPT_up	29-10439__V13U21-356_XY02_25-0232	29-10439	nuclei_per_1e4px_tissue	1214	-0.06322978937632871
DKDiPT_up	29-10439__V13U21-356_XY02_25-0232	29-10439	eosin_frac	1214	-0.011882103259927411
DKDiPT_up	29-10439__V13U21-356_XY02_25-0232	29-10439	eosin_mean	1214	-0.006948982870953035
DKDiPT_up	29-10439__V13U21-356_XY02_25-0232	29-10439	hema_mean	1214	0.0658988828624068
DKDiPT_up	29-10439__V13U21-356_XY02_25-0232	29-10439	white_frac	1214	-0.07063119747772315
DKDiPT_up	29-10448__V13L19-323_XY04_25_0256	29-10448	hema_frac	920	0.03667044909655788
DKDiPT_up	29-10448__V13L19-323_XY04_25_0256	29-10448	nuclei_per_1e4px_tissue	920	-0.004147328837456995
DKDiPT_up	29-10448__V13L19-323_XY04_25_0256	29-10448	eosin_frac	920	0.025821350272193445
DKDiPT_up	29-10448__V13L19-323_XY04_25_0256	29-10448	eosin_mean	920	0.06324990461814192
DKDiPT_up	29-10448__V13L19-323_XY04_25_0256	29-10448	hema_mean	920	0.09849425679542187
DKDiPT_up	29-10448__V13L19-323_XY04_25_0256	29-10448	white_frac	920	0.012177025545515072
DKDiPT_up	29-10452__V13L19-322_XY03_25_0251	29-10452	hema_frac	1040	-0.011527386570892516
DKDiPT_up	29-10452__V13L19-322_XY03_25_0251	29-10452	nuclei_per_1e4px_tissue	1040	-0.009136748209237995
DKDiPT_up	29-10452__V13L19-322_XY03_25_0251	29-10452	eosin_frac	1040	-0.0281648807428109
DKDiPT_up	29-10452__V13L19-322_XY03_25_0251	29-10452	eosin_mean	1040	-0.028890845273992757
DKDiPT_up	29-10452__V13L19-322_XY03_25_0251	29-10452	hema_mean	1040	0.0851390869773641
DKDiPT_up	29-10452__V13L19-322_XY03_25_0251	29-10452	white_frac	1040	0.069773366806601
DKDiPT_up	29-10600__V14B09-329_XY04_25-0285	29-10600	hema_frac	693	0.06394074208193766
DKDiPT_up	29-10600__V14B09-329_XY04_25-0285	29-10600	nuclei_per_1e4px_tissue	693	-0.007209266568984247
DKDiPT_up	29-10600__V14B09-329_XY04_25-0285	29-10600	eosin_frac	693	0.030155781796998044
DKDiPT_up	29-10600__V14B09-329_XY04_25-0285	29-10600	eosin_mean	693	0.042785734563204336
DKDiPT_up	29-10600__V14B09-329_XY04_25-0285	29-10600	hema_mean	693	0.05830832200521671
DKDiPT_up	29-10600__V14B09-329_XY04_25-0285	29-10600	white_frac	693	0.0074247001611736085
DKDiPT_up	31-10078__V14Y20-295_XY02_24-0172_fl	31-10078	hema_frac	618	0.04787125825140433
DKDiPT_up	31-10078__V14Y20-295_XY02_24-0172_fl	31-10078	nuclei_per_1e4px_tissue	618	-0.06583194856959064
DKDiPT_up	31-10078__V14Y20-295_XY02_24-0172_fl	31-10078	eosin_frac	618	-0.01132772836427047
DKDiPT_up	31-10078__V14Y20-295_XY02_24-0172_fl	31-10078	eosin_mean	618	-0.03512474251558783
DKDiPT_up	31-10078__V14Y20-295_XY02_24-0172_fl	31-10078	hema_mean	618	0.05812951923030019
DKDiPT_up	31-10078__V14Y20-295_XY02_24-0172_fl	31-10078	white_frac	618	0.02613922231437409
DKDiPT_up	31-10090__V13U21-274_XY04_24-0210	31-10090	hema_frac	1417	0.0736990084073538
DKDiPT_up	31-10090__V13U21-274_XY04_24-0210	31-10090	nuclei_per_1e4px_tissue	1417	-0.03593554527992855
DKDiPT_up	31-10090__V13U21-274_XY04_24-0210	31-10090	eosin_frac	1417	0.051524835399010815
DKDiPT_up	31-10090__V13U21-274_XY04_24-0210	31-10090	eosin_mean	1417	0.04830213763597302
DKDiPT_up	31-10090__V13U21-274_XY04_24-0210	31-10090	hema_mean	1417	0.13278441142398673
DKDiPT_up	31-10090__V13U21-274_XY04_24-0210	31-10090	white_frac	1417	-0.05904438219544825
DKDiPT_up	31-10100__V14S09-326_XY03_24-0193	31-10100	hema_frac	420	-0.008519945552709369
DKDiPT_up	31-10100__V14S09-326_XY03_24-0193	31-10100	nuclei_per_1e4px_tissue	420	0.08387151956906075
DKDiPT_up	31-10100__V14S09-326_XY03_24-0193	31-10100	eosin_frac	420	0.10407678381800445
DKDiPT_up	31-10100__V14S09-326_XY03_24-0193	31-10100	eosin_mean	420	0.08833323128392152
DKDiPT_up	31-10100__V14S09-326_XY03_24-0193	31-10100	hema_mean	420	0.14787949560202795
DKDiPT_up	31-10100__V14S09-326_XY03_24-0193	31-10100	white_frac	420	-0.04522143719448292
DKDiPT_up	31-10169__V14S09-325_XY02_24-0176	31-10169	hema_frac	191	0.021851270911166395
DKDiPT_up	31-10169__V14S09-325_XY02_24-0176	31-10169	nuclei_per_1e4px_tissue	191	-0.14574220573308838
DKDiPT_up	31-10169__V14S09-325_XY02_24-0176	31-10169	eosin_frac	191	0.017069175935202102
DKDiPT_up	31-10169__V14S09-325_XY02_24-0176	31-10169	eosin_mean	191	0.06624564736342894
DKDiPT_up	31-10169__V14S09-325_XY02_24-0176	31-10169	hema_mean	191	0.10438830530304774
DKDiPT_up	31-10169__V14S09-325_XY02_24-0176	31-10169	white_frac	191	-0.15733150557942385
DKDiPT_up	31-10177__V14Y20-296_XY03_24-0185_fl	31-10177	hema_frac	634	-0.017589455016966446
DKDiPT_up	31-10177__V14Y20-296_XY03_24-0185_fl	31-10177	nuclei_per_1e4px_tissue	634	-0.110293722517423
DKDiPT_up	31-10177__V14Y20-296_XY03_24-0185_fl	31-10177	eosin_frac	634	0.13280131307975918
DKDiPT_up	31-10177__V14Y20-296_XY03_24-0185_fl	31-10177	eosin_mean	634	0.17117338097338541
DKDiPT_up	31-10177__V14Y20-296_XY03_24-0185_fl	31-10177	hema_mean	634	-0.03161703746528038
DKDiPT_up	31-10177__V14Y20-296_XY03_24-0185_fl	31-10177	white_frac	634	-0.14706139124472356
DKDiPT_up	31-10210__V14Y20-298_XY01_24-0192_fl	31-10210	hema_frac	1308	-0.06493371766564962
DKDiPT_up	31-10210__V14Y20-298_XY01_24-0192_fl	31-10210	nuclei_per_1e4px_tissue	1308	-0.061025691729270436
DKDiPT_up	31-10210__V14Y20-298_XY01_24-0192_fl	31-10210	eosin_frac	1308	0.07359345985889469
DKDiPT_up	31-10210__V14Y20-298_XY01_24-0192_fl	31-10210	eosin_mean	1308	0.06887815135536834
DKDiPT_up	31-10210__V14Y20-298_XY01_24-0192_fl	31-10210	hema_mean	1308	-0.08153877099052897
DKDiPT_up	31-10210__V14Y20-298_XY01_24-0192_fl	31-10210	white_frac	1308	-0.051527654646346496
DKDiPT_up	31-10219__V14Y20-297_XY04_24-0178	31-10219	hema_frac	1286	0.07977957490331855
DKDiPT_up	31-10219__V14Y20-297_XY04_24-0178	31-10219	nuclei_per_1e4px_tissue	1286	-0.08345641831207873
DKDiPT_up	31-10219__V14Y20-297_XY04_24-0178	31-10219	eosin_frac	1286	0.03232109114287198
DKDiPT_up	31-10219__V14Y20-297_XY04_24-0178	31-10219	eosin_mean	1286	0.05830859012007712
DKDiPT_up	31-10219__V14Y20-297_XY04_24-0178	31-10219	hema_mean	1286	0.07835229089055096
DKDiPT_up	31-10219__V14Y20-297_XY04_24-0178	31-10219	white_frac	1286	-0.07073937359909663
DKDiPT_up	31-10322__V13L17-316_XY01_25-0223	31-10322	hema_frac	483	-0.018269887659994134
DKDiPT_up	31-10322__V13L17-316_XY01_25-0223	31-10322	nuclei_per_1e4px_tissue	483	0.016697189416302063
DKDiPT_up	31-10322__V13L17-316_XY01_25-0223	31-10322	eosin_frac	483	-0.010191253079274813
DKDiPT_up	31-10322__V13L17-316_XY01_25-0223	31-10322	eosin_mean	483	0.019612322118855715
DKDiPT_up	31-10322__V13L17-316_XY01_25-0223	31-10322	hema_mean	483	-0.004605285497604265
DKDiPT_up	31-10322__V13L17-316_XY01_25-0223	31-10322	white_frac	483	-0.07784267939351737
DKDiPT_up	31-10336__V13L17-316_XY03_25-0225	31-10336	hema_frac	1173	0.020337972508052398
DKDiPT_up	31-10336__V13L17-316_XY03_25-0225	31-10336	nuclei_per_1e4px_tissue	1173	-0.022828903634431408
DKDiPT_up	31-10336__V13L17-316_XY03_25-0225	31-10336	eosin_frac	1173	0.03642320101236817
DKDiPT_up	31-10336__V13L17-316_XY03_25-0225	31-10336	eosin_mean	1173	0.030243306536914243
DKDiPT_up	31-10336__V13L17-316_XY03_25-0225	31-10336	hema_mean	1173	0.05399060051694043
DKDiPT_up	31-10336__V13L17-316_XY03_25-0225	31-10336	white_frac	1173	-0.04666741772928537
DKDiPT_up	31-10340__V14B09-280_XY03_25-0280	31-10340	hema_frac	1164	0.12210458876291809
DKDiPT_up	31-10340__V14B09-280_XY03_25-0280	31-10340	nuclei_per_1e4px_tissue	1164	-0.013892499289937158
DKDiPT_up	31-10340__V14B09-280_XY03_25-0280	31-10340	eosin_frac	1164	0.014421300905483726
DKDiPT_up	31-10340__V14B09-280_XY03_25-0280	31-10340	eosin_mean	1164	0.029173970415684803
DKDiPT_up	31-10340__V14B09-280_XY03_25-0280	31-10340	hema_mean	1164	0.11342333054424752
DKDiPT_up	31-10340__V14B09-280_XY03_25-0280	31-10340	white_frac	1164	-0.02123052439294449
DKDiPT_up	31-10379__V14B09-279_XY01_25-0274	31-10379	hema_frac	755	0.036648045864488867
DKDiPT_up	31-10379__V14B09-279_XY01_25-0274	31-10379	nuclei_per_1e4px_tissue	755	0.019474416972028584
DKDiPT_up	31-10379__V14B09-279_XY01_25-0274	31-10379	eosin_frac	755	-0.06300512460502888
DKDiPT_up	31-10379__V14B09-279_XY01_25-0274	31-10379	eosin_mean	755	-0.05585396488705951
DKDiPT_up	31-10379__V14B09-279_XY01_25-0274	31-10379	hema_mean	755	0.036242547050338685
DKDiPT_up	31-10379__V14B09-279_XY01_25-0274	31-10379	white_frac	755	-0.02775877504816105
DKDiPT_up	934-10003__V13L19-376_XY02_25-0262	934-10003	hema_frac	1119	-0.011195065639837576
DKDiPT_up	934-10003__V13L19-376_XY02_25-0262	934-10003	nuclei_per_1e4px_tissue	1119	0.026923692097157677
DKDiPT_up	934-10003__V13L19-376_XY02_25-0262	934-10003	eosin_frac	1119	0.08216318583273607
DKDiPT_up	934-10003__V13L19-376_XY02_25-0262	934-10003	eosin_mean	1119	0.09790433232493886
DKDiPT_up	934-10003__V13L19-376_XY02_25-0262	934-10003	hema_mean	1119	0.01470747022660888
DKDiPT_up	934-10003__V13L19-376_XY02_25-0262	934-10003	white_frac	1119	-0.11938187661437721
DKDiPT_up	934-10009__V14B09-279_XY03_25-0276	934-10009	hema_frac	1448	0.07010134816643049
DKDiPT_up	934-10009__V14B09-279_XY03_25-0276	934-10009	nuclei_per_1e4px_tissue	1448	0.052904649548097954
DKDiPT_up	934-10009__V14B09-279_XY03_25-0276	934-10009	eosin_frac	1448	0.003958081285464876
DKDiPT_up	934-10009__V14B09-279_XY03_25-0276	934-10009	eosin_mean	1448	-0.004233746499635286
DKDiPT_up	934-10009__V14B09-279_XY03_25-0276	934-10009	hema_mean	1448	0.06332410605804158
DKDiPT_up	934-10009__V14B09-279_XY03_25-0276	934-10009	white_frac	1448	-0.01580422911974548
DKDiPT_up	935-10042__V14B09-277_XY02_25-0267	935-10042	hema_frac	677	0.05139538797916351
DKDiPT_up	935-10042__V14B09-277_XY02_25-0267	935-10042	nuclei_per_1e4px_tissue	677	-0.006778423113577618
DKDiPT_up	935-10042__V14B09-277_XY02_25-0267	935-10042	eosin_frac	677	-0.05135242813133696
DKDiPT_up	935-10042__V14B09-277_XY02_25-0267	935-10042	eosin_mean	677	-0.03352670219086699
DKDiPT_up	935-10042__V14B09-277_XY02_25-0267	935-10042	hema_mean	677	0.06996843649565844
DKDiPT_up	935-10042__V14B09-277_XY02_25-0267	935-10042	white_frac	677	-0.007704131564114813
DKDiPT_up	935-10061__V14B09-279_XY04_25-0266	935-10061	hema_frac	355	0.2238919028086405
DKDiPT_up	935-10061__V14B09-279_XY04_25-0266	935-10061	nuclei_per_1e4px_tissue	355	-0.06848887941941267
DKDiPT_up	935-10061__V14B09-279_XY04_25-0266	935-10061	eosin_frac	355	-0.17490356219510245
DKDiPT_up	935-10061__V14B09-279_XY04_25-0266	935-10061	eosin_mean	355	-0.18016401406734078
DKDiPT_up	935-10061__V14B09-279_XY04_25-0266	935-10061	hema_mean	355	0.22063810232126962
DKDiPT_up	935-10061__V14B09-279_XY04_25-0266	935-10061	white_frac	355	0.1726080407288494
DKDiPT_up	935-10106__V14B09-278_XY02_25-0271	935-10106	hema_frac	1370	0.09579039242758222
DKDiPT_up	935-10106__V14B09-278_XY02_25-0271	935-10106	nuclei_per_1e4px_tissue	1370	-0.09257830919837749
DKDiPT_up	935-10106__V14B09-278_XY02_25-0271	935-10106	eosin_frac	1370	-0.05642944334707337
DKDiPT_up	935-10106__V14B09-278_XY02_25-0271	935-10106	eosin_mean	1370	-0.04356171215924698
DKDiPT_up	935-10106__V14B09-278_XY02_25-0271	935-10106	hema_mean	1370	0.1029068387470518
DKDiPT_up	935-10106__V14B09-278_XY02_25-0271	935-10106	white_frac	1370	0.005887265457739913
DKDiPT_up	935-10111__V13L19-376_XY04_25-0264	935-10111	hema_frac	321	0.07343257048959263
DKDiPT_up	935-10111__V13L19-376_XY04_25-0264	935-10111	nuclei_per_1e4px_tissue	321	-0.0041592075933272145
DKDiPT_up	935-10111__V13L19-376_XY04_25-0264	935-10111	eosin_frac	321	0.07393267710204038
DKDiPT_up	935-10111__V13L19-376_XY04_25-0264	935-10111	eosin_mean	321	0.06380656536049897
DKDiPT_up	935-10111__V13L19-376_XY04_25-0264	935-10111	hema_mean	321	0.09244476221928799
DKDiPT_up	935-10111__V13L19-376_XY04_25-0264	935-10111	white_frac	321	-0.06266807403356423
DKDiPT_up	935-10337__V14B09-280_XY01_25-0278	935-10337	hema_frac	872	0.07326412193775869
DKDiPT_up	935-10337__V14B09-280_XY01_25-0278	935-10337	nuclei_per_1e4px_tissue	872	-0.09241803758040418
DKDiPT_up	935-10337__V14B09-280_XY01_25-0278	935-10337	eosin_frac	872	-0.10157029652306046
DKDiPT_up	935-10337__V14B09-280_XY01_25-0278	935-10337	eosin_mean	872	-0.09840598876338313
DKDiPT_up	935-10337__V14B09-280_XY01_25-0278	935-10337	hema_mean	872	0.08002972240296424
DKDiPT_up	935-10337__V14B09-280_XY01_25-0278	935-10337	white_frac	872	0.04802142930639483
SharedInjury_up	163-1__V14B09-330_XY03_25-0288	163-1	hema_frac	78	-0.05066959096944561
SharedInjury_up	163-1__V14B09-330_XY03_25-0288	163-1	nuclei_per_1e4px_tissue	78	0.019517011133104417
SharedInjury_up	163-1__V14B09-330_XY03_25-0288	163-1	eosin_frac	78	0.10692617422347223
SharedInjury_up	163-1__V14B09-330_XY03_25-0288	163-1	eosin_mean	78	0.3631151435959519
SharedInjury_up	163-1__V14B09-330_XY03_25-0288	163-1	hema_mean	78	-0.14104121342302872
SharedInjury_up	163-1__V14B09-330_XY03_25-0288	163-1	white_frac	78	-0.4586747555438005
SharedInjury_up	163-4__V13U21-276_XY01_24-0203	163-4	hema_frac	675	-0.3546397820498095
SharedInjury_up	163-4__V13U21-276_XY01_24-0203	163-4	nuclei_per_1e4px_tissue	675	0.32391602725955504
SharedInjury_up	163-4__V13U21-276_XY01_24-0203	163-4	eosin_frac	675	-0.06181097015970582
SharedInjury_up	163-4__V13U21-276_XY01_24-0203	163-4	eosin_mean	675	-0.09975058318539037
SharedInjury_up	163-4__V13U21-276_XY01_24-0203	163-4	hema_mean	675	-0.4205281259303124
SharedInjury_up	163-4__V13U21-276_XY01_24-0203	163-4	white_frac	675	0.2331297507574164
SharedInjury_up	164-10__V14B09-279_XY04_25-0277	164-10	hema_frac	349	0.04621305623690901
SharedInjury_up	164-10__V14B09-279_XY04_25-0277	164-10	nuclei_per_1e4px_tissue	349	-0.06018488577481133
SharedInjury_up	164-10__V14B09-279_XY04_25-0277	164-10	eosin_frac	349	-0.2858936556117475
SharedInjury_up	164-10__V14B09-279_XY04_25-0277	164-10	eosin_mean	349	-0.28632119843775666
SharedInjury_up	164-10__V14B09-279_XY04_25-0277	164-10	hema_mean	349	0.052485944220163824
SharedInjury_up	164-10__V14B09-279_XY04_25-0277	164-10	white_frac	349	0.11345094112304552
SharedInjury_up	164-11__V13U21-357_XY01_25-0230	164-11	hema_frac	900	0.0272535607394071
SharedInjury_up	164-11__V13U21-357_XY01_25-0230	164-11	nuclei_per_1e4px_tissue	900	-0.0799924981469489
SharedInjury_up	164-11__V13U21-357_XY01_25-0230	164-11	eosin_frac	900	-0.22719089381519775
SharedInjury_up	164-11__V13U21-357_XY01_25-0230	164-11	eosin_mean	900	-0.22900978622849333
SharedInjury_up	164-11__V13U21-357_XY01_25-0230	164-11	hema_mean	900	0.05446869096934103
SharedInjury_up	164-11__V13U21-357_XY01_25-0230	164-11	white_frac	900	-0.070302706552407
SharedInjury_up	164-14__V14Y20-274_XY03_24-0187	164-14	hema_frac	741	-0.04806957417099053
SharedInjury_up	164-14__V14Y20-274_XY03_24-0187	164-14	nuclei_per_1e4px_tissue	741	0.036668915793541916
SharedInjury_up	164-14__V14Y20-274_XY03_24-0187	164-14	eosin_frac	741	0.017846616312737578
SharedInjury_up	164-14__V14Y20-274_XY03_24-0187	164-14	eosin_mean	741	-0.02194577566879896
SharedInjury_up	164-14__V14Y20-274_XY03_24-0187	164-14	hema_mean	741	-0.06297577619326343
SharedInjury_up	164-14__V14Y20-274_XY03_24-0187	164-14	white_frac	741	-0.044572133540334
SharedInjury_up	164-15__V13L17-316_XY04_25-0231	164-15	hema_frac	738	0.07853403390331937
SharedInjury_up	164-15__V13L17-316_XY04_25-0231	164-15	nuclei_per_1e4px_tissue	738	-0.056064768524231576
SharedInjury_up	164-15__V13L17-316_XY04_25-0231	164-15	eosin_frac	738	-0.09960754899672783
SharedInjury_up	164-15__V13L17-316_XY04_25-0231	164-15	eosin_mean	738	-0.2181562828396882
SharedInjury_up	164-15__V13L17-316_XY04_25-0231	164-15	hema_mean	738	0.14581864310225276
SharedInjury_up	164-15__V13L17-316_XY04_25-0231	164-15	white_frac	738	-0.07409540821741514
SharedInjury_up	164-18__V14Y20-274_XY02_24-0175	164-18	hema_frac	877	-0.054246300342352755
SharedInjury_up	164-18__V14Y20-274_XY02_24-0175	164-18	nuclei_per_1e4px_tissue	877	0.04743576148582215
SharedInjury_up	164-18__V14Y20-274_XY02_24-0175	164-18	eosin_frac	877	0.17205974238529684
SharedInjury_up	164-18__V14Y20-274_XY02_24-0175	164-18	eosin_mean	877	0.1477084283428365
SharedInjury_up	164-18__V14Y20-274_XY02_24-0175	164-18	hema_mean	877	-0.06648232841138399
SharedInjury_up	164-18__V14Y20-274_XY02_24-0175	164-18	white_frac	877	-0.051260510710005036
SharedInjury_up	164-1__V14S09-325_XY01_24-0168	164-1	hema_frac	1284	0.033118943532072294
SharedInjury_up	164-1__V14S09-325_XY01_24-0168	164-1	nuclei_per_1e4px_tissue	1284	0.0006556732251775457
SharedInjury_up	164-1__V14S09-325_XY01_24-0168	164-1	eosin_frac	1284	-0.19416467095020462
SharedInjury_up	164-1__V14S09-325_XY01_24-0168	164-1	eosin_mean	1284	-0.28509466379973475
SharedInjury_up	164-1__V14S09-325_XY01_24-0168	164-1	hema_mean	1284	0.0615465929433387
SharedInjury_up	164-1__V14S09-325_XY01_24-0168	164-1	white_frac	1284	0.0051246479104765374
SharedInjury_up	164-3__V13U21-276_XY02_24-0204	164-3	hema_frac	900	-0.0417718933785059
SharedInjury_up	164-3__V13U21-276_XY02_24-0204	164-3	nuclei_per_1e4px_tissue	900	-0.006256178935086176
SharedInjury_up	164-3__V13U21-276_XY02_24-0204	164-3	eosin_frac	900	-0.07429630045074866
SharedInjury_up	164-3__V13U21-276_XY02_24-0204	164-3	eosin_mean	900	-0.15895409860975884
SharedInjury_up	164-3__V13U21-276_XY02_24-0204	164-3	hema_mean	900	0.04730981513599357
SharedInjury_up	164-3__V13U21-276_XY02_24-0204	164-3	white_frac	900	0.06012168323174527
SharedInjury_up	164-5__V13Y22-307_XY02_24-0169	164-5	hema_frac	732	0.08055978068987606
SharedInjury_up	164-5__V13Y22-307_XY02_24-0169	164-5	nuclei_per_1e4px_tissue	732	0.013175049568056825
SharedInjury_up	164-5__V13Y22-307_XY02_24-0169	164-5	eosin_frac	732	-0.06649330392863766
SharedInjury_up	164-5__V13Y22-307_XY02_24-0169	164-5	eosin_mean	732	-0.1816726070873521
SharedInjury_up	164-5__V13Y22-307_XY02_24-0169	164-5	hema_mean	732	0.09721144389455448
SharedInjury_up	164-5__V13Y22-307_XY02_24-0169	164-5	white_frac	732	0.037355918328829514
SharedInjury_up	164-6__V13Y22-307_XY03_24-0170	164-6	hema_frac	531	0.05127291719426628
SharedInjury_up	164-6__V13Y22-307_XY03_24-0170	164-6	nuclei_per_1e4px_tissue	531	0.06076830295687534
SharedInjury_up	164-6__V13Y22-307_XY03_24-0170	164-6	eosin_frac	531	-0.1644877103141641
SharedInjury_up	164-6__V13Y22-307_XY03_24-0170	164-6	eosin_mean	531	-0.1617710010883942
SharedInjury_up	164-6__V13Y22-307_XY03_24-0170	164-6	hema_mean	531	0.07165285294261045
SharedInjury_up	164-6__V13Y22-307_XY03_24-0170	164-6	white_frac	531	0.05172132862406388
SharedInjury_up	164-7__V13U21-276_XY03_24-0205	164-7	hema_frac	888	0.11426194163313327
SharedInjury_up	164-7__V13U21-276_XY03_24-0205	164-7	nuclei_per_1e4px_tissue	888	-0.06919503620039455
SharedInjury_up	164-7__V13U21-276_XY03_24-0205	164-7	eosin_frac	888	-0.17186762848107578
SharedInjury_up	164-7__V13U21-276_XY03_24-0205	164-7	eosin_mean	888	-0.2402247918508575
SharedInjury_up	164-7__V13U21-276_XY03_24-0205	164-7	hema_mean	888	0.14003297222123948
SharedInjury_up	164-7__V13U21-276_XY03_24-0205	164-7	white_frac	888	-0.010503245187605922
SharedInjury_up	164-8__V13U21-276_XY04_24-0206	164-8	hema_frac	245	0.182320886353498
SharedInjury_up	164-8__V13U21-276_XY04_24-0206	164-8	nuclei_per_1e4px_tissue	245	-0.3097006179000442
SharedInjury_up	164-8__V13U21-276_XY04_24-0206	164-8	eosin_frac	245	0.05999241517679209
SharedInjury_up	164-8__V13U21-276_XY04_24-0206	164-8	eosin_mean	245	0.14502875141518068
SharedInjury_up	164-8__V13U21-276_XY04_24-0206	164-8	hema_mean	245	0.1799981728838947
SharedInjury_up	164-8__V13U21-276_XY04_24-0206	164-8	white_frac	245	-0.358612597268846
SharedInjury_up	165-13__V13Y22-307_XY04_24-0171	165-13	hema_frac	829	0.019786241012049288
SharedInjury_up	165-13__V13Y22-307_XY04_24-0171	165-13	nuclei_per_1e4px_tissue	829	-0.024626552000555368
SharedInjury_up	165-13__V13Y22-307_XY04_24-0171	165-13	eosin_frac	829	-0.14067431414037218
SharedInjury_up	165-13__V13Y22-307_XY04_24-0171	165-13	eosin_mean	829	-0.17847883381374904
SharedInjury_up	165-13__V13Y22-307_XY04_24-0171	165-13	hema_mean	829	0.06050294788694964
SharedInjury_up	165-13__V13Y22-307_XY04_24-0171	165-13	white_frac	829	-0.10275099269825669
SharedInjury_up	165-14__V14Y20-274_XY04_24-0188	165-14	hema_frac	594	0.027524083744405216
SharedInjury_up	165-14__V14Y20-274_XY04_24-0188	165-14	nuclei_per_1e4px_tissue	594	-0.04126391727915042
SharedInjury_up	165-14__V14Y20-274_XY04_24-0188	165-14	eosin_frac	594	0.06338271392412914
SharedInjury_up	165-14__V14Y20-274_XY04_24-0188	165-14	eosin_mean	594	-0.04670148883367015
SharedInjury_up	165-14__V14Y20-274_XY04_24-0188	165-14	hema_mean	594	0.023011059668007962
SharedInjury_up	165-14__V14Y20-274_XY04_24-0188	165-14	white_frac	594	-0.011941992920755588
SharedInjury_up	165-15__V14Y20-274_XY01_24-0186	165-15	hema_frac	954	-0.027857010085159284
SharedInjury_up	165-15__V14Y20-274_XY01_24-0186	165-15	nuclei_per_1e4px_tissue	954	0.07708815378297604
SharedInjury_up	165-15__V14Y20-274_XY01_24-0186	165-15	eosin_frac	954	0.017421613938756225
SharedInjury_up	165-15__V14Y20-274_XY01_24-0186	165-15	eosin_mean	954	0.03559570268433545
SharedInjury_up	165-15__V14Y20-274_XY01_24-0186	165-15	hema_mean	954	-0.062297367685773514
SharedInjury_up	165-15__V14Y20-274_XY01_24-0186	165-15	white_frac	954	-0.11095207540545537
SharedInjury_up	27-10041__V13U21-274_XY01_24-0199	27-10041	hema_frac	433	-0.014128000617613004
SharedInjury_up	27-10041__V13U21-274_XY01_24-0199	27-10041	nuclei_per_1e4px_tissue	433	0.026445712700556172
SharedInjury_up	27-10041__V13U21-274_XY01_24-0199	27-10041	eosin_frac	433	0.039943841380734424
SharedInjury_up	27-10041__V13U21-274_XY01_24-0199	27-10041	eosin_mean	433	-0.05785198067541923
SharedInjury_up	27-10041__V13U21-274_XY01_24-0199	27-10041	hema_mean	433	0.12386715461890063
SharedInjury_up	27-10041__V13U21-274_XY01_24-0199	27-10041	white_frac	433	-0.28336107576253344
SharedInjury_up	27-10067__V14Y20-295_XY03_24-0173_fl	27-10067	hema_frac	655	0.021142091225012753
SharedInjury_up	27-10067__V14Y20-295_XY03_24-0173_fl	27-10067	nuclei_per_1e4px_tissue	655	0.0004787830125535589
SharedInjury_up	27-10067__V14Y20-295_XY03_24-0173_fl	27-10067	eosin_frac	655	-0.0840846546470931
SharedInjury_up	27-10067__V14Y20-295_XY03_24-0173_fl	27-10067	eosin_mean	655	-0.10595614299472739
SharedInjury_up	27-10067__V14Y20-295_XY03_24-0173_fl	27-10067	hema_mean	655	0.030544164141767735
SharedInjury_up	27-10067__V14Y20-295_XY03_24-0173_fl	27-10067	white_frac	655	-0.12216475690720671
SharedInjury_up	27-10087__V13U21-274_XY03_24-0201	27-10087	hema_frac	1051	0.17464801326181287
SharedInjury_up	27-10087__V13U21-274_XY03_24-0201	27-10087	nuclei_per_1e4px_tissue	1051	-0.1077655465755391
SharedInjury_up	27-10087__V13U21-274_XY03_24-0201	27-10087	eosin_frac	1051	-0.017882672533052407
SharedInjury_up	27-10087__V13U21-274_XY03_24-0201	27-10087	eosin_mean	1051	-0.04756947320742094
SharedInjury_up	27-10087__V13U21-274_XY03_24-0201	27-10087	hema_mean	1051	0.1934528414629025
SharedInjury_up	27-10087__V13U21-274_XY03_24-0201	27-10087	white_frac	1051	-0.2561635271164564
SharedInjury_up	27-10094__V13Y22-310_XY03_23-0154	27-10094	hema_frac	609	0.33358243566514956
SharedInjury_up	27-10094__V13Y22-310_XY03_23-0154	27-10094	nuclei_per_1e4px_tissue	609	0.041563692947649625
SharedInjury_up	27-10094__V13Y22-310_XY03_23-0154	27-10094	eosin_frac	609	-0.22497197991289775
SharedInjury_up	27-10094__V13Y22-310_XY03_23-0154	27-10094	eosin_mean	609	-0.2362275171526018
SharedInjury_up	27-10094__V13Y22-310_XY03_23-0154	27-10094	hema_mean	609	0.36163259585411056
SharedInjury_up	27-10094__V13Y22-310_XY03_23-0154	27-10094	white_frac	609	0.015881935837400978
SharedInjury_up	27-10146__V14B09-329_XY01_25-0282	27-10146	hema_frac	396	0.14051380989399667
SharedInjury_up	27-10146__V14B09-329_XY01_25-0282	27-10146	nuclei_per_1e4px_tissue	396	-0.1112312908463893
SharedInjury_up	27-10146__V14B09-329_XY01_25-0282	27-10146	eosin_frac	396	-0.3837006472353773
SharedInjury_up	27-10146__V14B09-329_XY01_25-0282	27-10146	eosin_mean	396	-0.35206825280256926
SharedInjury_up	27-10146__V14B09-329_XY01_25-0282	27-10146	hema_mean	396	0.1605494014801906
SharedInjury_up	27-10146__V14B09-329_XY01_25-0282	27-10146	white_frac	396	0.06673818459755958
SharedInjury_up	27-10155__V14B09-278_XY01_25-0270	27-10155	hema_frac	964	0.19225174830969877
SharedInjury_up	27-10155__V14B09-278_XY01_25-0270	27-10155	nuclei_per_1e4px_tissue	964	-0.19566945489689838
SharedInjury_up	27-10155__V14B09-278_XY01_25-0270	27-10155	eosin_frac	964	-0.34274328878541105
SharedInjury_up	27-10155__V14B09-278_XY01_25-0270	27-10155	eosin_mean	964	-0.3257780077917617
SharedInjury_up	27-10155__V14B09-278_XY01_25-0270	27-10155	hema_mean	964	0.20874002582587725
SharedInjury_up	27-10155__V14B09-278_XY01_25-0270	27-10155	white_frac	964	0.033095313901635934
SharedInjury_up	27-10157__V13L17-316_XY02_25-0224	27-10157	hema_frac	968	0.3468152169160677
SharedInjury_up	27-10157__V13L17-316_XY02_25-0224	27-10157	nuclei_per_1e4px_tissue	968	-0.27092414453054214
SharedInjury_up	27-10157__V13L17-316_XY02_25-0224	27-10157	eosin_frac	968	-0.09769540588247458
SharedInjury_up	27-10157__V13L17-316_XY02_25-0224	27-10157	eosin_mean	968	-0.21430120829746518
SharedInjury_up	27-10157__V13L17-316_XY02_25-0224	27-10157	hema_mean	968	0.3675220391862583
SharedInjury_up	27-10157__V13L17-316_XY02_25-0224	27-10157	white_frac	968	-0.19766076831865195
SharedInjury_up	27-10163__V14S03-385_XY04_24-0166	27-10163	hema_frac	887	0.16643592588804085
SharedInjury_up	27-10163__V14S03-385_XY04_24-0166	27-10163	nuclei_per_1e4px_tissue	887	-0.1788218124396973
SharedInjury_up	27-10163__V14S03-385_XY04_24-0166	27-10163	eosin_frac	887	-0.2560318316990233
SharedInjury_up	27-10163__V14S03-385_XY04_24-0166	27-10163	eosin_mean	887	-0.28923751271660436
SharedInjury_up	27-10163__V14S03-385_XY04_24-0166	27-10163	hema_mean	887	0.11980866546456276
SharedInjury_up	27-10163__V14S03-385_XY04_24-0166	27-10163	white_frac	887	-0.025155868998393532
SharedInjury_up	27-10165__V13Y22-306_XY03_24-0165	27-10165	hema_frac	853	0.008792129128735171
SharedInjury_up	27-10165__V13Y22-306_XY03_24-0165	27-10165	nuclei_per_1e4px_tissue	853	-0.021133704088268545
SharedInjury_up	27-10165__V13Y22-306_XY03_24-0165	27-10165	eosin_frac	853	-0.0948309013492039
SharedInjury_up	27-10165__V13Y22-306_XY03_24-0165	27-10165	eosin_mean	853	-0.09324604899261697
SharedInjury_up	27-10165__V13Y22-306_XY03_24-0165	27-10165	hema_mean	853	0.043124797833924505
SharedInjury_up	27-10165__V13Y22-306_XY03_24-0165	27-10165	white_frac	853	-0.17412210094230018
SharedInjury_up	27-10166__V14Y20-275_XY04_24-0189_fl	27-10166	hema_frac	1058	0.00553315855300825
SharedInjury_up	27-10166__V14Y20-275_XY04_24-0189_fl	27-10166	nuclei_per_1e4px_tissue	1058	0.007922612166422226
SharedInjury_up	27-10166__V14Y20-275_XY04_24-0189_fl	27-10166	eosin_frac	1058	-0.014358219534812464
SharedInjury_up	27-10166__V14Y20-275_XY04_24-0189_fl	27-10166	eosin_mean	1058	-0.0014612860506986736
SharedInjury_up	27-10166__V14Y20-275_XY04_24-0189_fl	27-10166	hema_mean	1058	0.004640777466994178
SharedInjury_up	27-10166__V14Y20-275_XY04_24-0189_fl	27-10166	white_frac	1058	-0.10736026053752844
SharedInjury_up	27-10170__V14B09-329_XY02_25-0283	27-10170	hema_frac	385	0.03838483101597495
SharedInjury_up	27-10170__V14B09-329_XY02_25-0283	27-10170	nuclei_per_1e4px_tissue	385	-0.10462182851825844
SharedInjury_up	27-10170__V14B09-329_XY02_25-0283	27-10170	eosin_frac	385	-0.2786149944169693
SharedInjury_up	27-10170__V14B09-329_XY02_25-0283	27-10170	eosin_mean	385	-0.25134354246885937
SharedInjury_up	27-10170__V14B09-329_XY02_25-0283	27-10170	hema_mean	385	0.03828912905693278
SharedInjury_up	27-10170__V14B09-329_XY02_25-0283	27-10170	white_frac	385	-0.02779766487816146
SharedInjury_up	27-10201__V13U21-399_XY04_24-0214	27-10201	hema_frac	947	0.14181982159722634
SharedInjury_up	27-10201__V13U21-399_XY04_24-0214	27-10201	nuclei_per_1e4px_tissue	947	-0.13826275950462513
SharedInjury_up	27-10201__V13U21-399_XY04_24-0214	27-10201	eosin_frac	947	-0.1577188509977125
SharedInjury_up	27-10201__V13U21-399_XY04_24-0214	27-10201	eosin_mean	947	-0.16596227168366934
SharedInjury_up	27-10201__V13U21-399_XY04_24-0214	27-10201	hema_mean	947	0.13364722256014666
SharedInjury_up	27-10201__V13U21-399_XY04_24-0214	27-10201	white_frac	947	-0.09648455560934129
SharedInjury_up	27-10206__V13U21-400_XY01_24-0215	27-10206	hema_frac	1158	0.1250845542211728
SharedInjury_up	27-10206__V13U21-400_XY01_24-0215	27-10206	nuclei_per_1e4px_tissue	1158	-0.16109686499832154
SharedInjury_up	27-10206__V13U21-400_XY01_24-0215	27-10206	eosin_frac	1158	-0.22922377104909047
SharedInjury_up	27-10206__V13U21-400_XY01_24-0215	27-10206	eosin_mean	1158	-0.23790751778850128
SharedInjury_up	27-10206__V13U21-400_XY01_24-0215	27-10206	hema_mean	1158	0.15009744340150302
SharedInjury_up	27-10206__V13U21-400_XY01_24-0215	27-10206	white_frac	1158	-0.030646177694468455
SharedInjury_up	27-10207__V13U21-399_XY03_24-0213	27-10207	hema_frac	509	0.07109863448660761
SharedInjury_up	27-10207__V13U21-399_XY03_24-0213	27-10207	nuclei_per_1e4px_tissue	509	-0.11679382368212388
SharedInjury_up	27-10207__V13U21-399_XY03_24-0213	27-10207	eosin_frac	509	-0.061689628114526884
SharedInjury_up	27-10207__V13U21-399_XY03_24-0213	27-10207	eosin_mean	509	-0.07335909032635267
SharedInjury_up	27-10207__V13U21-399_XY03_24-0213	27-10207	hema_mean	509	0.10081546053249538
SharedInjury_up	27-10207__V13U21-399_XY03_24-0213	27-10207	white_frac	509	-0.2394521103069765
SharedInjury_up	27-10211__V13U21-399_XY02_24-0212	27-10211	hema_frac	990	0.0006774915128013939
SharedInjury_up	27-10211__V13U21-399_XY02_24-0212	27-10211	nuclei_per_1e4px_tissue	990	0.026407145245117294
SharedInjury_up	27-10211__V13U21-399_XY02_24-0212	27-10211	eosin_frac	990	-0.18412919676108053
SharedInjury_up	27-10211__V13U21-399_XY02_24-0212	27-10211	eosin_mean	990	-0.22676763941658157
SharedInjury_up	27-10211__V13U21-399_XY02_24-0212	27-10211	hema_mean	990	0.0321634611810247
SharedInjury_up	27-10211__V13U21-399_XY02_24-0212	27-10211	white_frac	990	-0.08958022173586995
SharedInjury_up	27-10228__V13L17-318_XY02_25-0235	27-10228	hema_frac	765	0.031096179034624135
SharedInjury_up	27-10228__V13L17-318_XY02_25-0235	27-10228	nuclei_per_1e4px_tissue	765	-0.05258702406843682
SharedInjury_up	27-10228__V13L17-318_XY02_25-0235	27-10228	eosin_frac	765	-0.1608799243755889
SharedInjury_up	27-10228__V13L17-318_XY02_25-0235	27-10228	eosin_mean	765	-0.21714378993396652
SharedInjury_up	27-10228__V13L17-318_XY02_25-0235	27-10228	hema_mean	765	-0.026480972490624054
SharedInjury_up	27-10228__V13L17-318_XY02_25-0235	27-10228	white_frac	765	-0.09188801722153611
SharedInjury_up	27-10229__V14S09-326_XY04_24-0195	27-10229	hema_frac	864	0.005920145115842657
SharedInjury_up	27-10229__V14S09-326_XY04_24-0195	27-10229	nuclei_per_1e4px_tissue	864	0.06860684288015718
SharedInjury_up	27-10229__V14S09-326_XY04_24-0195	27-10229	eosin_frac	864	-0.1044123439958906
SharedInjury_up	27-10229__V14S09-326_XY04_24-0195	27-10229	eosin_mean	864	-0.30309970758146826
SharedInjury_up	27-10229__V14S09-326_XY04_24-0195	27-10229	hema_mean	864	0.16065778593575414
SharedInjury_up	27-10229__V14S09-326_XY04_24-0195	27-10229	white_frac	864	0.08574149635703526
SharedInjury_up	27-10231__V14B09-330_XY04_25-0289	27-10231	hema_frac	819	-0.04135795348253152
SharedInjury_up	27-10231__V14B09-330_XY04_25-0289	27-10231	nuclei_per_1e4px_tissue	819	-0.01543758965702021
SharedInjury_up	27-10231__V14B09-330_XY04_25-0289	27-10231	eosin_frac	819	-0.09195551952384048
SharedInjury_up	27-10231__V14B09-330_XY04_25-0289	27-10231	eosin_mean	819	-0.07186090441134951
SharedInjury_up	27-10231__V14B09-330_XY04_25-0289	27-10231	hema_mean	819	-0.014548524418219414
SharedInjury_up	27-10231__V14B09-330_XY04_25-0289	27-10231	white_frac	819	-0.10909797391891268
SharedInjury_up	27-10233__V13L17-318_XY04_25-0237	27-10233	hema_frac	1198	-0.11965093602245752
SharedInjury_up	27-10233__V13L17-318_XY04_25-0237	27-10233	nuclei_per_1e4px_tissue	1198	0.13819412819439023
SharedInjury_up	27-10233__V13L17-318_XY04_25-0237	27-10233	eosin_frac	1198	-0.3066985172697314
SharedInjury_up	27-10233__V13L17-318_XY04_25-0237	27-10233	eosin_mean	1198	-0.38619930387016177
SharedInjury_up	27-10233__V13L17-318_XY04_25-0237	27-10233	hema_mean	1198	0.05877903571993483
SharedInjury_up	27-10233__V13L17-318_XY04_25-0237	27-10233	white_frac	1198	0.12485045714583923
SharedInjury_up	27-10243__V13U21-357_XY02_25-0238	27-10243	hema_frac	644	0.09757246458930184
SharedInjury_up	27-10243__V13U21-357_XY02_25-0238	27-10243	nuclei_per_1e4px_tissue	644	-0.1275634795039015
SharedInjury_up	27-10243__V13U21-357_XY02_25-0238	27-10243	eosin_frac	644	-0.2509418872773405
SharedInjury_up	27-10243__V13U21-357_XY02_25-0238	27-10243	eosin_mean	644	-0.22605128149115314
SharedInjury_up	27-10243__V13U21-357_XY02_25-0238	27-10243	hema_mean	644	0.13580216965798386
SharedInjury_up	27-10243__V13U21-357_XY02_25-0238	27-10243	white_frac	644	-0.07716259581049345
SharedInjury_up	27-10262__V13L17-318_XY01_25-0233	27-10262	hema_frac	945	0.04520107383504106
SharedInjury_up	27-10262__V13L17-318_XY01_25-0233	27-10262	nuclei_per_1e4px_tissue	945	-0.09540281550122183
SharedInjury_up	27-10262__V13L17-318_XY01_25-0233	27-10262	eosin_frac	945	-0.12061935581027233
SharedInjury_up	27-10262__V13L17-318_XY01_25-0233	27-10262	eosin_mean	945	-0.14609854469018757
SharedInjury_up	27-10262__V13L17-318_XY01_25-0233	27-10262	hema_mean	945	0.011972988343717853
SharedInjury_up	27-10262__V13L17-318_XY01_25-0233	27-10262	white_frac	945	-0.08356383045879942
SharedInjury_up	27-10371__V13U21-357_XY04_25-0240	27-10371	hema_frac	1015	0.051795395500914804
SharedInjury_up	27-10371__V13U21-357_XY04_25-0240	27-10371	nuclei_per_1e4px_tissue	1015	-0.11508061947978895
SharedInjury_up	27-10371__V13U21-357_XY04_25-0240	27-10371	eosin_frac	1015	-0.14693143719043106
SharedInjury_up	27-10371__V13U21-357_XY04_25-0240	27-10371	eosin_mean	1015	-0.13323392766008138
SharedInjury_up	27-10371__V13U21-357_XY04_25-0240	27-10371	hema_mean	1015	0.08537736611285995
SharedInjury_up	27-10371__V13U21-357_XY04_25-0240	27-10371	white_frac	1015	-0.05027302978428843
SharedInjury_up	27-10410__V13L19-321_XY03_25_0246	27-10410	hema_frac	1234	0.2395084819795189
SharedInjury_up	27-10410__V13L19-321_XY03_25_0246	27-10410	nuclei_per_1e4px_tissue	1234	-0.23278280426301642
SharedInjury_up	27-10410__V13L19-321_XY03_25_0246	27-10410	eosin_frac	1234	-0.017411325409703124
SharedInjury_up	27-10410__V13L19-321_XY03_25_0246	27-10410	eosin_mean	1234	0.006610710774602679
SharedInjury_up	27-10410__V13L19-321_XY03_25_0246	27-10410	hema_mean	1234	0.2189185849482948
SharedInjury_up	27-10410__V13L19-321_XY03_25_0246	27-10410	white_frac	1234	-0.17180014915346642
SharedInjury_up	28-12178__V14S09-326_XY01_24-0190-remap	28-12178	hema_frac	492	0.08184945363216699
SharedInjury_up	28-12178__V14S09-326_XY01_24-0190-remap	28-12178	nuclei_per_1e4px_tissue	492	-0.18275542168816986
SharedInjury_up	28-12178__V14S09-326_XY01_24-0190-remap	28-12178	eosin_frac	492	-0.35273198233596714
SharedInjury_up	28-12178__V14S09-326_XY01_24-0190-remap	28-12178	eosin_mean	492	-0.3962447605760385
SharedInjury_up	28-12178__V14S09-326_XY01_24-0190-remap	28-12178	hema_mean	492	0.1544665264414935
SharedInjury_up	28-12178__V14S09-326_XY01_24-0190-remap	28-12178	white_frac	492	-0.21819149670525828
SharedInjury_up	28-12372__V13L17-317_XY02_25-0228	28-12372	hema_frac	1147	0.1930644794249481
SharedInjury_up	28-12372__V13L17-317_XY02_25-0228	28-12372	nuclei_per_1e4px_tissue	1147	-0.09930156947098522
SharedInjury_up	28-12372__V13L17-317_XY02_25-0228	28-12372	eosin_frac	1147	-0.20110842163424356
SharedInjury_up	28-12372__V13L17-317_XY02_25-0228	28-12372	eosin_mean	1147	-0.20101372072403048
SharedInjury_up	28-12372__V13L17-317_XY02_25-0228	28-12372	hema_mean	1147	0.28698400287323667
SharedInjury_up	28-12372__V13L17-317_XY02_25-0228	28-12372	white_frac	1147	-0.009510474429028824
SharedInjury_up	28-12518__V14S03-385_XY01_23-0152	28-12518	hema_frac	690	-0.07981624435608968
SharedInjury_up	28-12518__V14S03-385_XY01_23-0152	28-12518	nuclei_per_1e4px_tissue	690	0.060319404899264656
SharedInjury_up	28-12518__V14S03-385_XY01_23-0152	28-12518	eosin_frac	690	-0.19060216549598855
SharedInjury_up	28-12518__V14S03-385_XY01_23-0152	28-12518	eosin_mean	690	-0.23014629007216109
SharedInjury_up	28-12518__V14S03-385_XY01_23-0152	28-12518	hema_mean	690	-0.14644718058656409
SharedInjury_up	28-12518__V14S03-385_XY01_23-0152	28-12518	white_frac	690	-0.23497781142883387
SharedInjury_up	28-12545__V13L17-317_XY01_25-0227	28-12545	hema_frac	663	0.15061930565981807
SharedInjury_up	28-12545__V13L17-317_XY01_25-0227	28-12545	nuclei_per_1e4px_tissue	663	-0.12013418689309543
SharedInjury_up	28-12545__V13L17-317_XY01_25-0227	28-12545	eosin_frac	663	-0.24618636416752654
SharedInjury_up	28-12545__V13L17-317_XY01_25-0227	28-12545	eosin_mean	663	-0.2149822320206922
SharedInjury_up	28-12545__V13L17-317_XY01_25-0227	28-12545	hema_mean	663	0.1150924885940027
SharedInjury_up	28-12545__V13L17-317_XY01_25-0227	28-12545	white_frac	663	-0.1502479706718669
SharedInjury_up	28-12546__V14B09-280_XY04_25-0281	28-12546	hema_frac	1400	0.2501218448982553
SharedInjury_up	28-12546__V14B09-280_XY04_25-0281	28-12546	nuclei_per_1e4px_tissue	1400	0.0656407786676459
SharedInjury_up	28-12546__V14B09-280_XY04_25-0281	28-12546	eosin_frac	1400	-0.13903798797593298
SharedInjury_up	28-12546__V14B09-280_XY04_25-0281	28-12546	eosin_mean	1400	-0.02673755639316668
SharedInjury_up	28-12546__V14B09-280_XY04_25-0281	28-12546	hema_mean	1400	0.24364749790218732
SharedInjury_up	28-12546__V14B09-280_XY04_25-0281	28-12546	white_frac	1400	-0.1242836125694732
SharedInjury_up	28-12557__V14B09-279_XY02_25-0275	28-12557	hema_frac	1094	0.13892927473984368
SharedInjury_up	28-12557__V14B09-279_XY02_25-0275	28-12557	nuclei_per_1e4px_tissue	1094	-0.011988922442267083
SharedInjury_up	28-12557__V14B09-279_XY02_25-0275	28-12557	eosin_frac	1094	-0.0851731023963525
SharedInjury_up	28-12557__V14B09-279_XY02_25-0275	28-12557	eosin_mean	1094	-0.057038221247615255
SharedInjury_up	28-12557__V14B09-279_XY02_25-0275	28-12557	hema_mean	1094	0.13009708582194696
SharedInjury_up	28-12557__V14B09-279_XY02_25-0275	28-12557	white_frac	1094	-0.08467290704871537
SharedInjury_up	28-12579__V13L19-378_XY01_25-0265	28-12579	hema_frac	1114	0.15046804353264887
SharedInjury_up	28-12579__V13L19-378_XY01_25-0265	28-12579	nuclei_per_1e4px_tissue	1114	-0.04966211185048379
SharedInjury_up	28-12579__V13L19-378_XY01_25-0265	28-12579	eosin_frac	1114	-0.07009485831867292
SharedInjury_up	28-12579__V13L19-378_XY01_25-0265	28-12579	eosin_mean	1114	0.06933885582101959
SharedInjury_up	28-12579__V13L19-378_XY01_25-0265	28-12579	hema_mean	1114	0.1853256811840204
SharedInjury_up	28-12579__V13L19-378_XY01_25-0265	28-12579	white_frac	1114	-0.27660306944517576
SharedInjury_up	28-12613__V14B09-329_XY03_25-0284	28-12613	hema_frac	894	0.02085317568086413
SharedInjury_up	28-12613__V14B09-329_XY03_25-0284	28-12613	nuclei_per_1e4px_tissue	894	-0.11616952541759
SharedInjury_up	28-12613__V14B09-329_XY03_25-0284	28-12613	eosin_frac	894	-0.2628607864121014
SharedInjury_up	28-12613__V14B09-329_XY03_25-0284	28-12613	eosin_mean	894	-0.2721190965145952
SharedInjury_up	28-12613__V14B09-329_XY03_25-0284	28-12613	hema_mean	894	0.03841657866893704
SharedInjury_up	28-12613__V14B09-329_XY03_25-0284	28-12613	white_frac	894	-0.16120272851953826
SharedInjury_up	28-12626__V13L19-321_XY04_25_0248	28-12626	hema_frac	459	0.18443434458836994
SharedInjury_up	28-12626__V13L19-321_XY04_25_0248	28-12626	nuclei_per_1e4px_tissue	459	-0.14908639647329114
SharedInjury_up	28-12626__V13L19-321_XY04_25_0248	28-12626	eosin_frac	459	0.05129904925962142
SharedInjury_up	28-12626__V13L19-321_XY04_25_0248	28-12626	eosin_mean	459	0.09889430232128402
SharedInjury_up	28-12626__V13L19-321_XY04_25_0248	28-12626	hema_mean	459	0.220903243091169
SharedInjury_up	28-12626__V13L19-321_XY04_25_0248	28-12626	white_frac	459	-0.24135450246055182
SharedInjury_up	28-12629__V13L19-330_XY03_25_0259	28-12629	hema_frac	490	0.2391943990642905
SharedInjury_up	28-12629__V13L19-330_XY03_25_0259	28-12629	nuclei_per_1e4px_tissue	490	-0.2558792641540987
SharedInjury_up	28-12629__V13L19-330_XY03_25_0259	28-12629	eosin_frac	490	-0.14596226016232014
SharedInjury_up	28-12629__V13L19-330_XY03_25_0259	28-12629	eosin_mean	490	-0.10928921586257756
SharedInjury_up	28-12629__V13L19-330_XY03_25_0259	28-12629	hema_mean	490	0.1653846718595599
SharedInjury_up	28-12629__V13L19-330_XY03_25_0259	28-12629	white_frac	490	-0.2211167978242637
SharedInjury_up	28-12636__V14B09-330_XY02_25-0287	28-12636	hema_frac	791	0.19498090356286252
SharedInjury_up	28-12636__V14B09-330_XY02_25-0287	28-12636	nuclei_per_1e4px_tissue	791	-0.06883953430284419
SharedInjury_up	28-12636__V14B09-330_XY02_25-0287	28-12636	eosin_frac	791	0.09838856081207328
SharedInjury_up	28-12636__V14B09-330_XY02_25-0287	28-12636	eosin_mean	791	0.18148512285818144
SharedInjury_up	28-12636__V14B09-330_XY02_25-0287	28-12636	hema_mean	791	0.16613810816770366
SharedInjury_up	28-12636__V14B09-330_XY02_25-0287	28-12636	white_frac	791	-0.20616505588842557
SharedInjury_up	29-10394__V14Y20-296_XY04_24-0182_fl	29-10394	hema_frac	1334	-0.030819595365209545
SharedInjury_up	29-10394__V14Y20-296_XY04_24-0182_fl	29-10394	nuclei_per_1e4px_tissue	1334	0.009661327153485192
SharedInjury_up	29-10394__V14Y20-296_XY04_24-0182_fl	29-10394	eosin_frac	1334	0.10352278563732156
SharedInjury_up	29-10394__V14Y20-296_XY04_24-0182_fl	29-10394	eosin_mean	1334	0.12288534435401555
SharedInjury_up	29-10394__V14Y20-296_XY04_24-0182_fl	29-10394	hema_mean	1334	-0.006584756903557934
SharedInjury_up	29-10394__V14Y20-296_XY04_24-0182_fl	29-10394	white_frac	1334	-0.2083062157887512
SharedInjury_up	29-10398__V13L17-315_XY04_25-0222	29-10398	hema_frac	690	0.21985295531854016
SharedInjury_up	29-10398__V13L17-315_XY04_25-0222	29-10398	nuclei_per_1e4px_tissue	690	-0.18481916290309902
SharedInjury_up	29-10398__V13L17-315_XY04_25-0222	29-10398	eosin_frac	690	-0.09858801599961839
SharedInjury_up	29-10398__V13L17-315_XY04_25-0222	29-10398	eosin_mean	690	-0.06017788213412514
SharedInjury_up	29-10398__V13L17-315_XY04_25-0222	29-10398	hema_mean	690	0.3308942931455487
SharedInjury_up	29-10398__V13L17-315_XY04_25-0222	29-10398	white_frac	690	-0.2052703732978603
SharedInjury_up	29-10399__V14Y20-298_XY04_24-0183_fl	29-10399	hema_frac	1257	-0.07941817325579364
SharedInjury_up	29-10399__V14Y20-298_XY04_24-0183_fl	29-10399	nuclei_per_1e4px_tissue	1257	-0.04420222643685153
SharedInjury_up	29-10399__V14Y20-298_XY04_24-0183_fl	29-10399	eosin_frac	1257	0.13754682385614284
SharedInjury_up	29-10399__V14Y20-298_XY04_24-0183_fl	29-10399	eosin_mean	1257	0.17808388250388069
SharedInjury_up	29-10399__V14Y20-298_XY04_24-0183_fl	29-10399	hema_mean	1257	-0.09622116452859662
SharedInjury_up	29-10399__V14Y20-298_XY04_24-0183_fl	29-10399	white_frac	1257	-0.24351676962136348
SharedInjury_up	29-10400__V14S09-326_XY02_24-0191	29-10400	hema_frac	1643	-0.001446495629610474
SharedInjury_up	29-10400__V14S09-326_XY02_24-0191	29-10400	nuclei_per_1e4px_tissue	1643	-0.06431018999976171
SharedInjury_up	29-10400__V14S09-326_XY02_24-0191	29-10400	eosin_frac	1643	-0.14397420116588033
SharedInjury_up	29-10400__V14S09-326_XY02_24-0191	29-10400	eosin_mean	1643	-0.3219255197813671
SharedInjury_up	29-10400__V14S09-326_XY02_24-0191	29-10400	hema_mean	1643	0.3413407296462151
SharedInjury_up	29-10400__V14S09-326_XY02_24-0191	29-10400	white_frac	1643	-0.05384788118022548
SharedInjury_up	29-10410__V13U21-399_XY01_24-0211	29-10410	hema_frac	2052	0.09893899349493765
SharedInjury_up	29-10410__V13U21-399_XY01_24-0211	29-10410	nuclei_per_1e4px_tissue	2052	-0.11229426751449369
SharedInjury_up	29-10410__V13U21-399_XY01_24-0211	29-10410	eosin_frac	2052	-0.18873038111852286
SharedInjury_up	29-10410__V13U21-399_XY01_24-0211	29-10410	eosin_mean	2052	-0.1481435097833385
SharedInjury_up	29-10410__V13U21-399_XY01_24-0211	29-10410	hema_mean	2052	0.12630348100362782
SharedInjury_up	29-10410__V13U21-399_XY01_24-0211	29-10410	white_frac	2052	-0.057137395696952586
SharedInjury_up	29-10439__V13U21-356_XY02_25-0232	29-10439	hema_frac	1214	0.19458571987360399
SharedInjury_up	29-10439__V13U21-356_XY02_25-0232	29-10439	nuclei_per_1e4px_tissue	1214	-0.20076302722671802
SharedInjury_up	29-10439__V13U21-356_XY02_25-0232	29-10439	eosin_frac	1214	-0.2274865207138769
SharedInjury_up	29-10439__V13U21-356_XY02_25-0232	29-10439	eosin_mean	1214	-0.18505191528716056
SharedInjury_up	29-10439__V13U21-356_XY02_25-0232	29-10439	hema_mean	1214	0.24013462196528862
SharedInjury_up	29-10439__V13U21-356_XY02_25-0232	29-10439	white_frac	1214	-0.1830286936067878
SharedInjury_up	29-10448__V13L19-323_XY04_25_0256	29-10448	hema_frac	920	0.23050359633153958
SharedInjury_up	29-10448__V13L19-323_XY04_25_0256	29-10448	nuclei_per_1e4px_tissue	920	-0.23003231367094024
SharedInjury_up	29-10448__V13L19-323_XY04_25_0256	29-10448	eosin_frac	920	-0.12734737888162898
SharedInjury_up	29-10448__V13L19-323_XY04_25_0256	29-10448	eosin_mean	920	-0.09958904299039303
SharedInjury_up	29-10448__V13L19-323_XY04_25_0256	29-10448	hema_mean	920	0.19049244023110204
SharedInjury_up	29-10448__V13L19-323_XY04_25_0256	29-10448	white_frac	920	-0.1670033384078351
SharedInjury_up	29-10452__V13L19-322_XY03_25_0251	29-10452	hema_frac	1040	0.10626946401036375
SharedInjury_up	29-10452__V13L19-322_XY03_25_0251	29-10452	nuclei_per_1e4px_tissue	1040	-0.09466847055090596
SharedInjury_up	29-10452__V13L19-322_XY03_25_0251	29-10452	eosin_frac	1040	-0.19080512209524703
SharedInjury_up	29-10452__V13L19-322_XY03_25_0251	29-10452	eosin_mean	1040	-0.15119845182147146
SharedInjury_up	29-10452__V13L19-322_XY03_25_0251	29-10452	hema_mean	1040	0.21894919905590268
SharedInjury_up	29-10452__V13L19-322_XY03_25_0251	29-10452	white_frac	1040	-0.027198033684770417
SharedInjury_up	29-10600__V14B09-329_XY04_25-0285	29-10600	hema_frac	693	-0.014049608138907245
SharedInjury_up	29-10600__V14B09-329_XY04_25-0285	29-10600	nuclei_per_1e4px_tissue	693	0.00046567724027368057
SharedInjury_up	29-10600__V14B09-329_XY04_25-0285	29-10600	eosin_frac	693	-0.2682928731083791
SharedInjury_up	29-10600__V14B09-329_XY04_25-0285	29-10600	eosin_mean	693	-0.23206485516025932
SharedInjury_up	29-10600__V14B09-329_XY04_25-0285	29-10600	hema_mean	693	-0.000940521268611022
SharedInjury_up	29-10600__V14B09-329_XY04_25-0285	29-10600	white_frac	693	-0.09076817870828671
SharedInjury_up	31-10078__V14Y20-295_XY02_24-0172_fl	31-10078	hema_frac	618	-0.00988899059816463
SharedInjury_up	31-10078__V14Y20-295_XY02_24-0172_fl	31-10078	nuclei_per_1e4px_tissue	618	-0.0796817563709935
SharedInjury_up	31-10078__V14Y20-295_XY02_24-0172_fl	31-10078	eosin_frac	618	0.0828669539953321
SharedInjury_up	31-10078__V14Y20-295_XY02_24-0172_fl	31-10078	eosin_mean	618	0.08630745322639789
SharedInjury_up	31-10078__V14Y20-295_XY02_24-0172_fl	31-10078	hema_mean	618	0.02692704071974687
SharedInjury_up	31-10078__V14Y20-295_XY02_24-0172_fl	31-10078	white_frac	618	-0.19762328869187573
SharedInjury_up	31-10090__V13U21-274_XY04_24-0210	31-10090	hema_frac	1417	0.13241804021833453
SharedInjury_up	31-10090__V13U21-274_XY04_24-0210	31-10090	nuclei_per_1e4px_tissue	1417	-0.13717124352982402
SharedInjury_up	31-10090__V13U21-274_XY04_24-0210	31-10090	eosin_frac	1417	-0.15472053252694615
SharedInjury_up	31-10090__V13U21-274_XY04_24-0210	31-10090	eosin_mean	1417	-0.27833431518470475
SharedInjury_up	31-10090__V13U21-274_XY04_24-0210	31-10090	hema_mean	1417	0.1318115321699118
SharedInjury_up	31-10090__V13U21-274_XY04_24-0210	31-10090	white_frac	1417	-0.1279199200848388
SharedInjury_up	31-10100__V14S09-326_XY03_24-0193	31-10100	hema_frac	420	-0.001465738182441327
SharedInjury_up	31-10100__V14S09-326_XY03_24-0193	31-10100	nuclei_per_1e4px_tissue	420	0.13216891421112792
SharedInjury_up	31-10100__V14S09-326_XY03_24-0193	31-10100	eosin_frac	420	-0.28274098209552495
SharedInjury_up	31-10100__V14S09-326_XY03_24-0193	31-10100	eosin_mean	420	-0.42738797610010804
SharedInjury_up	31-10100__V14S09-326_XY03_24-0193	31-10100	hema_mean	420	0.22758235704705995
SharedInjury_up	31-10100__V14S09-326_XY03_24-0193	31-10100	white_frac	420	0.168377734229054
SharedInjury_up	31-10169__V14S09-325_XY02_24-0176	31-10169	hema_frac	191	0.10714069395720192
SharedInjury_up	31-10169__V14S09-325_XY02_24-0176	31-10169	nuclei_per_1e4px_tissue	191	-0.2199783299729208
SharedInjury_up	31-10169__V14S09-325_XY02_24-0176	31-10169	eosin_frac	191	-0.2935728726817658
SharedInjury_up	31-10169__V14S09-325_XY02_24-0176	31-10169	eosin_mean	191	-0.37633186991448675
SharedInjury_up	31-10169__V14S09-325_XY02_24-0176	31-10169	hema_mean	191	0.26310466602541294
SharedInjury_up	31-10169__V14S09-325_XY02_24-0176	31-10169	white_frac	191	-0.4083366598296502
SharedInjury_up	31-10177__V14Y20-296_XY03_24-0185_fl	31-10177	hema_frac	634	-0.04918344786809707
SharedInjury_up	31-10177__V14Y20-296_XY03_24-0185_fl	31-10177	nuclei_per_1e4px_tissue	634	-0.2750420847910415
SharedInjury_up	31-10177__V14Y20-296_XY03_24-0185_fl	31-10177	eosin_frac	634	0.012551747394359176
SharedInjury_up	31-10177__V14Y20-296_XY03_24-0185_fl	31-10177	eosin_mean	634	0.1399828800052089
SharedInjury_up	31-10177__V14Y20-296_XY03_24-0185_fl	31-10177	hema_mean	634	-0.03454371682903744
SharedInjury_up	31-10177__V14Y20-296_XY03_24-0185_fl	31-10177	white_frac	634	-0.36618961446427717
SharedInjury_up	31-10210__V14Y20-298_XY01_24-0192_fl	31-10210	hema_frac	1308	-0.18265910341936792
SharedInjury_up	31-10210__V14Y20-298_XY01_24-0192_fl	31-10210	nuclei_per_1e4px_tissue	1308	-0.14616900022210633
SharedInjury_up	31-10210__V14Y20-298_XY01_24-0192_fl	31-10210	eosin_frac	1308	0.1562990608542596
SharedInjury_up	31-10210__V14Y20-298_XY01_24-0192_fl	31-10210	eosin_mean	1308	0.17000439162577272
SharedInjury_up	31-10210__V14Y20-298_XY01_24-0192_fl	31-10210	hema_mean	1308	-0.18798324673838557
SharedInjury_up	31-10210__V14Y20-298_XY01_24-0192_fl	31-10210	white_frac	1308	-0.15681971008790233
SharedInjury_up	31-10219__V14Y20-297_XY04_24-0178	31-10219	hema_frac	1286	-0.01157518753303789
SharedInjury_up	31-10219__V14Y20-297_XY04_24-0178	31-10219	nuclei_per_1e4px_tissue	1286	-0.06008566875847614
SharedInjury_up	31-10219__V14Y20-297_XY04_24-0178	31-10219	eosin_frac	1286	-0.05582953901804935
SharedInjury_up	31-10219__V14Y20-297_XY04_24-0178	31-10219	eosin_mean	1286	-0.11166770685447801
SharedInjury_up	31-10219__V14Y20-297_XY04_24-0178	31-10219	hema_mean	1286	0.0002627484004179628
SharedInjury_up	31-10219__V14Y20-297_XY04_24-0178	31-10219	white_frac	1286	-0.25001198424912513
SharedInjury_up	31-10322__V13L17-316_XY01_25-0223	31-10322	hema_frac	483	-0.004613544588598143
SharedInjury_up	31-10322__V13L17-316_XY01_25-0223	31-10322	nuclei_per_1e4px_tissue	483	0.045732190191226374
SharedInjury_up	31-10322__V13L17-316_XY01_25-0223	31-10322	eosin_frac	483	-0.07594452535642447
SharedInjury_up	31-10322__V13L17-316_XY01_25-0223	31-10322	eosin_mean	483	-0.12937169936035642
SharedInjury_up	31-10322__V13L17-316_XY01_25-0223	31-10322	hema_mean	483	0.031859607001709436
SharedInjury_up	31-10322__V13L17-316_XY01_25-0223	31-10322	white_frac	483	0.11154731323838837
SharedInjury_up	31-10336__V13L17-316_XY03_25-0225	31-10336	hema_frac	1173	0.1258296460001583
SharedInjury_up	31-10336__V13L17-316_XY03_25-0225	31-10336	nuclei_per_1e4px_tissue	1173	-0.08550084141686305
SharedInjury_up	31-10336__V13L17-316_XY03_25-0225	31-10336	eosin_frac	1173	-0.23621082297640283
SharedInjury_up	31-10336__V13L17-316_XY03_25-0225	31-10336	eosin_mean	1173	-0.30783825509441654
SharedInjury_up	31-10336__V13L17-316_XY03_25-0225	31-10336	hema_mean	1173	0.24993456706091743
SharedInjury_up	31-10336__V13L17-316_XY03_25-0225	31-10336	white_frac	1173	-0.06893882904346134
SharedInjury_up	31-10340__V14B09-280_XY03_25-0280	31-10340	hema_frac	1164	0.15391555130754436
SharedInjury_up	31-10340__V14B09-280_XY03_25-0280	31-10340	nuclei_per_1e4px_tissue	1164	0.04970486852658548
SharedInjury_up	31-10340__V14B09-280_XY03_25-0280	31-10340	eosin_frac	1164	-0.05182444006227787
SharedInjury_up	31-10340__V14B09-280_XY03_25-0280	31-10340	eosin_mean	1164	-0.03700138822509595
SharedInjury_up	31-10340__V14B09-280_XY03_25-0280	31-10340	hema_mean	1164	0.14956829565929247
SharedInjury_up	31-10340__V14B09-280_XY03_25-0280	31-10340	white_frac	1164	-0.03875805595167836
SharedInjury_up	31-10379__V14B09-279_XY01_25-0274	31-10379	hema_frac	755	0.1247461817903957
SharedInjury_up	31-10379__V14B09-279_XY01_25-0274	31-10379	nuclei_per_1e4px_tissue	755	0.0663715624185976
SharedInjury_up	31-10379__V14B09-279_XY01_25-0274	31-10379	eosin_frac	755	-0.18011607804769797
SharedInjury_up	31-10379__V14B09-279_XY01_25-0274	31-10379	eosin_mean	755	-0.14794659594396886
SharedInjury_up	31-10379__V14B09-279_XY01_25-0274	31-10379	hema_mean	755	0.12376785577550564
SharedInjury_up	31-10379__V14B09-279_XY01_25-0274	31-10379	white_frac	755	-0.03681989094327756
SharedInjury_up	934-10003__V13L19-376_XY02_25-0262	934-10003	hema_frac	1119	0.05231189756750471
SharedInjury_up	934-10003__V13L19-376_XY02_25-0262	934-10003	nuclei_per_1e4px_tissue	1119	0.061789742504554386
SharedInjury_up	934-10003__V13L19-376_XY02_25-0262	934-10003	eosin_frac	1119	-0.14793369564657194
SharedInjury_up	934-10003__V13L19-376_XY02_25-0262	934-10003	eosin_mean	1119	-0.098438053231766
SharedInjury_up	934-10003__V13L19-376_XY02_25-0262	934-10003	hema_mean	1119	0.11138589729267001
SharedInjury_up	934-10003__V13L19-376_XY02_25-0262	934-10003	white_frac	1119	-0.19299073130831548
SharedInjury_up	934-10009__V14B09-279_XY03_25-0276	934-10009	hema_frac	1448	0.015364631420321823
SharedInjury_up	934-10009__V14B09-279_XY03_25-0276	934-10009	nuclei_per_1e4px_tissue	1448	0.019599286839401712
SharedInjury_up	934-10009__V14B09-279_XY03_25-0276	934-10009	eosin_frac	1448	-0.014671549166477196
SharedInjury_up	934-10009__V14B09-279_XY03_25-0276	934-10009	eosin_mean	1448	0.0029100965139019393
SharedInjury_up	934-10009__V14B09-279_XY03_25-0276	934-10009	hema_mean	1448	0.011616665315043392
SharedInjury_up	934-10009__V14B09-279_XY03_25-0276	934-10009	white_frac	1448	-0.11514173677281586
SharedInjury_up	935-10042__V14B09-277_XY02_25-0267	935-10042	hema_frac	677	0.2562164910369588
SharedInjury_up	935-10042__V14B09-277_XY02_25-0267	935-10042	nuclei_per_1e4px_tissue	677	-0.17095917825564366
SharedInjury_up	935-10042__V14B09-277_XY02_25-0267	935-10042	eosin_frac	677	-0.3819757774897413
SharedInjury_up	935-10042__V14B09-277_XY02_25-0267	935-10042	eosin_mean	677	-0.34067134456602094
SharedInjury_up	935-10042__V14B09-277_XY02_25-0267	935-10042	hema_mean	677	0.2645850231164406
SharedInjury_up	935-10042__V14B09-277_XY02_25-0267	935-10042	white_frac	677	0.0768029644713907
SharedInjury_up	935-10061__V14B09-279_XY04_25-0266	935-10061	hema_frac	355	0.3563375422990705
SharedInjury_up	935-10061__V14B09-279_XY04_25-0266	935-10061	nuclei_per_1e4px_tissue	355	-0.22307296938760784
SharedInjury_up	935-10061__V14B09-279_XY04_25-0266	935-10061	eosin_frac	355	-0.38332176102434706
SharedInjury_up	935-10061__V14B09-279_XY04_25-0266	935-10061	eosin_mean	355	-0.3759220658985263
SharedInjury_up	935-10061__V14B09-279_XY04_25-0266	935-10061	hema_mean	355	0.35518801749585066
SharedInjury_up	935-10061__V14B09-279_XY04_25-0266	935-10061	white_frac	355	0.327503264036033
SharedInjury_up	935-10106__V14B09-278_XY02_25-0271	935-10106	hema_frac	1370	0.15594152342044476
SharedInjury_up	935-10106__V14B09-278_XY02_25-0271	935-10106	nuclei_per_1e4px_tissue	1370	-0.2046362181306213
SharedInjury_up	935-10106__V14B09-278_XY02_25-0271	935-10106	eosin_frac	1370	-0.1904808937006097
SharedInjury_up	935-10106__V14B09-278_XY02_25-0271	935-10106	eosin_mean	1370	-0.15143514790650026
SharedInjury_up	935-10106__V14B09-278_XY02_25-0271	935-10106	hema_mean	1370	0.17725813126455478
SharedInjury_up	935-10106__V14B09-278_XY02_25-0271	935-10106	white_frac	1370	-0.0736721825414306
SharedInjury_up	935-10111__V13L19-376_XY04_25-0264	935-10111	hema_frac	321	0.0036382256351786824
SharedInjury_up	935-10111__V13L19-376_XY04_25-0264	935-10111	nuclei_per_1e4px_tissue	321	0.19774802508393108
SharedInjury_up	935-10111__V13L19-376_XY04_25-0264	935-10111	eosin_frac	321	0.29510716013329735
SharedInjury_up	935-10111__V13L19-376_XY04_25-0264	935-10111	eosin_mean	321	0.2945743103976352
SharedInjury_up	935-10111__V13L19-376_XY04_25-0264	935-10111	hema_mean	321	0.05318176637294779
SharedInjury_up	935-10111__V13L19-376_XY04_25-0264	935-10111	white_frac	321	-0.15000981042409234
SharedInjury_up	935-10337__V14B09-280_XY01_25-0278	935-10337	hema_frac	872	0.1849796159257454
SharedInjury_up	935-10337__V14B09-280_XY01_25-0278	935-10337	nuclei_per_1e4px_tissue	872	-0.050484428211635825
SharedInjury_up	935-10337__V14B09-280_XY01_25-0278	935-10337	eosin_frac	872	-0.23404652062210762
SharedInjury_up	935-10337__V14B09-280_XY01_25-0278	935-10337	eosin_mean	872	-0.21732367637732797
SharedInjury_up	935-10337__V14B09-280_XY01_25-0278	935-10337	hema_mean	872	0.18387612343285303
SharedInjury_up	935-10337__V14B09-280_XY01_25-0278	935-10337	white_frac	872	0.059305577398250126
