target	feature	n_sections	mean_partial_rho	t	p_sections	n_positive	fdr_sections
DKDiPT_up	eosin_frac	13	0.003166643468362612	0.1928664677661767	0.8502892198725346	9	0.9725116708452342
DKDiPT_up	eosin_mean	13	-0.0005770937025177293	-0.03518380083758015	0.9725116708452342	9	0.9725116708452342
DKDiPT_up	hema_frac	13	0.03153816767917847	1.7010338361719677	0.11468130906575026	7	0.1720219635986254
DKDiPT_up	hema_mean	13	0.04320159899429513	2.2137009141772515	0.046967154204947514	9	0.12612989167526703
DKDiPT_up	nuclei_per_1e4px_tissue	13	0.03299416051318083	2.056559008420471	0.06214761823931426	8	0.12612989167526703
DKDiPT_up	white_frac	13	-0.019000097183107318	-2.048261528091316	0.06306494583763352	5	0.12612989167526703
SharedInjury_up	eosin_frac	13	0.011454858782615018	0.2669322538628131	0.7940532600895223	6	0.7940532600895223
SharedInjury_up	eosin_mean	13	-0.01999033652580874	-0.436122248940238	0.6704908400441014	3	0.7940532600895223
SharedInjury_up	hema_frac	13	0.012974951475005062	0.3913322877068062	0.7024114105478996	7	0.7940532600895223
SharedInjury_up	hema_mean	13	0.02376622975644637	0.4639557435872177	0.6509828807280669	8	0.7940532600895223
SharedInjury_up	nuclei_per_1e4px_tissue	13	0.025752704876632653	0.8388976643212886	0.41792502882713056	6	0.7940532600895223
SharedInjury_up	white_frac	13	0.013537096830782169	0.5344940043093201	0.6027622358014748	8	0.7940532600895223
