feature	term	beta_sd	se	p_spot_level	n_spots	n_sections
hema_frac	DKDiPT_up	0.018586286755615473	0.004644860613966497	6.29492405496549e-05	34100	13
hema_frac	SharedInjury_up	0.04569878656842068	0.00563202407480218	4.894125688444401e-16	34100	13
nuclei_per_1e4px_tissue	DKDiPT_up	0.011434802582202332	0.003907755823641176	0.003431507352133077	34100	13
nuclei_per_1e4px_tissue	SharedInjury_up	0.047466857883908996	0.004738506062406002	1.2799945334408334e-23	34100	13
eosin_frac	DKDiPT_up	-0.003357156394638954	0.003090711164383051	0.2773868066512716	34100	13
eosin_frac	SharedInjury_up	0.015726243372091026	0.0037478434072255058	2.715767194057374e-05	34100	13
eosin_mean	DKDiPT_up	-0.0005571062402896928	0.0025563631151813743	0.8274842537298727	34100	13
eosin_mean	SharedInjury_up	-0.0015621808433221747	0.0030999028950366918	0.6142999637968026	34100	13
hema_mean	DKDiPT_up	0.02143663937013535	0.0033723961653755272	2.064011896154551e-10	34100	13
hema_mean	SharedInjury_up	0.015519433321196575	0.004089371834267888	0.0001476045765491673	34100	13
white_frac	DKDiPT_up	-0.028795246839360005	0.0054385375450166145	1.1923329443516807e-07	34100	13
white_frac	SharedInjury_up	-0.03926325905289971	0.006593217028918578	2.5991470549107285e-09	34100	13
