held_out	target	features	n_test_spots	pearson_r	alpha	partial_r_given_injury_iPT
163-1	DKDiPT_up	encoder	78	0.45142101169935284	10000.0	0.4089404299273745
163-1	DKDiPT_up	morphology	78	0.5083678449127184	100.0	0.4725216628147444
163-1	SharedInjury_up	encoder	78	0.5092027122382071	1000.0	
163-1	SharedInjury_up	morphology	78	0.37240148407473006	10.0	
163-4	DKDiPT_up	encoder	675	0.1082616781441567	10000.0	0.11485855309469153
163-4	DKDiPT_up	morphology	675	0.050732172628912546	100.0	0.097371915344665
163-4	SharedInjury_up	encoder	675	-0.12338053152774295	1000.0	
163-4	SharedInjury_up	morphology	675	-0.22280236010691085	10.0	
164-1	DKDiPT_up	encoder	1284	0.32919016935542117	10000.0	0.13808364954596158
164-1	DKDiPT_up	morphology	1284	0.077520264429363	100.0	0.019388801816294706
164-1	SharedInjury_up	encoder	1284	0.6672773005317317	1000.0	
164-1	SharedInjury_up	morphology	1284	0.3146388843745185	10.0	
164-10	DKDiPT_up	encoder	349	0.10317541875536868	10000.0	0.09916782918615097
164-10	DKDiPT_up	morphology	349	0.0033535318785051157	100.0	0.0045352007037742295
164-10	SharedInjury_up	encoder	349	0.459057489090844	1000.0	
164-10	SharedInjury_up	morphology	349	0.0012035287448229626	10.0	
164-11	DKDiPT_up	encoder	900	0.16800848131578347	10000.0	0.08975206298965996
164-11	DKDiPT_up	morphology	900	0.10061565009139292	100.0	0.05983076639416568
164-11	SharedInjury_up	encoder	900	0.5705937986780407	1000.0	
164-11	SharedInjury_up	morphology	900	0.3558695698230102	10.0	
164-14	DKDiPT_up	encoder	741	0.11834897608908866	10000.0	0.09470266411582873
164-14	DKDiPT_up	morphology	741	0.07138203810342575	100.0	0.0495270206058422
164-14	SharedInjury_up	encoder	741	0.26127970817183266	1000.0	
164-14	SharedInjury_up	morphology	741	0.2260159378439782	10.0	
164-15	DKDiPT_up	encoder	738	0.09645184607473552	10000.0	0.04423971698111345
164-15	DKDiPT_up	morphology	738	0.05452943010856737	100.0	0.020080519423977105
164-15	SharedInjury_up	encoder	738	0.4381757144999604	1000.0	
164-15	SharedInjury_up	morphology	738	0.268482646707372	10.0	
164-18	DKDiPT_up	encoder	877	0.05217591994221054	10000.0	0.035668252014866786
164-18	DKDiPT_up	morphology	877	0.06686293531263483	100.0	0.05749129759923642
164-18	SharedInjury_up	encoder	877	0.1430974064619901	1000.0	
164-18	SharedInjury_up	morphology	877	-0.02348833671221372	10.0	
164-3	DKDiPT_up	encoder	900	0.14335077144917185	10000.0	0.04330779207560722
164-3	DKDiPT_up	morphology	900	0.07213806913985339	100.0	0.05871058576905114
164-3	SharedInjury_up	encoder	900	0.5459609397623975	1000.0	
164-3	SharedInjury_up	morphology	900	0.24750876351183684	10.0	
164-5	DKDiPT_up	encoder	732	-0.0027046871580356305	10000.0	-0.01057091983639305
164-5	DKDiPT_up	morphology	732	-0.08530338572852952	100.0	-0.09653154386666617
164-5	SharedInjury_up	encoder	732	0.15189035233623657	1000.0	
164-5	SharedInjury_up	morphology	732	0.12863877158447717	10.0	
164-6	DKDiPT_up	encoder	531	0.082326627126552	10000.0	0.07475605819876387
164-6	DKDiPT_up	morphology	531	0.06802800526522929	100.0	0.06504146358952195
164-6	SharedInjury_up	encoder	531	0.22470996972565752	1000.0	
164-6	SharedInjury_up	morphology	531	0.19007214162730135	10.0	
164-7	DKDiPT_up	encoder	888	0.12085376331609003	10000.0	0.06705118170374916
164-7	DKDiPT_up	morphology	888	0.06169540726706231	100.0	0.03935688074832923
164-7	SharedInjury_up	encoder	888	0.4561364576309015	1000.0	
164-7	SharedInjury_up	morphology	888	0.3021889903109113	10.0	
164-8	DKDiPT_up	encoder	245	0.28963045993010217	10000.0	0.12559975053870132
164-8	DKDiPT_up	morphology	245	0.32036423473659675	100.0	0.22877964726906327
164-8	SharedInjury_up	encoder	245	0.6897891865614593	1000.0	
164-8	SharedInjury_up	morphology	245	0.4176000321696053	10.0	
165-13	DKDiPT_up	encoder	829	0.02860943761779882	10000.0	0.014811424935440739
165-13	DKDiPT_up	morphology	829	0.09601634506189034	100.0	0.07321918802609712
165-13	SharedInjury_up	encoder	829	0.16581048481257615	1000.0	
165-13	SharedInjury_up	morphology	829	0.26270784130912783	10.0	
165-14	DKDiPT_up	encoder	594	0.009909533339497525	10000.0	-0.013606264330596779
165-14	DKDiPT_up	morphology	594	0.05716519532939361	100.0	0.045818476888823956
165-14	SharedInjury_up	encoder	594	0.2652634267152245	1000.0	
165-14	SharedInjury_up	morphology	594	0.13536560490254515	10.0	
165-15	DKDiPT_up	encoder	954	0.06649719280070682	10000.0	0.04319627911184583
165-15	DKDiPT_up	morphology	954	0.11605381742222133	100.0	0.10006153433474879
165-15	SharedInjury_up	encoder	954	0.2611355723057653	1000.0	
165-15	SharedInjury_up	morphology	954	0.13231345603584005	10.0	
27-10041	DKDiPT_up	encoder	433	0.2937742601020529	10000.0	0.20690333752775025
27-10041	DKDiPT_up	morphology	433	0.19013573813785872	100.0	0.09069481172099245
27-10041	SharedInjury_up	encoder	433	0.604476690173329	1000.0	
27-10041	SharedInjury_up	morphology	433	0.5117503022565595	10.0	
27-10067	DKDiPT_up	encoder	655	0.09537046963728218	10000.0	0.07986395933601828
27-10067	DKDiPT_up	morphology	655	0.09910896021509104	100.0	0.08238904002056141
27-10067	SharedInjury_up	encoder	655	0.241314231672349	1000.0	
27-10067	SharedInjury_up	morphology	655	0.18942183898537507	10.0	
27-10087	DKDiPT_up	encoder	1051	0.22192651358373594	10000.0	0.16071002112578325
27-10087	DKDiPT_up	morphology	1051	0.1868797229662124	100.0	0.11625823250937557
27-10087	SharedInjury_up	encoder	1051	0.44103798822068974	1000.0	
27-10087	SharedInjury_up	morphology	1051	0.40747652558811603	10.0	
27-10094	DKDiPT_up	encoder	609	0.13454023478072533	10000.0	0.0859766358806073
27-10094	DKDiPT_up	morphology	609	0.10793866886412541	100.0	0.0745427139731629
27-10094	SharedInjury_up	encoder	609	0.3199148771393224	1000.0	
27-10094	SharedInjury_up	morphology	609	0.2950339887830914	10.0	
27-10146	DKDiPT_up	encoder	396	0.20641877675633652	10000.0	0.17508155567434436
27-10146	DKDiPT_up	morphology	396	0.0929534015659923	100.0	0.08208302734418502
27-10146	SharedInjury_up	encoder	396	0.41226809246771545	1000.0	
27-10146	SharedInjury_up	morphology	396	0.17630519087271473	10.0	
27-10155	DKDiPT_up	encoder	964	0.16488445416624015	10000.0	0.09299149640234443
27-10155	DKDiPT_up	morphology	964	-0.004177795325935759	100.0	-0.0064018167210585925
27-10155	SharedInjury_up	encoder	964	0.41992033195038236	1000.0	
27-10155	SharedInjury_up	morphology	964	0.13122371835269492	10.0	
27-10157	DKDiPT_up	encoder	968	0.2509465500215805	10000.0	0.19826262835473374
27-10157	DKDiPT_up	morphology	968	0.2139216356287627	100.0	0.16648845034733809
27-10157	SharedInjury_up	encoder	968	0.5883320290880417	1000.0	
27-10157	SharedInjury_up	morphology	968	0.3776263437520415	10.0	
27-10163	DKDiPT_up	encoder	887	0.1185869033634532	10000.0	0.1088694480623949
27-10163	DKDiPT_up	morphology	887	0.09482951367780187	100.0	0.09240394322910682
27-10163	SharedInjury_up	encoder	887	0.14184358320701418	1000.0	
27-10163	SharedInjury_up	morphology	887	0.3115828481288216	10.0	
27-10165	DKDiPT_up	encoder	853	0.18343531303201074	10000.0	0.1578158413779172
27-10165	DKDiPT_up	morphology	853	0.14497750073979782	100.0	0.10806292760019715
27-10165	SharedInjury_up	encoder	853	0.38691293187145903	1000.0	
27-10165	SharedInjury_up	morphology	853	0.36067728854228764	10.0	
27-10166	DKDiPT_up	encoder	1058	0.12742183472940333	10000.0	0.12171582526564823
27-10166	DKDiPT_up	morphology	1058	0.01853839559611005	100.0	0.011989577177616933
27-10166	SharedInjury_up	encoder	1058	0.2944108286584248	1000.0	
27-10166	SharedInjury_up	morphology	1058	0.12430658572450896	10.0	
27-10170	DKDiPT_up	encoder	385	0.11510410708860866	10000.0	0.04398210592512601
27-10170	DKDiPT_up	morphology	385	0.012735221139238383	100.0	-0.023252359216547246
27-10170	SharedInjury_up	encoder	385	0.44424037004730554	1000.0	
27-10170	SharedInjury_up	morphology	385	0.2499486729403872	10.0	
27-10201	DKDiPT_up	encoder	947	0.255021797046481	10000.0	0.19221782393628278
27-10201	DKDiPT_up	morphology	947	0.1672831768828814	100.0	0.11935601883502753
27-10201	SharedInjury_up	encoder	947	0.567708443878067	1000.0	
27-10201	SharedInjury_up	morphology	947	0.34116317808426333	10.0	
27-10206	DKDiPT_up	encoder	1158	0.1326863414038612	10000.0	0.06824015623819313
27-10206	DKDiPT_up	morphology	1158	0.06051997167058742	100.0	0.036219632833350446
27-10206	SharedInjury_up	encoder	1158	0.6194039203311122	1000.0	
27-10206	SharedInjury_up	morphology	1158	0.28577263256210106	10.0	
27-10207	DKDiPT_up	encoder	509	0.19465067877082926	10000.0	0.09962991756162431
27-10207	DKDiPT_up	morphology	509	0.17539747727106342	100.0	0.10319087892189396
27-10207	SharedInjury_up	encoder	509	0.5606915386587308	1000.0	
27-10207	SharedInjury_up	morphology	509	0.4530928350128882	10.0	
27-10211	DKDiPT_up	encoder	990	0.23560461637559932	10000.0	0.1967796720692151
27-10211	DKDiPT_up	morphology	990	0.20698272264892498	100.0	0.18170093911574425
27-10211	SharedInjury_up	encoder	990	0.5701646845541914	1000.0	
27-10211	SharedInjury_up	morphology	990	0.3653251424324586	10.0	
27-10228	DKDiPT_up	encoder	765	0.1842366950082402	10000.0	0.11093744616447455
27-10228	DKDiPT_up	morphology	765	0.1814705482807598	100.0	0.12848790924233652
27-10228	SharedInjury_up	encoder	765	0.6218589835143735	1000.0	
27-10228	SharedInjury_up	morphology	765	0.45217038732156234	10.0	
27-10229	DKDiPT_up	encoder	864	0.2799147874597992	10000.0	0.2018525666780232
27-10229	DKDiPT_up	morphology	864	0.07147871567413913	100.0	0.03130215593958258
27-10229	SharedInjury_up	encoder	864	0.6591990879433037	1000.0	
27-10229	SharedInjury_up	morphology	864	0.353525174436744	10.0	
27-10231	DKDiPT_up	encoder	819	0.19323131865142726	10000.0	0.1622151460151448
27-10231	DKDiPT_up	morphology	819	0.09623081476578427	100.0	0.06032592794354444
27-10231	SharedInjury_up	encoder	819	0.3144339068549269	1000.0	
27-10231	SharedInjury_up	morphology	819	0.28074659192755214	10.0	
27-10233	DKDiPT_up	encoder	1198	0.09889795927840678	10000.0	0.047154597929743365
27-10233	DKDiPT_up	morphology	1198	0.03714697324115346	100.0	0.022155192216911868
27-10233	SharedInjury_up	encoder	1198	0.5560076077041961	1000.0	
27-10233	SharedInjury_up	morphology	1198	0.35311787418332063	10.0	
27-10243	DKDiPT_up	encoder	644	0.052472479834417066	10000.0	-0.0008367290336601385
27-10243	DKDiPT_up	morphology	644	0.04905961026325838	100.0	0.020152242678895878
27-10243	SharedInjury_up	encoder	644	0.4736475852703355	1000.0	
27-10243	SharedInjury_up	morphology	644	0.31950371726209503	10.0	
27-10262	DKDiPT_up	encoder	945	0.2368129618437333	10000.0	0.1865254730269626
27-10262	DKDiPT_up	morphology	945	0.16594735933959098	100.0	0.13096060192627185
27-10262	SharedInjury_up	encoder	945	0.611771600053275	1000.0	
27-10262	SharedInjury_up	morphology	945	0.3661167568452125	10.0	
27-10371	DKDiPT_up	encoder	1015	0.10988195131866169	10000.0	0.056673503454548774
27-10371	DKDiPT_up	morphology	1015	0.10474903617625725	100.0	0.07895941285011698
27-10371	SharedInjury_up	encoder	1015	0.5495685439793068	1000.0	
27-10371	SharedInjury_up	morphology	1015	0.31491314610801985	10.0	
27-10410	DKDiPT_up	encoder	1234	0.15177791248842787	10000.0	0.13950642487376796
27-10410	DKDiPT_up	morphology	1234	0.1157916717134571	100.0	0.10171059971747615
27-10410	SharedInjury_up	encoder	1234	0.3494790139864439	1000.0	
27-10410	SharedInjury_up	morphology	1234	0.2437078385596951	10.0	
28-12178	DKDiPT_up	encoder	492	0.17581773529296496	10000.0	0.05245142186993941
28-12178	DKDiPT_up	morphology	492	0.10982319906438431	100.0	0.017514954817827198
28-12178	SharedInjury_up	encoder	492	0.6964144046089467	1000.0	
28-12178	SharedInjury_up	morphology	492	0.517379868923476	10.0	
28-12372	DKDiPT_up	encoder	1147	0.16781513515437713	10000.0	0.12078116833494884
28-12372	DKDiPT_up	morphology	1147	0.1105594836805748	100.0	0.09176215072100204
28-12372	SharedInjury_up	encoder	1147	0.5128737793996447	1000.0	
28-12372	SharedInjury_up	morphology	1147	0.2605035506409643	10.0	
28-12518	DKDiPT_up	encoder	690	0.13198072893107068	10000.0	0.0743360187485113
28-12518	DKDiPT_up	morphology	690	0.20110014481250774	100.0	0.11846809579992129
28-12518	SharedInjury_up	encoder	690	0.4966203789394879	1000.0	
28-12518	SharedInjury_up	morphology	690	0.48538298796116675	10.0	
28-12545	DKDiPT_up	encoder	663	0.18729860050766808	10000.0	0.1194560966577683
28-12545	DKDiPT_up	morphology	663	0.1931366862035621	100.0	0.1546462165924629
28-12545	SharedInjury_up	encoder	663	0.5897805549778696	1000.0	
28-12545	SharedInjury_up	morphology	663	0.4654403557141982	10.0	
28-12546	DKDiPT_up	encoder	1400	0.11810778107169753	10000.0	0.08402195989191748
28-12546	DKDiPT_up	morphology	1400	0.019882541329991565	100.0	0.0039771764579166445
28-12546	SharedInjury_up	encoder	1400	0.3900435928468725	1000.0	
28-12546	SharedInjury_up	morphology	1400	0.06584641017474413	10.0	
28-12557	DKDiPT_up	encoder	1094	0.12433630197104419	10000.0	0.08134961042959493
28-12557	DKDiPT_up	morphology	1094	0.05190300126249891	100.0	0.03939259630028698
28-12557	SharedInjury_up	encoder	1094	0.37559267335016855	1000.0	
28-12557	SharedInjury_up	morphology	1094	0.09484464806617088	10.0	
28-12579	DKDiPT_up	encoder	1114	0.1751918567377843	10000.0	0.11043052131861884
28-12579	DKDiPT_up	morphology	1114	0.15118591242645696	100.0	0.08829485188722316
28-12579	SharedInjury_up	encoder	1114	0.41445277091282384	1000.0	
28-12579	SharedInjury_up	morphology	1114	0.26816857863833377	10.0	
28-12613	DKDiPT_up	encoder	894	0.1436203615733004	10000.0	0.10834394639213688
28-12613	DKDiPT_up	morphology	894	0.11127139795822147	100.0	0.06814154445467072
28-12613	SharedInjury_up	encoder	894	0.5149419228022244	1000.0	
28-12613	SharedInjury_up	morphology	894	0.36830820736174924	10.0	
28-12626	DKDiPT_up	encoder	459	0.27361537448757045	10000.0	0.18431069887849663
28-12626	DKDiPT_up	morphology	459	0.0942445844904718	100.0	0.026391588103315166
28-12626	SharedInjury_up	encoder	459	0.5219231203952018	1000.0	
28-12626	SharedInjury_up	morphology	459	0.2338107583232604	10.0	
28-12629	DKDiPT_up	encoder	490	0.2782414688032494	10000.0	0.24628305046115145
28-12629	DKDiPT_up	morphology	490	0.11061647902337862	100.0	0.07918005954319973
28-12629	SharedInjury_up	encoder	490	0.5647923034951159	1000.0	
28-12629	SharedInjury_up	morphology	490	0.3938628659543283	10.0	
28-12636	DKDiPT_up	encoder	791	0.2192843638347151	10000.0	0.13758361355156606
28-12636	DKDiPT_up	morphology	791	0.13855755760055938	100.0	0.07957215536240465
28-12636	SharedInjury_up	encoder	791	0.3979847373514599	1000.0	
28-12636	SharedInjury_up	morphology	791	0.12285206604970883	10.0	
29-10394	DKDiPT_up	encoder	1334	0.04385527130016385	10000.0	0.026165922876442572
29-10394	DKDiPT_up	morphology	1334	0.09186919006311012	100.0	0.0659768869553358
29-10394	SharedInjury_up	encoder	1334	0.18537608859935412	1000.0	
29-10394	SharedInjury_up	morphology	1334	0.16780042898951478	10.0	
29-10398	DKDiPT_up	encoder	690	0.18430042611556727	10000.0	0.1299142136226027
29-10398	DKDiPT_up	morphology	690	0.19381161348408615	100.0	0.13057762393377553
29-10398	SharedInjury_up	encoder	690	0.4422073229374209	1000.0	
29-10398	SharedInjury_up	morphology	690	0.3845385197512844	10.0	
29-10399	DKDiPT_up	encoder	1257	0.06264433566517846	10000.0	0.04381521865042997
29-10399	DKDiPT_up	morphology	1257	0.086290304143696	100.0	0.0646597431887814
29-10399	SharedInjury_up	encoder	1257	0.16558776294148503	1000.0	
29-10399	SharedInjury_up	morphology	1257	0.08823065508795681	10.0	
29-10400	DKDiPT_up	encoder	1643	0.17017845505892176	10000.0	0.09182376603677174
29-10400	DKDiPT_up	morphology	1643	0.0418483993009368	100.0	0.0033978036366213507
29-10400	SharedInjury_up	encoder	1643	0.6433950098594443	1000.0	
29-10400	SharedInjury_up	morphology	1643	0.2892484766697997	10.0	
29-10410	DKDiPT_up	encoder	2052	0.19055641228135592	10000.0	0.13215820824119245
29-10410	DKDiPT_up	morphology	2052	0.10008228776964244	100.0	0.05349165194863438
29-10410	SharedInjury_up	encoder	2052	0.24703328948603837	1000.0	
29-10410	SharedInjury_up	morphology	2052	0.1678343886644308	10.0	
29-10439	DKDiPT_up	encoder	1214	0.16180655025645724	10000.0	0.11060564702997477
29-10439	DKDiPT_up	morphology	1214	0.13306870985088481	100.0	0.09333093456956588
29-10439	SharedInjury_up	encoder	1214	0.48428586641758853	1000.0	
29-10439	SharedInjury_up	morphology	1214	0.35883322901451375	10.0	
29-10448	DKDiPT_up	encoder	920	0.16954877902548515	10000.0	0.07967094644068798
29-10448	DKDiPT_up	morphology	920	0.08502915701103846	100.0	0.011763097109828894
29-10448	SharedInjury_up	encoder	920	0.406821642888165	1000.0	
29-10448	SharedInjury_up	morphology	920	0.3142323743141736	10.0	
29-10452	DKDiPT_up	encoder	1040	0.0709088780408741	10000.0	0.029489175573731815
29-10452	DKDiPT_up	morphology	1040	0.06461231465143025	100.0	0.03841751954177162
29-10452	SharedInjury_up	encoder	1040	0.3720411714322607	1000.0	
29-10452	SharedInjury_up	morphology	1040	0.228049128796684	10.0	
29-10600	DKDiPT_up	encoder	693	0.10649438799226416	10000.0	0.062472749482277795
29-10600	DKDiPT_up	morphology	693	0.05866628868533955	100.0	0.011101119752204285
29-10600	SharedInjury_up	encoder	693	0.41417888153155324	1000.0	
29-10600	SharedInjury_up	morphology	693	0.31164340393430956	10.0	
31-10078	DKDiPT_up	encoder	618	0.11144387520473444	10000.0	0.036590864857811545
31-10078	DKDiPT_up	morphology	618	0.04989221358613217	100.0	0.01613085793852887
31-10078	SharedInjury_up	encoder	618	0.4009815872921967	1000.0	
31-10078	SharedInjury_up	morphology	618	0.1294778034006079	10.0	
31-10090	DKDiPT_up	encoder	1417	0.16796726334646897	10000.0	0.11746073031383829
31-10090	DKDiPT_up	morphology	1417	0.12284571867609881	100.0	0.07120916160763378
31-10090	SharedInjury_up	encoder	1417	0.4441448636133277	1000.0	
31-10090	SharedInjury_up	morphology	1417	0.36537075931909646	10.0	
31-10100	DKDiPT_up	encoder	420	0.2737730398084723	10000.0	0.22155716581195756
31-10100	DKDiPT_up	morphology	420	0.09850869993868684	100.0	0.07696179089678493
31-10100	SharedInjury_up	encoder	420	0.6432019886534812	1000.0	
31-10100	SharedInjury_up	morphology	420	0.176156711864198	10.0	
31-10169	DKDiPT_up	encoder	191	0.33830396221699227	10000.0	0.150179897622013
31-10169	DKDiPT_up	morphology	191	0.2850786891738585	100.0	0.07242499817049021
31-10169	SharedInjury_up	encoder	191	0.6877022909659913	1000.0	
31-10169	SharedInjury_up	morphology	191	0.5888314707097896	10.0	
31-10177	DKDiPT_up	encoder	634	0.2458737031434412	10000.0	0.16117039787305676
31-10177	DKDiPT_up	morphology	634	0.23130964087601807	100.0	0.1301561462719591
31-10177	SharedInjury_up	encoder	634	0.5313065035417514	1000.0	
31-10177	SharedInjury_up	morphology	634	0.5212768490993325	10.0	
31-10210	DKDiPT_up	encoder	1308	-0.001184159397681156	10000.0	-0.007762426956265112
31-10210	DKDiPT_up	morphology	1308	0.017044093812711155	100.0	0.009023473938478637
31-10210	SharedInjury_up	encoder	1308	0.12705627070235676	1000.0	
31-10210	SharedInjury_up	morphology	1308	-0.02461788838347991	10.0	
31-10219	DKDiPT_up	encoder	1286	0.13301318764554537	10000.0	0.08520367771815748
31-10219	DKDiPT_up	morphology	1286	0.1127762885940094	100.0	0.053502629510454786
31-10219	SharedInjury_up	encoder	1286	0.37165737199054577	1000.0	
31-10219	SharedInjury_up	morphology	1286	0.39699913638988205	10.0	
31-10322	DKDiPT_up	encoder	483	0.060267045678050066	10000.0	0.01755148734794888
31-10322	DKDiPT_up	morphology	483	0.07914587676579711	100.0	0.08035287432071794
31-10322	SharedInjury_up	encoder	483	0.38164472073713196	1000.0	
31-10322	SharedInjury_up	morphology	483	0.12516460019440717	10.0	
31-10336	DKDiPT_up	encoder	1173	0.11022285723713476	10000.0	0.07096781195343703
31-10336	DKDiPT_up	morphology	1173	0.06703154880208152	100.0	0.03652587351402656
31-10336	SharedInjury_up	encoder	1173	0.5393218854807167	1000.0	
31-10336	SharedInjury_up	morphology	1173	0.37947154663961846	10.0	
31-10340	DKDiPT_up	encoder	1164	0.1498505459077211	10000.0	0.09528648980731813
31-10340	DKDiPT_up	morphology	1164	0.02793124836676642	100.0	0.01105158958142408
31-10340	SharedInjury_up	encoder	1164	0.3636334206486292	1000.0	
31-10340	SharedInjury_up	morphology	1164	0.07945290979825849	10.0	
31-10379	DKDiPT_up	encoder	755	0.11732171364614548	10000.0	0.07986617763460382
31-10379	DKDiPT_up	morphology	755	0.09375786609071476	100.0	0.08477179403010887
31-10379	SharedInjury_up	encoder	755	0.3079904847107756	1000.0	
31-10379	SharedInjury_up	morphology	755	0.07172597543879261	10.0	
934-10003	DKDiPT_up	encoder	1119	0.21683376221198403	10000.0	0.17164605167829836
934-10003	DKDiPT_up	morphology	1119	0.2137294984846198	100.0	0.16580476857719118
934-10003	SharedInjury_up	encoder	1119	0.4420372137613015	1000.0	
934-10003	SharedInjury_up	morphology	1119	0.428235461790334	10.0	
934-10009	DKDiPT_up	encoder	1448	0.07814239064866337	10000.0	0.03808273654216042
934-10009	DKDiPT_up	morphology	1448	0.015379303497326564	100.0	-0.006627465623787684
934-10009	SharedInjury_up	encoder	1448	0.23540167942233411	1000.0	
934-10009	SharedInjury_up	morphology	1448	0.11397978009934151	10.0	
935-10042	DKDiPT_up	encoder	677	0.13332332461337976	10000.0	0.09134385338978135
935-10042	DKDiPT_up	morphology	677	0.07248881164777267	100.0	0.0645053472877035
935-10042	SharedInjury_up	encoder	677	0.40804766122036795	1000.0	
935-10042	SharedInjury_up	morphology	677	0.08347679010321366	10.0	
935-10061	DKDiPT_up	encoder	355	0.09279593780544414	10000.0	0.03978788467248517
935-10061	DKDiPT_up	morphology	355	-0.1911217904665725	100.0	-0.12953732398016116
935-10061	SharedInjury_up	encoder	355	0.3272016066192665	1000.0	
935-10061	SharedInjury_up	morphology	355	-0.30139617963238513	10.0	
935-10106	DKDiPT_up	encoder	1370	0.15432613025685893	10000.0	0.10827124704427887
935-10106	DKDiPT_up	morphology	1370	0.00848213332294408	100.0	-0.007262206116276762
935-10106	SharedInjury_up	encoder	1370	0.37671158582905956	1000.0	
935-10106	SharedInjury_up	morphology	1370	0.18880444563785337	10.0	
935-10111	DKDiPT_up	encoder	321	0.3273663882465073	10000.0	0.2032741288322933
935-10111	DKDiPT_up	morphology	321	0.07958534774765058	100.0	0.07799265440912988
935-10111	SharedInjury_up	encoder	321	0.5104510633081885	1000.0	
935-10111	SharedInjury_up	morphology	321	-0.1590175338438632	10.0	
935-10337	DKDiPT_up	encoder	872	0.16957648409076642	10000.0	0.11163640021468293
935-10337	DKDiPT_up	morphology	872	0.0367554015378783	100.0	0.027918328410329665
935-10337	SharedInjury_up	encoder	872	0.3502249197680212	1000.0	
935-10337	SharedInjury_up	morphology	872	0.09071088997693984	10.0	
